"統計名：","法人企業統計調査 時系列データ"
"表番号：","1"
"表題：","[時系列データ] 金融業、保険業以外の業種(原数値)"
"実施年月：","2024年度","-"

"*","計算結果が値を持たない項目"
"***","数字が得られないもの"

"","","","","","","","","","/調査項目 (金融業、保険業以外の業種) コード","045","046","047","048"
"","","","","","","","","","/調査項目 (金融業、保険業以外の業種) 補助コード","-","-","-","-"
"業種 (金融業、保険業以外の業種) コード","業種 (金融業、保険業以外の業種) 補助コード","業種 (金融業、保険業以外の業種)","規模 (金融業、保険業以外の業種) コード","規模 (金融業、保険業以外の業種) 補助コード","規模 (金融業、保険業以外の業種)","年  期 コード","年  期 補助コード","年  期","/調査項目 (金融業、保険業以外の業種)","売上高(当期末)【百万円】","売上原価(当期末)【百万円】","販売費及び一般管理費(当期末)【百万円】","営業利益(当期末)【百万円】"
"104","","全産業（除く金融保険業）","26","","全規模","20000","","2000年度","","1,435,027,843","1,111,274,390","286,088,505","37,664,948"
"104","","全産業（除く金融保険業）","26","","全規模","20010","","2001年度","","1,338,206,537","1,034,216,577","274,428,692","29,561,268"
"104","","全産業（除く金融保険業）","26","","全規模","20020","","2002年度","","1,326,801,955","1,022,520,288","272,239,390","32,042,277"
"104","","全産業（除く金融保険業）","26","","全規模","20030","","2003年度","","1,334,673,656","1,029,784,252","268,169,237","36,720,167"
"104","","全産業（除く金融保険業）","26","","全規模","20040","","2004年度","","1,420,355,876","1,089,373,056","287,407,765","43,575,055"
"104","","全産業（除く金融保険業）","26","","全規模","20050","","2005年度","","1,508,120,690","1,165,783,389","294,633,861","47,703,440"
"104","","全産業（除く金融保険業）","26","","全規模","20060","","2006年度","","1,566,432,850","1,219,550,893","297,596,502","49,285,455"
"104","","全産業（除く金融保険業）","26","","全規模","20070","","2007年度","","1,580,171,337","1,240,274,043","290,445,025","49,452,269"
"104","","全産業（除く金融保険業）","26","","全規模","20080","","2008年度","","1,508,207,183","1,183,911,291","294,941,333","29,354,559"
"104","","全産業（除く金融保険業）","26","","全規模","20090","","2009年度","","1,368,019,602","1,044,304,289","296,180,326","27,534,987"
"104","","全産業（除く金融保険業）","26","","全規模","20100","","2010年度","","1,385,742,617","1,056,491,243","290,169,865","39,081,509"
"104","","全産業（除く金融保険業）","26","","全規模","20110","","2011年度","","1,381,046,925","1,051,424,173","290,657,375","38,965,377"
"104","","全産業（除く金融保険業）","26","","全規模","20120","","2012年度","","1,374,510,498","1,051,611,531","282,874,845","40,024,122"
"104","","全産業（除く金融保険業）","26","","全規模","20130","","2013年度","","1,409,157,152","1,076,895,004","283,616,917","48,645,231"
"104","","全産業（除く金融保険業）","26","","全規模","20140","","2014年度","","1,447,842,502","1,102,847,324","291,631,659","53,363,519"
"104","","全産業（除く金融保険業）","26","","全規模","20150","","2015年度","","1,431,534,143","1,074,639,887","300,400,501","56,493,755"
"104","","全産業（除く金融保険業）","26","","全規模","20160","","2016年度","","1,455,756,301","1,086,792,811","310,235,157","58,728,333"
"104","","全産業（除く金融保険業）","26","","全規模","20170","","2017年度","","1,544,142,808","1,157,919,796","318,778,980","67,444,032"
"104","","全産業（除く金融保険業）","26","","全規模","20180","","2018年度","","1,535,211,424","1,153,726,994","313,754,914","67,729,516"
"104","","全産業（除く金融保険業）","26","","全規模","20190","","2019年度","","1,481,898,587","1,111,391,760","315,344,185","55,162,642"
"104","","全産業（除く金融保険業）","26","","全規模","20200","","2020年度","","1,362,469,609","1,016,235,677","304,601,911","41,632,021"
"104","","全産業（除く金融保険業）","26","","全規模","20210","","2021年度","","1,447,887,788","1,072,206,795","321,465,410","54,215,583"
"104","","全産業（除く金融保険業）","26","","全規模","20220","","2022年度","","1,578,439,646","1,173,171,525","342,003,143","63,264,978"
"104","","全産業（除く金融保険業）","26","","全規模","20230","","2023年度","","1,633,331,387","1,201,523,906","356,222,036","75,585,445"
"104","","全産業（除く金融保険業）","26","","全規模","20240","","2024年度","","1,692,401,786","1,234,438,303","373,160,564","84,802,919"
"108","","製造業","26","","全規模","20000","","2000年度","","420,981,746","329,802,075","75,169,929","16,009,742"
"108","","製造業","26","","全規模","20010","","2001年度","","382,858,376","301,044,731","71,529,462","10,284,183"
"108","","製造業","26","","全規模","20020","","2002年度","","377,531,207","295,885,642","69,449,817","12,195,748"
"108","","製造業","26","","全規模","20030","","2003年度","","384,949,867","302,758,348","67,251,017","14,940,502"
"108","","製造業","26","","全規模","20040","","2004年度","","409,688,533","322,959,884","68,286,671","18,441,978"
"108","","製造業","26","","全規模","20050","","2005年度","","434,994,937","345,412,530","70,093,744","19,488,663"
"108","","製造業","26","","全規模","20060","","2006年度","","450,335,804","355,809,322","73,503,073","21,023,409"
"108","","製造業","26","","全規模","20070","","2007年度","","471,709,099","378,494,387","71,850,481","21,364,231"
"108","","製造業","26","","全規模","20080","","2008年度","","445,052,568","367,694,620","70,642,481","6,715,467"
"108","","製造業","26","","全規模","20090","","2009年度","","381,215,485","309,670,538","65,665,459","5,879,488"
"108","","製造業","26","","全規模","20100","","2010年度","","403,313,655","322,836,111","67,713,641","12,763,903"
"108","","製造業","26","","全規模","20110","","2011年度","","402,091,684","324,501,855","66,458,041","11,131,788"
"108","","製造業","26","","全規模","20120","","2012年度","","386,508,560","311,933,560","63,334,506","11,240,494"
"108","","製造業","26","","全規模","20130","","2013年度","","394,156,592","313,976,898","64,030,841","16,148,853"
"108","","製造業","26","","全規模","20140","","2014年度","","405,082,426","322,859,423","65,341,877","16,881,126"
"108","","製造業","26","","全規模","20150","","2015年度","","397,842,127","314,529,086","66,273,469","17,039,572"
"108","","製造業","26","","全規模","20160","","2016年度","","395,561,444","311,459,164","66,870,386","17,231,894"
"108","","製造業","26","","全規模","20170","","2017年度","","406,259,788","316,642,695","69,080,454","20,536,639"
"108","","製造業","26","","全規模","20180","","2018年度","","414,269,775","326,483,459","68,634,663","19,151,653"
"108","","製造業","26","","全規模","20190","","2019年度","","398,499,697","316,040,008","68,454,999","14,004,690"
"108","","製造業","26","","全規模","20200","","2020年度","","365,094,778","289,052,694","64,630,525","11,411,559"
"108","","製造業","26","","全規模","20210","","2021年度","","401,773,979","315,091,192","65,938,787","20,744,000"
"108","","製造業","26","","全規模","20220","","2022年度","","436,341,951","347,355,933","69,411,650","19,574,368"
"108","","製造業","26","","全規模","20230","","2023年度","","447,532,360","352,807,612","72,108,243","22,616,505"
"108","","製造業","26","","全規模","20240","","2024年度","","467,795,156","365,395,046","77,186,073","25,214,037"
"109","","食料品製造業","26","","全規模","20000","","2000年度","","51,619,555","37,677,208","12,391,966","1,550,381"
"109","","食料品製造業","26","","全規模","20010","","2001年度","","42,709,192","30,768,756","10,717,247","1,223,189"
"109","","食料品製造業","26","","全規模","20020","","2002年度","","44,697,658","32,743,649","10,717,378","1,236,631"
"109","","食料品製造業","26","","全規模","20030","","2003年度","","41,819,823","30,829,461","9,616,708","1,373,654"
"109","","食料品製造業","26","","全規模","20040","","2004年度","","44,995,534","32,697,299","10,879,994","1,418,241"
"109","","食料品製造業","26","","全規模","20050","","2005年度","","43,949,583","31,900,104","10,815,904","1,233,575"
"109","","食料品製造業","26","","全規模","20060","","2006年度","","47,008,880","34,113,721","11,785,974","1,109,185"
"109","","食料品製造業","26","","全規模","20070","","2007年度","","44,778,024","33,186,943","10,386,059","1,205,022"
"109","","食料品製造業","26","","全規模","20080","","2008年度","","51,300,246","38,926,038","11,388,604","985,604"
"109","","食料品製造業","26","","全規模","20090","","2009年度","","43,944,727","31,926,374","10,611,422","1,406,931"
"109","","食料品製造業","26","","全規模","20100","","2010年度","","47,463,612","34,352,601","11,789,434","1,321,577"
"109","","食料品製造業","26","","全規模","20110","","2011年度","","50,779,965","37,472,029","11,737,311","1,570,625"
"109","","食料品製造業","26","","全規模","20120","","2012年度","","47,762,065","35,611,136","10,982,516","1,168,413"
"109","","食料品製造業","26","","全規模","20130","","2013年度","","42,732,271","30,741,885","10,839,398","1,150,988"
"109","","食料品製造業","26","","全規模","20140","","2014年度","","44,061,265","32,599,318","10,336,859","1,125,088"
"109","","食料品製造業","26","","全規模","20150","","2015年度","","44,823,851","33,052,208","10,357,341","1,414,302"
"109","","食料品製造業","26","","全規模","20160","","2016年度","","45,284,544","33,270,360","10,283,314","1,730,870"
"109","","食料品製造業","26","","全規模","20170","","2017年度","","44,884,361","32,386,065","10,939,941","1,558,355"
"109","","食料品製造業","26","","全規模","20180","","2018年度","","45,841,610","33,302,253","10,933,043","1,606,314"
"109","","食料品製造業","26","","全規模","20190","","2019年度","","44,128,676","31,591,440","11,237,037","1,300,199"
"109","","食料品製造業","26","","全規模","20200","","2020年度","","42,131,088","30,518,042","10,649,787","963,259"
"109","","食料品製造業","26","","全規模","20210","","2021年度","","41,638,487","31,207,745","9,221,032","1,209,710"
"109","","食料品製造業","26","","全規模","20220","","2022年度","","45,412,032","35,504,660","9,008,254","899,118"
"109","","食料品製造業","26","","全規模","20230","","2023年度","","47,781,676","35,909,909","10,372,043","1,499,724"
"109","","食料品製造業","26","","全規模","20240","","2024年度","","52,550,988","38,932,471","11,701,753","1,916,764"
"110","","繊維工業","26","","全規模","20090","","2009年度","","10,560,596","8,083,691","2,481,474","-4,569"
"110","","繊維工業","26","","全規模","20100","","2010年度","","10,505,429","7,735,622","2,598,538","171,269"
"110","","繊維工業","26","","全規模","20110","","2011年度","","9,885,565","7,359,282","2,393,771","132,512"
"110","","繊維工業","26","","全規模","20120","","2012年度","","8,432,436","6,599,110","1,715,394","117,932"
"110","","繊維工業","26","","全規模","20130","","2013年度","","9,574,883","7,385,827","2,013,146","175,910"
"110","","繊維工業","26","","全規模","20140","","2014年度","","9,525,606","7,484,062","1,862,382","179,162"
"110","","繊維工業","26","","全規模","20150","","2015年度","","8,334,785","6,388,603","1,735,494","210,688"
"110","","繊維工業","26","","全規模","20160","","2016年度","","9,270,926","6,576,215","2,470,451","224,260"
"110","","繊維工業","26","","全規模","20170","","2017年度","","8,210,405","5,837,978","2,249,297","123,130"
"110","","繊維工業","26","","全規模","20180","","2018年度","","7,899,211","5,986,901","1,774,497","137,813"
"110","","繊維工業","26","","全規模","20190","","2019年度","","7,022,754","5,268,300","1,642,380","112,074"
"110","","繊維工業","26","","全規模","20200","","2020年度","","6,366,913","4,696,428","1,750,007","-79,522"
"110","","繊維工業","26","","全規模","20210","","2021年度","","6,811,890","5,053,109","1,747,357","11,424"
"110","","繊維工業","26","","全規模","20220","","2022年度","","6,501,972","4,812,547","1,654,134","35,291"
"110","","繊維工業","26","","全規模","20230","","2023年度","","6,201,380","4,426,939","1,652,447","121,994"
"110","","繊維工業","26","","全規模","20240","","2024年度","","6,345,049","4,646,960","1,574,000","124,089"
"163","","繊維工業(H20年度まで)","26","","全規模","20000","","2000年度","","5,953,205","4,725,428","1,179,224","48,553"
"163","","繊維工業(H20年度まで)","26","","全規模","20010","","2001年度","","5,896,280","4,816,987","1,059,038","20,255"
"163","","繊維工業(H20年度まで)","26","","全規模","20020","","2002年度","","6,267,939","5,102,793","1,054,287","110,859"
"163","","繊維工業(H20年度まで)","26","","全規模","20030","","2003年度","","4,664,427","3,641,123","904,476","118,828"
"163","","繊維工業(H20年度まで)","26","","全規模","20040","","2004年度","","4,842,535","3,914,650","850,220","77,665"
"163","","繊維工業(H20年度まで)","26","","全規模","20050","","2005年度","","4,381,806","3,502,300","816,274","63,232"
"163","","繊維工業(H20年度まで)","26","","全規模","20060","","2006年度","","4,327,952","3,353,594","865,298","109,060"
"163","","繊維工業(H20年度まで)","26","","全規模","20070","","2007年度","","4,759,548","3,771,390","868,101","120,057"
"163","","繊維工業(H20年度まで)","26","","全規模","20080","","2008年度","","3,813,668","3,163,589","681,396","-31,317"
"111","","衣服・その他の繊維製品製造業(H20年度まで)","26","","全規模","20000","","2000年度","","7,655,766","5,559,056","1,942,694","154,016"
"111","","衣服・その他の繊維製品製造業(H20年度まで)","26","","全規模","20010","","2001年度","","6,972,828","4,848,889","2,034,484","89,455"
"111","","衣服・その他の繊維製品製造業(H20年度まで)","26","","全規模","20020","","2002年度","","6,825,369","4,740,026","1,965,311","120,032"
"111","","衣服・その他の繊維製品製造業(H20年度まで)","26","","全規模","20030","","2003年度","","5,189,755","3,722,195","1,443,861","23,699"
"111","","衣服・その他の繊維製品製造業(H20年度まで)","26","","全規模","20040","","2004年度","","6,336,250","4,518,168","1,787,498","30,584"
"111","","衣服・その他の繊維製品製造業(H20年度まで)","26","","全規模","20050","","2005年度","","9,502,181","5,711,370","3,587,508","203,303"
"111","","衣服・その他の繊維製品製造業(H20年度まで)","26","","全規模","20060","","2006年度","","7,553,199","4,973,642","2,357,883","221,674"
"111","","衣服・その他の繊維製品製造業(H20年度まで)","26","","全規模","20070","","2007年度","","5,817,287","4,186,946","1,521,628","108,713"
"111","","衣服・その他の繊維製品製造業(H20年度まで)","26","","全規模","20080","","2008年度","","6,640,367","4,562,525","1,946,756","131,086"
"112","","木材・木製品製造業","26","","全規模","20000","","2000年度","","5,068,846","4,153,438","879,987","35,421"
"112","","木材・木製品製造業","26","","全規模","20010","","2001年度","","4,488,154","3,562,631","908,507","17,016"
"112","","木材・木製品製造業","26","","全規模","20020","","2002年度","","4,482,229","3,593,750","855,294","33,185"
"112","","木材・木製品製造業","26","","全規模","20030","","2003年度","","4,011,878","3,192,878","779,608","39,392"
"112","","木材・木製品製造業","26","","全規模","20040","","2004年度","","4,538,394","3,681,456","772,620","84,318"
"112","","木材・木製品製造業","26","","全規模","20050","","2005年度","","4,657,548","3,867,217","726,126","64,205"
"112","","木材・木製品製造業","26","","全規模","20060","","2006年度","","4,147,886","3,355,365","770,164","22,357"
"112","","木材・木製品製造業","26","","全規模","20070","","2007年度","","4,135,638","3,331,923","797,960","5,755"
"112","","木材・木製品製造業","26","","全規模","20080","","2008年度","","3,240,405","2,608,531","631,038","836"
"112","","木材・木製品製造業","26","","全規模","20090","","2009年度","","3,592,782","2,930,619","649,480","12,683"
"112","","木材・木製品製造業","26","","全規模","20100","","2010年度","","3,603,352","2,965,181","621,822","16,349"
"112","","木材・木製品製造業","26","","全規模","20110","","2011年度","","3,832,226","3,189,044","593,572","49,610"
"112","","木材・木製品製造業","26","","全規模","20120","","2012年度","","3,784,663","3,115,474","584,964","84,225"
"112","","木材・木製品製造業","26","","全規模","20130","","2013年度","","4,556,045","3,879,193","571,924","104,928"
"112","","木材・木製品製造業","26","","全規模","20140","","2014年度","","5,128,178","4,408,174","637,093","82,911"
"112","","木材・木製品製造業","26","","全規模","20150","","2015年度","","3,753,976","3,087,768","583,669","82,539"
"112","","木材・木製品製造業","26","","全規模","20160","","2016年度","","4,176,773","3,420,297","618,746","137,730"
"112","","木材・木製品製造業","26","","全規模","20170","","2017年度","","3,620,847","2,961,605","554,241","105,001"
"112","","木材・木製品製造業","26","","全規模","20180","","2018年度","","3,338,553","2,666,142","606,904","65,507"
"112","","木材・木製品製造業","26","","全規模","20190","","2019年度","","3,523,124","2,849,601","552,494","121,029"
"112","","木材・木製品製造業","26","","全規模","20200","","2020年度","","2,815,825","2,277,143","479,910","58,772"
"112","","木材・木製品製造業","26","","全規模","20210","","2021年度","","2,911,655","2,293,882","516,976","100,797"
"112","","木材・木製品製造業","26","","全規模","20220","","2022年度","","3,575,956","2,860,843","550,395","164,718"
"112","","木材・木製品製造業","26","","全規模","20230","","2023年度","","3,216,116","2,615,954","488,856","111,306"
"112","","木材・木製品製造業","26","","全規模","20240","","2024年度","","2,746,496","2,223,985","462,031","60,480"
"113","","パルプ・紙・紙加工品製造業","26","","全規模","20000","","2000年度","","8,914,385","7,024,248","1,543,639","346,498"
"113","","パルプ・紙・紙加工品製造業","26","","全規模","20010","","2001年度","","8,944,023","7,074,547","1,650,045","219,431"
"113","","パルプ・紙・紙加工品製造業","26","","全規模","20020","","2002年度","","8,663,911","6,887,774","1,507,923","268,214"
"113","","パルプ・紙・紙加工品製造業","26","","全規模","20030","","2003年度","","8,836,310","6,888,003","1,594,039","354,268"
"113","","パルプ・紙・紙加工品製造業","26","","全規模","20040","","2004年度","","8,611,607","6,745,334","1,554,019","312,254"
"113","","パルプ・紙・紙加工品製造業","26","","全規模","20050","","2005年度","","16,522,434","14,367,977","1,819,413","335,044"
"113","","パルプ・紙・紙加工品製造業","26","","全規模","20060","","2006年度","","9,050,956","7,278,717","1,557,748","214,491"
"113","","パルプ・紙・紙加工品製造業","26","","全規模","20070","","2007年度","","11,186,479","8,972,531","1,936,557","277,391"
"113","","パルプ・紙・紙加工品製造業","26","","全規模","20080","","2008年度","","9,657,785","7,915,063","1,547,215","195,507"
"113","","パルプ・紙・紙加工品製造業","26","","全規模","20090","","2009年度","","9,807,554","7,750,084","1,691,788","365,682"
"113","","パルプ・紙・紙加工品製造業","26","","全規模","20100","","2010年度","","10,781,234","8,559,681","1,905,809","315,744"
"113","","パルプ・紙・紙加工品製造業","26","","全規模","20110","","2011年度","","9,109,498","7,405,284","1,421,154","283,060"
"113","","パルプ・紙・紙加工品製造業","26","","全規模","20120","","2012年度","","7,783,998","6,286,187","1,223,471","274,340"
"113","","パルプ・紙・紙加工品製造業","26","","全規模","20130","","2013年度","","7,898,410","6,352,457","1,293,607","252,346"
"113","","パルプ・紙・紙加工品製造業","26","","全規模","20140","","2014年度","","8,555,485","6,848,212","1,516,928","190,345"
"113","","パルプ・紙・紙加工品製造業","26","","全規模","20150","","2015年度","","7,942,619","6,236,986","1,472,189","233,444"
"113","","パルプ・紙・紙加工品製造業","26","","全規模","20160","","2016年度","","7,825,951","6,121,882","1,411,767","292,302"
"113","","パルプ・紙・紙加工品製造業","26","","全規模","20170","","2017年度","","9,147,724","7,317,559","1,606,862","223,303"
"113","","パルプ・紙・紙加工品製造業","26","","全規模","20180","","2018年度","","9,069,162","7,364,514","1,489,991","214,657"
"113","","パルプ・紙・紙加工品製造業","26","","全規模","20190","","2019年度","","9,109,079","7,376,055","1,445,314","287,710"
"113","","パルプ・紙・紙加工品製造業","26","","全規模","20200","","2020年度","","8,506,599","6,681,619","1,545,789","279,191"
"113","","パルプ・紙・紙加工品製造業","26","","全規模","20210","","2021年度","","8,841,203","7,102,804","1,427,833","310,566"
"113","","パルプ・紙・紙加工品製造業","26","","全規模","20220","","2022年度","","8,637,834","7,235,598","1,352,695","49,541"
"113","","パルプ・紙・紙加工品製造業","26","","全規模","20230","","2023年度","","8,534,277","6,921,571","1,309,324","303,382"
"113","","パルプ・紙・紙加工品製造業","26","","全規模","20240","","2024年度","","8,360,988","6,857,592","1,242,073","261,323"
"114","","印刷・同関連業","26","","全規模","20000","","2000年度","","17,173,462","11,863,305","4,646,370","663,787"
"114","","印刷・同関連業","26","","全規模","20010","","2001年度","","19,617,423","13,926,389","5,131,652","559,382"
"114","","印刷・同関連業","26","","全規模","20020","","2002年度","","17,594,996","12,443,665","4,697,304","454,027"
"114","","印刷・同関連業","26","","全規模","20030","","2003年度","","18,210,985","12,904,382","4,663,133","643,470"
"114","","印刷・同関連業","26","","全規模","20040","","2004年度","","13,284,674","10,165,161","2,681,835","437,678"
"114","","印刷・同関連業","26","","全規模","20050","","2005年度","","11,948,011","9,037,854","2,550,940","359,217"
"114","","印刷・同関連業","26","","全規模","20060","","2006年度","","11,236,316","8,379,946","2,548,767","307,603"
"114","","印刷・同関連業","26","","全規模","20070","","2007年度","","10,565,467","8,130,265","2,212,996","222,206"
"114","","印刷・同関連業","26","","全規模","20080","","2008年度","","10,614,893","8,198,258","2,324,858","91,777"
"114","","印刷・同関連業","26","","全規模","20090","","2009年度","","11,707,143","9,169,579","2,312,600","224,964"
"114","","印刷・同関連業","26","","全規模","20100","","2010年度","","11,823,446","9,208,933","2,476,261","138,252"
"114","","印刷・同関連業","26","","全規模","20110","","2011年度","","10,604,689","8,386,963","2,213,788","3,938"
"114","","印刷・同関連業","26","","全規模","20120","","2012年度","","9,706,156","7,512,123","2,053,892","140,141"
"114","","印刷・同関連業","26","","全規模","20130","","2013年度","","9,857,945","7,696,764","1,988,605","172,576"
"114","","印刷・同関連業","26","","全規模","20140","","2014年度","","9,719,864","7,737,168","1,837,318","145,378"
"114","","印刷・同関連業","26","","全規模","20150","","2015年度","","8,861,858","7,023,468","1,677,464","160,926"
"114","","印刷・同関連業","26","","全規模","20160","","2016年度","","9,258,717","7,231,766","1,815,883","211,068"
"114","","印刷・同関連業","26","","全規模","20170","","2017年度","","8,678,590","6,666,262","1,753,355","258,973"
"114","","印刷・同関連業","26","","全規模","20180","","2018年度","","8,164,177","6,504,537","1,528,174","131,466"
"114","","印刷・同関連業","26","","全規模","20190","","2019年度","","8,627,126","6,781,717","1,752,063","93,346"
"114","","印刷・同関連業","26","","全規模","20200","","2020年度","","7,915,196","6,200,273","1,679,597","35,326"
"114","","印刷・同関連業","26","","全規模","20210","","2021年度","","7,665,214","5,945,864","1,672,120","47,230"
"114","","印刷・同関連業","26","","全規模","20220","","2022年度","","7,782,772","5,849,254","1,856,815","76,703"
"114","","印刷・同関連業","26","","全規模","20230","","2023年度","","7,202,281","5,475,631","1,678,535","48,115"
"114","","印刷・同関連業","26","","全規模","20240","","2024年度","","8,872,955","6,653,230","2,084,139","135,586"
"115","","化学工業","26","","全規模","20000","","2000年度","","37,483,751","24,843,727","9,595,507","3,044,517"
"115","","化学工業","26","","全規模","20010","","2001年度","","35,606,496","23,779,065","9,282,272","2,545,159"
"115","","化学工業","26","","全規模","20020","","2002年度","","35,949,618","24,204,325","9,026,118","2,719,175"
"115","","化学工業","26","","全規模","20030","","2003年度","","37,518,019","25,990,805","8,722,494","2,804,720"
"115","","化学工業","26","","全規模","20040","","2004年度","","35,990,060","23,931,557","8,701,763","3,356,740"
"115","","化学工業","26","","全規模","20050","","2005年度","","41,333,561","29,088,562","9,001,360","3,243,639"
"115","","化学工業","26","","全規模","20060","","2006年度","","40,195,391","28,048,064","8,729,127","3,418,200"
"115","","化学工業","26","","全規模","20070","","2007年度","","42,224,674","29,640,096","9,191,800","3,392,778"
"115","","化学工業","26","","全規模","20080","","2008年度","","40,594,744","29,033,870","9,537,570","2,023,304"
"115","","化学工業","26","","全規模","20090","","2009年度","","36,767,123","25,213,472","9,228,662","2,324,989"
"115","","化学工業","26","","全規模","20100","","2010年度","","38,195,014","26,271,123","9,070,267","2,853,624"
"115","","化学工業","26","","全規模","20110","","2011年度","","38,748,327","26,745,879","9,203,903","2,798,545"
"115","","化学工業","26","","全規模","20120","","2012年度","","38,225,234","26,456,152","9,049,236","2,719,846"
"115","","化学工業","26","","全規模","20130","","2013年度","","40,839,215","28,337,029","9,444,580","3,057,606"
"115","","化学工業","26","","全規模","20140","","2014年度","","41,520,143","29,276,157","9,455,256","2,788,730"
"115","","化学工業","26","","全規模","20150","","2015年度","","42,449,962","29,341,801","9,854,348","3,253,813"
"115","","化学工業","26","","全規模","20160","","2016年度","","40,213,337","27,239,656","9,610,696","3,362,985"
"115","","化学工業","26","","全規模","20170","","2017年度","","40,785,110","27,193,030","9,964,370","3,627,710"
"115","","化学工業","26","","全規模","20180","","2018年度","","42,805,862","29,021,755","10,110,616","3,673,491"
"115","","化学工業","26","","全規模","20190","","2019年度","","41,686,757","28,082,740","10,054,395","3,549,622"
"115","","化学工業","26","","全規模","20200","","2020年度","","39,561,803","26,551,260","9,810,569","3,199,974"
"115","","化学工業","26","","全規模","20210","","2021年度","","44,029,878","29,857,261","9,943,901","4,228,716"
"115","","化学工業","26","","全規模","20220","","2022年度","","46,268,386","31,776,364","10,806,112","3,685,910"
"115","","化学工業","26","","全規模","20230","","2023年度","","46,820,017","32,447,674","10,727,173","3,645,170"
"115","","化学工業","26","","全規模","20240","","2024年度","","49,607,812","33,833,167","11,562,332","4,212,313"
"116","","石油製品・石炭製品製造業","26","","全規模","20000","","2000年度","","13,509,202","12,524,301","743,618","241,283"
"116","","石油製品・石炭製品製造業","26","","全規模","20010","","2001年度","","13,762,972","12,867,561","726,966","168,445"
"116","","石油製品・石炭製品製造業","26","","全規模","20020","","2002年度","","14,358,639","13,487,791","679,709","191,139"
"116","","石油製品・石炭製品製造業","26","","全規模","20030","","2003年度","","14,627,345","13,765,632","667,699","194,014"
"116","","石油製品・石炭製品製造業","26","","全規模","20040","","2004年度","","16,192,174","15,054,752","660,851","476,571"
"116","","石油製品・石炭製品製造業","26","","全規模","20050","","2005年度","","20,081,052","18,878,344","696,107","506,601"
"116","","石油製品・石炭製品製造業","26","","全規模","20060","","2006年度","","19,332,786","18,258,514","703,005","371,267"
"116","","石油製品・石炭製品製造業","26","","全規模","20070","","2007年度","","21,413,665","20,479,694","684,220","249,751"
"116","","石油製品・石炭製品製造業","26","","全規模","20080","","2008年度","","20,763,892","20,309,743","666,924","-212,775"
"116","","石油製品・石炭製品製造業","26","","全規模","20090","","2009年度","","16,517,386","15,846,865","672,416","-1,895"
"116","","石油製品・石炭製品製造業","26","","全規模","20100","","2010年度","","16,230,576","15,310,871","615,175","304,530"
"116","","石油製品・石炭製品製造業","26","","全規模","20110","","2011年度","","20,134,649","19,121,289","490,450","522,910"
"116","","石油製品・石炭製品製造業","26","","全規模","20120","","2012年度","","18,967,223","18,310,484","505,103","151,636"
"116","","石油製品・石炭製品製造業","26","","全規模","20130","","2013年度","","18,995,112","18,366,094","428,382","200,636"
"116","","石油製品・石炭製品製造業","26","","全規模","20140","","2014年度","","19,072,589","18,808,287","477,068","-212,766"
"116","","石油製品・石炭製品製造業","26","","全規模","20150","","2015年度","","13,732,940","13,249,110","565,389","-81,559"
"116","","石油製品・石炭製品製造業","26","","全規模","20160","","2016年度","","11,041,388","10,193,536","489,968","357,884"
"116","","石油製品・石炭製品製造業","26","","全規模","20170","","2017年度","","10,495,712","9,672,898","471,793","351,021"
"116","","石油製品・石炭製品製造業","26","","全規模","20180","","2018年度","","11,314,993","10,625,882","496,799","192,312"
"116","","石油製品・石炭製品製造業","26","","全規模","20190","","2019年度","","10,858,763","10,463,611","538,684","-143,532"
"116","","石油製品・石炭製品製造業","26","","全規模","20200","","2020年度","","8,533,405","7,732,938","551,405","249,062"
"116","","石油製品・石炭製品製造業","26","","全規模","20210","","2021年度","","11,195,670","9,970,103","578,660","646,907"
"116","","石油製品・石炭製品製造業","26","","全規模","20220","","2022年度","","14,958,808","14,276,685","579,167","102,956"
"116","","石油製品・石炭製品製造業","26","","全規模","20230","","2023年度","","13,496,881","12,609,424","590,363","297,094"
"116","","石油製品・石炭製品製造業","26","","全規模","20240","","2024年度","","13,013,010","12,314,479","618,256","80,275"
"117","","窯業・土石製品製造業","26","","全規模","20000","","2000年度","","12,396,988","9,567,530","2,455,492","373,966"
"117","","窯業・土石製品製造業","26","","全規模","20010","","2001年度","","11,178,656","8,633,830","2,251,844","292,982"
"117","","窯業・土石製品製造業","26","","全規模","20020","","2002年度","","10,906,883","8,327,814","2,283,650","295,419"
"117","","窯業・土石製品製造業","26","","全規模","20030","","2003年度","","10,593,615","8,088,765","2,263,385","241,465"
"117","","窯業・土石製品製造業","26","","全規模","20040","","2004年度","","10,721,852","8,229,464","2,074,548","417,840"
"117","","窯業・土石製品製造業","26","","全規模","20050","","2005年度","","11,313,648","8,697,010","2,093,624","523,014"
"117","","窯業・土石製品製造業","26","","全規模","20060","","2006年度","","11,541,245","8,826,928","2,187,995","526,322"
"117","","窯業・土石製品製造業","26","","全規模","20070","","2007年度","","12,418,232","9,717,027","2,090,582","610,623"
"117","","窯業・土石製品製造業","26","","全規模","20080","","2008年度","","10,841,962","8,777,381","1,912,109","152,472"
"117","","窯業・土石製品製造業","26","","全規模","20090","","2009年度","","8,694,774","6,713,385","1,881,925","99,464"
"117","","窯業・土石製品製造業","26","","全規模","20100","","2010年度","","9,091,160","6,878,627","1,891,031","321,502"
"117","","窯業・土石製品製造業","26","","全規模","20110","","2011年度","","9,649,827","7,467,090","1,877,313","305,424"
"117","","窯業・土石製品製造業","26","","全規模","20120","","2012年度","","8,880,271","6,953,220","1,657,132","269,919"
"117","","窯業・土石製品製造業","26","","全規模","20130","","2013年度","","9,408,346","7,328,126","1,664,601","415,619"
"117","","窯業・土石製品製造業","26","","全規模","20140","","2014年度","","9,174,066","7,032,442","1,739,258","402,366"
"117","","窯業・土石製品製造業","26","","全規模","20150","","2015年度","","9,090,976","6,982,383","1,704,156","404,437"
"117","","窯業・土石製品製造業","26","","全規模","20160","","2016年度","","9,407,852","7,208,160","1,757,973","441,719"
"117","","窯業・土石製品製造業","26","","全規模","20170","","2017年度","","9,330,369","7,104,649","1,763,095","462,625"
"117","","窯業・土石製品製造業","26","","全規模","20180","","2018年度","","9,278,082","7,042,288","1,779,930","455,864"
"117","","窯業・土石製品製造業","26","","全規模","20190","","2019年度","","9,414,329","7,250,622","1,768,857","394,850"
"117","","窯業・土石製品製造業","26","","全規模","20200","","2020年度","","8,961,603","6,999,828","1,672,367","289,408"
"117","","窯業・土石製品製造業","26","","全規模","20210","","2021年度","","8,991,397","6,796,726","1,749,495","445,176"
"117","","窯業・土石製品製造業","26","","全規模","20220","","2022年度","","8,923,212","6,823,081","1,754,626","345,505"
"117","","窯業・土石製品製造業","26","","全規模","20230","","2023年度","","9,421,022","7,295,370","1,701,022","424,630"
"117","","窯業・土石製品製造業","26","","全規模","20240","","2024年度","","10,467,408","7,789,769","2,102,592","575,047"
"118","","鉄鋼業","26","","全規模","20000","","2000年度","","12,461,369","10,489,370","1,437,155","534,844"
"118","","鉄鋼業","26","","全規模","20010","","2001年度","","12,224,470","10,611,331","1,436,613","176,526"
"118","","鉄鋼業","26","","全規模","20020","","2002年度","","12,512,367","10,686,936","1,396,646","428,785"
"118","","鉄鋼業","26","","全規模","20030","","2003年度","","12,935,029","10,861,615","1,310,022","763,392"
"118","","鉄鋼業","26","","全規模","20040","","2004年度","","15,604,903","12,657,950","1,351,565","1,595,388"
"118","","鉄鋼業","26","","全規模","20050","","2005年度","","18,409,451","14,869,957","1,502,341","2,037,153"
"118","","鉄鋼業","26","","全規模","20060","","2006年度","","19,863,970","16,390,441","1,512,166","1,961,363"
"118","","鉄鋼業","26","","全規模","20070","","2007年度","","21,909,722","18,434,740","1,581,127","1,893,855"
"118","","鉄鋼業","26","","全規模","20080","","2008年度","","22,524,785","19,598,870","1,645,496","1,280,419"
"118","","鉄鋼業","26","","全規模","20090","","2009年度","","15,722,018","14,456,660","1,374,340","-108,982"
"118","","鉄鋼業","26","","全規模","20100","","2010年度","","18,209,246","16,304,903","1,398,478","505,865"
"118","","鉄鋼業","26","","全規模","20110","","2011年度","","18,059,817","16,473,790","1,356,005","230,022"
"118","","鉄鋼業","26","","全規模","20120","","2012年度","","16,274,671","14,887,617","1,400,233","-13,179"
"118","","鉄鋼業","26","","全規模","20130","","2013年度","","17,052,406","15,166,884","1,341,803","543,719"
"118","","鉄鋼業","26","","全規模","20140","","2014年度","","17,728,858","15,629,431","1,369,983","729,444"
"118","","鉄鋼業","26","","全規模","20150","","2015年度","","16,518,650","14,672,049","1,466,244","380,357"
"118","","鉄鋼業","26","","全規模","20160","","2016年度","","15,072,892","13,374,079","1,435,792","263,021"
"118","","鉄鋼業","26","","全規模","20170","","2017年度","","16,675,411","14,692,855","1,447,952","534,604"
"118","","鉄鋼業","26","","全規模","20180","","2018年度","","17,200,135","15,270,176","1,498,288","431,671"
"118","","鉄鋼業","26","","全規模","20190","","2019年度","","15,533,489","14,036,149","1,445,076","52,264"
"118","","鉄鋼業","26","","全規模","20200","","2020年度","","13,628,184","12,456,604","1,290,223","-118,643"
"118","","鉄鋼業","26","","全規模","20210","","2021年度","","18,734,752","16,473,150","1,354,076","907,526"
"118","","鉄鋼業","26","","全規模","20220","","2022年度","","20,986,352","18,638,272","1,372,256","975,824"
"118","","鉄鋼業","26","","全規模","20230","","2023年度","","20,699,840","18,173,431","1,460,652","1,065,757"
"118","","鉄鋼業","26","","全規模","20240","","2024年度","","19,896,292","17,637,484","1,527,704","731,104"
"119","","非鉄金属製造業","26","","全規模","20000","","2000年度","","8,580,143","7,302,728","877,715","399,700"
"119","","非鉄金属製造業","26","","全規模","20010","","2001年度","","7,748,989","6,739,515","870,888","138,586"
"119","","非鉄金属製造業","26","","全規模","20020","","2002年度","","7,768,714","6,737,525","888,702","142,487"
"119","","非鉄金属製造業","26","","全規模","20030","","2003年度","","9,099,966","7,920,732","919,074","260,160"
"119","","非鉄金属製造業","26","","全規模","20040","","2004年度","","9,654,691","8,381,704","857,646","415,341"
"119","","非鉄金属製造業","26","","全規模","20050","","2005年度","","11,819,445","10,327,834","926,414","565,197"
"119","","非鉄金属製造業","26","","全規模","20060","","2006年度","","15,027,489","13,221,380","948,111","857,998"
"119","","非鉄金属製造業","26","","全規模","20070","","2007年度","","14,523,749","12,768,573","960,050","795,126"
"119","","非鉄金属製造業","26","","全規模","20080","","2008年度","","14,075,418","13,073,824","956,162","45,432"
"119","","非鉄金属製造業","26","","全規模","20090","","2009年度","","10,055,743","9,205,198","819,140","31,405"
"119","","非鉄金属製造業","26","","全規模","20100","","2010年度","","11,711,741","10,481,188","901,806","328,747"
"119","","非鉄金属製造業","26","","全規模","20110","","2011年度","","11,796,664","10,641,969","889,188","265,507"
"119","","非鉄金属製造業","26","","全規模","20120","","2012年度","","10,980,292","9,845,171","897,092","238,029"
"119","","非鉄金属製造業","26","","全規模","20130","","2013年度","","10,909,498","9,762,038","856,814","290,646"
"119","","非鉄金属製造業","26","","全規模","20140","","2014年度","","12,156,593","10,847,360","935,721","373,512"
"119","","非鉄金属製造業","26","","全規模","20150","","2015年度","","11,800,674","10,592,906","904,986","302,782"
"119","","非鉄金属製造業","26","","全規模","20160","","2016年度","","10,399,415","9,228,620","801,454","369,341"
"119","","非鉄金属製造業","26","","全規模","20170","","2017年度","","12,306,359","10,922,576","910,958","472,825"
"119","","非鉄金属製造業","26","","全規模","20180","","2018年度","","12,032,362","10,796,730","906,914","328,718"
"119","","非鉄金属製造業","26","","全規模","20190","","2019年度","","11,940,482","10,705,442","944,286","290,754"
"119","","非鉄金属製造業","26","","全規模","20200","","2020年度","","11,917,208","10,639,456","946,312","331,440"
"119","","非鉄金属製造業","26","","全規模","20210","","2021年度","","14,895,568","13,198,255","1,033,349","663,964"
"119","","非鉄金属製造業","26","","全規模","20220","","2022年度","","15,703,922","14,040,644","1,052,133","611,145"
"119","","非鉄金属製造業","26","","全規模","20230","","2023年度","","15,940,871","14,379,257","1,102,641","458,973"
"119","","非鉄金属製造業","26","","全規模","20240","","2024年度","","17,001,537","15,300,410","1,108,381","592,746"
"120","","金属製品製造業","26","","全規模","20000","","2000年度","","22,897,685","18,339,305","4,099,725","458,655"
"120","","金属製品製造業","26","","全規模","20010","","2001年度","","19,748,998","15,369,422","3,923,157","456,419"
"120","","金属製品製造業","26","","全規模","20020","","2002年度","","16,986,649","12,546,887","4,074,108","365,654"
"120","","金属製品製造業","26","","全規模","20030","","2003年度","","16,065,974","12,309,695","3,213,725","542,554"
"120","","金属製品製造業","26","","全規模","20040","","2004年度","","19,849,067","15,264,749","3,809,962","774,356"
"120","","金属製品製造業","26","","全規模","20050","","2005年度","","20,056,546","15,932,688","3,385,008","738,850"
"120","","金属製品製造業","26","","全規模","20060","","2006年度","","19,239,407","15,014,211","3,584,296","640,900"
"120","","金属製品製造業","26","","全規模","20070","","2007年度","","23,349,879","18,353,541","4,134,780","861,558"
"120","","金属製品製造業","26","","全規模","20080","","2008年度","","22,170,745","17,803,600","3,788,434","578,711"
"120","","金属製品製造業","26","","全規模","20090","","2009年度","","19,012,692","15,616,361","3,338,851","57,480"
"120","","金属製品製造業","26","","全規模","20100","","2010年度","","18,347,604","14,586,212","3,333,451","427,941"
"120","","金属製品製造業","26","","全規模","20110","","2011年度","","19,760,776","15,831,542","3,451,509","477,725"
"120","","金属製品製造業","26","","全規模","20120","","2012年度","","17,527,659","13,865,249","3,129,188","533,222"
"120","","金属製品製造業","26","","全規模","20130","","2013年度","","18,505,880","14,881,709","2,980,584","643,587"
"120","","金属製品製造業","26","","全規模","20140","","2014年度","","18,100,303","14,421,353","2,918,076","760,874"
"120","","金属製品製造業","26","","全規模","20150","","2015年度","","19,075,608","15,100,556","3,183,174","791,878"
"120","","金属製品製造業","26","","全規模","20160","","2016年度","","18,855,268","14,630,235","3,495,830","729,203"
"120","","金属製品製造業","26","","全規模","20170","","2017年度","","19,741,709","15,062,007","3,807,442","872,260"
"120","","金属製品製造業","26","","全規模","20180","","2018年度","","20,877,149","16,485,634","3,623,937","767,578"
"120","","金属製品製造業","26","","全規模","20190","","2019年度","","20,311,357","15,987,162","3,671,334","652,861"
"120","","金属製品製造業","26","","全規模","20200","","2020年度","","16,951,175","13,249,393","3,250,273","451,509"
"120","","金属製品製造業","26","","全規模","20210","","2021年度","","18,436,000","14,502,123","3,183,002","750,875"
"120","","金属製品製造業","26","","全規模","20220","","2022年度","","19,465,744","15,505,181","3,397,275","563,288"
"120","","金属製品製造業","26","","全規模","20230","","2023年度","","18,834,601","14,975,403","3,132,157","727,041"
"120","","金属製品製造業","26","","全規模","20240","","2024年度","","20,478,607","15,942,994","3,708,647","826,966"
"154","","はん用機械器具製造業","26","","全規模","20090","","2009年度","","5,808,217","4,711,499","1,025,468","71,250"
"154","","はん用機械器具製造業","26","","全規模","20100","","2010年度","","5,076,470","3,991,068","909,883","175,519"
"154","","はん用機械器具製造業","26","","全規模","20110","","2011年度","","5,695,732","4,417,121","1,057,778","220,833"
"154","","はん用機械器具製造業","26","","全規模","20120","","2012年度","","5,638,015","4,374,285","1,007,173","256,557"
"154","","はん用機械器具製造業","26","","全規模","20130","","2013年度","","5,781,849","4,456,291","1,030,752","294,806"
"154","","はん用機械器具製造業","26","","全規模","20140","","2014年度","","6,088,536","4,664,567","1,110,118","313,851"
"154","","はん用機械器具製造業","26","","全規模","20150","","2015年度","","6,713,029","5,077,804","1,227,307","407,918"
"154","","はん用機械器具製造業","26","","全規模","20160","","2016年度","","6,663,830","5,112,371","1,144,616","406,843"
"154","","はん用機械器具製造業","26","","全規模","20170","","2017年度","","7,342,727","5,596,124","1,255,490","491,113"
"154","","はん用機械器具製造業","26","","全規模","20180","","2018年度","","7,463,647","5,711,109","1,252,865","499,673"
"154","","はん用機械器具製造業","26","","全規模","20190","","2019年度","","7,028,130","5,437,102","1,207,647","383,381"
"154","","はん用機械器具製造業","26","","全規模","20200","","2020年度","","6,683,540","5,204,867","1,161,797","316,876"
"154","","はん用機械器具製造業","26","","全規模","20210","","2021年度","","6,977,419","5,190,451","1,302,206","484,762"
"154","","はん用機械器具製造業","26","","全規模","20220","","2022年度","","7,674,216","5,742,953","1,420,420","510,843"
"154","","はん用機械器具製造業","26","","全規模","20230","","2023年度","","8,219,883","6,171,827","1,448,954","599,102"
"154","","はん用機械器具製造業","26","","全規模","20240","","2024年度","","7,639,503","5,668,687","1,455,431","515,385"
"121","","生産用機械器具製造業","26","","全規模","20000","","2000年度","","28,123,989","21,814,888","5,180,191","1,128,910"
"121","","生産用機械器具製造業","26","","全規模","20010","","2001年度","","26,231,960","20,540,047","5,029,500","662,413"
"121","","生産用機械器具製造業","26","","全規模","20020","","2002年度","","27,082,611","20,971,170","5,506,122","605,319"
"121","","生産用機械器具製造業","26","","全規模","20030","","2003年度","","30,313,549","24,053,448","5,124,820","1,135,281"
"121","","生産用機械器具製造業","26","","全規模","20040","","2004年度","","32,241,037","25,401,595","5,338,638","1,500,804"
"121","","生産用機械器具製造業","26","","全規模","20050","","2005年度","","35,455,584","27,829,090","5,782,110","1,844,384"
"121","","生産用機械器具製造業","26","","全規模","20060","","2006年度","","37,038,298","28,366,315","6,469,855","2,202,128"
"121","","生産用機械器具製造業","26","","全規模","20070","","2007年度","","39,999,088","31,426,648","6,150,028","2,422,412"
"121","","生産用機械器具製造業","26","","全規模","20080","","2008年度","","37,573,546","30,513,133","6,043,123","1,017,290"
"121","","生産用機械器具製造業","26","","全規模","20090","","2009年度","","18,859,101","15,428,576","3,666,631","-236,106"
"121","","生産用機械器具製造業","26","","全規模","20100","","2010年度","","20,629,595","16,572,272","3,389,829","667,494"
"121","","生産用機械器具製造業","26","","全規模","20110","","2011年度","","21,407,395","17,104,526","3,370,429","932,440"
"121","","生産用機械器具製造業","26","","全規模","20120","","2012年度","","21,180,306","16,873,924","3,576,117","730,265"
"121","","生産用機械器具製造業","26","","全規模","20130","","2013年度","","22,179,011","17,504,467","3,599,669","1,074,875"
"121","","生産用機械器具製造業","26","","全規模","20140","","2014年度","","23,298,047","18,422,460","3,566,652","1,308,935"
"121","","生産用機械器具製造業","26","","全規模","20150","","2015年度","","22,575,652","17,654,642","3,649,709","1,271,301"
"121","","生産用機械器具製造業","26","","全規模","20160","","2016年度","","22,432,960","17,533,672","3,734,994","1,164,294"
"121","","生産用機械器具製造業","26","","全規模","20170","","2017年度","","24,250,984","18,998,326","3,677,326","1,575,332"
"121","","生産用機械器具製造業","26","","全規模","20180","","2018年度","","26,883,481","21,065,027","3,893,438","1,925,016"
"121","","生産用機械器具製造業","26","","全規模","20190","","2019年度","","23,453,940","18,281,053","3,845,781","1,327,106"
"121","","生産用機械器具製造業","26","","全規模","20200","","2020年度","","21,367,266","17,071,745","3,513,133","782,388"
"121","","生産用機械器具製造業","26","","全規模","20210","","2021年度","","25,527,777","20,315,514","3,674,676","1,537,587"
"121","","生産用機械器具製造業","26","","全規模","20220","","2022年度","","29,802,331","23,661,130","4,039,624","2,101,577"
"121","","生産用機械器具製造業","26","","全規模","20230","","2023年度","","27,604,669","21,322,062","4,316,142","1,966,465"
"121","","生産用機械器具製造業","26","","全規模","20240","","2024年度","","28,673,449","21,701,750","4,724,264","2,247,435"
"124","","業務用機械器具製造業","26","","全規模","20000","","2000年度","","9,814,305","7,177,317","2,051,979","585,009"
"124","","業務用機械器具製造業","26","","全規模","20010","","2001年度","","9,521,121","7,060,536","2,058,649","401,936"
"124","","業務用機械器具製造業","26","","全規模","20020","","2002年度","","9,548,347","7,048,073","1,979,252","521,022"
"124","","業務用機械器具製造業","26","","全規模","20030","","2003年度","","9,950,969","7,084,569","2,102,487","763,913"
"124","","業務用機械器具製造業","26","","全規模","20040","","2004年度","","11,884,986","8,620,963","2,294,567","969,456"
"124","","業務用機械器具製造業","26","","全規模","20050","","2005年度","","11,246,448","8,286,325","2,103,049","857,074"
"124","","業務用機械器具製造業","26","","全規模","20060","","2006年度","","13,562,593","9,729,055","2,664,608","1,168,930"
"124","","業務用機械器具製造業","26","","全規模","20070","","2007年度","","12,752,398","8,995,465","2,558,110","1,198,823"
"124","","業務用機械器具製造業","26","","全規模","20080","","2008年度","","12,128,270","8,978,300","2,502,397","647,573"
"124","","業務用機械器具製造業","26","","全規模","20090","","2009年度","","13,447,298","10,139,730","2,965,945","341,623"
"124","","業務用機械器具製造業","26","","全規模","20100","","2010年度","","14,564,448","10,690,006","3,150,716","723,726"
"124","","業務用機械器具製造業","26","","全規模","20110","","2011年度","","13,354,874","9,502,707","3,106,608","745,559"
"124","","業務用機械器具製造業","26","","全規模","20120","","2012年度","","13,001,075","9,392,584","2,993,301","615,190"
"124","","業務用機械器具製造業","26","","全規模","20130","","2013年度","","14,137,603","10,041,395","3,215,165","881,043"
"124","","業務用機械器具製造業","26","","全規模","20140","","2014年度","","14,307,880","10,102,879","3,373,974","831,027"
"124","","業務用機械器具製造業","26","","全規模","20150","","2015年度","","15,540,943","11,327,834","3,363,030","850,079"
"124","","業務用機械器具製造業","26","","全規模","20160","","2016年度","","14,371,435","10,707,640","2,963,259","700,536"
"124","","業務用機械器具製造業","26","","全規模","20170","","2017年度","","13,549,628","9,608,213","3,108,395","833,020"
"124","","業務用機械器具製造業","26","","全規模","20180","","2018年度","","13,425,572","9,570,893","2,977,065","877,614"
"124","","業務用機械器具製造業","26","","全規模","20190","","2019年度","","13,474,180","9,930,050","2,913,990","630,140"
"124","","業務用機械器具製造業","26","","全規模","20200","","2020年度","","13,125,903","9,714,611","2,953,971","457,321"
"124","","業務用機械器具製造業","26","","全規模","20210","","2021年度","","13,210,744","9,409,400","2,954,315","847,029"
"124","","業務用機械器具製造業","26","","全規模","20220","","2022年度","","14,342,262","10,144,027","3,114,585","1,083,650"
"124","","業務用機械器具製造業","26","","全規模","20230","","2023年度","","14,452,793","10,237,407","3,200,901","1,014,485"
"124","","業務用機械器具製造業","26","","全規模","20240","","2024年度","","14,655,613","10,150,488","3,165,670","1,339,455"
"122","","電気機械器具製造業","26","","全規模","20000","","2000年度","","89,434,184","73,243,892","12,733,426","3,456,866"
"122","","電気機械器具製造業","26","","全規模","20010","","2001年度","","73,854,170","61,832,744","12,069,060","-47,634"
"122","","電気機械器具製造業","26","","全規模","20020","","2002年度","","68,473,009","56,569,943","10,853,552","1,049,514"
"122","","電気機械器具製造業","26","","全規模","20030","","2003年度","","69,968,991","57,776,812","10,237,107","1,955,072"
"122","","電気機械器具製造業","26","","全規模","20040","","2004年度","","46,826,322","38,630,618","6,897,876","1,297,828"
"122","","電気機械器具製造業","26","","全規模","20050","","2005年度","","44,777,271","36,844,405","6,579,216","1,353,650"
"122","","電気機械器具製造業","26","","全規模","20060","","2006年度","","47,775,798","38,945,514","6,974,115","1,856,169"
"122","","電気機械器具製造業","26","","全規模","20070","","2007年度","","49,370,883","40,788,896","6,886,645","1,695,342"
"122","","電気機械器具製造業","26","","全規模","20080","","2008年度","","40,800,176","34,641,490","6,376,850","-218,164"
"122","","電気機械器具製造業","26","","全規模","20090","","2009年度","","33,492,493","27,673,396","5,686,387","132,710"
"122","","電気機械器具製造業","26","","全規模","20100","","2010年度","","34,776,691","28,132,003","5,616,307","1,028,381"
"122","","電気機械器具製造業","26","","全規模","20110","","2011年度","","29,664,480","23,554,867","5,369,225","740,388"
"122","","電気機械器具製造業","26","","全規模","20120","","2012年度","","28,077,197","22,452,459","5,131,154","493,584"
"122","","電気機械器具製造業","26","","全規模","20130","","2013年度","","26,816,577","21,195,579","4,706,033","914,965"
"122","","電気機械器具製造業","26","","全規模","20140","","2014年度","","29,234,007","23,017,730","4,872,192","1,344,085"
"122","","電気機械器具製造業","26","","全規模","20150","","2015年度","","28,607,754","22,626,207","4,910,201","1,071,346"
"122","","電気機械器具製造業","26","","全規模","20160","","2016年度","","31,280,306","24,922,863","5,179,085","1,178,358"
"122","","電気機械器具製造業","26","","全規模","20170","","2017年度","","31,539,751","24,190,069","5,508,149","1,841,533"
"122","","電気機械器具製造業","26","","全規模","20180","","2018年度","","31,795,250","24,779,982","5,441,678","1,573,590"
"122","","電気機械器具製造業","26","","全規模","20190","","2019年度","","30,351,551","23,704,239","5,349,100","1,298,212"
"122","","電気機械器具製造業","26","","全規模","20200","","2020年度","","28,889,211","22,623,809","5,335,694","929,708"
"122","","電気機械器具製造業","26","","全規模","20210","","2021年度","","29,621,217","22,556,034","5,150,726","1,914,457"
"122","","電気機械器具製造業","26","","全規模","20220","","2022年度","","29,984,426","22,778,887","5,397,893","1,807,646"
"122","","電気機械器具製造業","26","","全規模","20230","","2023年度","","30,074,515","22,990,221","5,850,699","1,233,595"
"122","","電気機械器具製造業","26","","全規模","20240","","2024年度","","31,716,810","23,968,754","5,506,218","2,241,838"
"145","","情報通信機械器具製造業","26","","全規模","20040","","2004年度","","34,722,648","29,147,671","4,277,289","1,297,688"
"145","","情報通信機械器具製造業","26","","全規模","20050","","2005年度","","33,327,916","27,774,073","4,628,797","925,046"
"145","","情報通信機械器具製造業","26","","全規模","20060","","2006年度","","35,794,897","29,933,762","4,723,285","1,137,850"
"145","","情報通信機械器具製造業","26","","全規模","20070","","2007年度","","35,768,450","29,772,859","4,927,794","1,067,797"
"145","","情報通信機械器具製造業","26","","全規模","20080","","2008年度","","34,399,521","30,075,915","5,033,950","-710,344"
"145","","情報通信機械器具製造業","26","","全規模","20090","","2009年度","","31,894,106","27,638,933","4,404,436","-149,263"
"145","","情報通信機械器具製造業","26","","全規模","20100","","2010年度","","34,594,233","29,057,029","4,861,032","676,172"
"145","","情報通信機械器具製造業","26","","全規模","20110","","2011年度","","33,008,245","28,239,056","4,624,483","144,706"
"145","","情報通信機械器具製造業","26","","全規模","20120","","2012年度","","31,030,897","26,518,248","4,454,745","57,904"
"145","","情報通信機械器具製造業","26","","全規模","20130","","2013年度","","32,647,868","26,901,072","5,002,736","744,060"
"145","","情報通信機械器具製造業","26","","全規模","20140","","2014年度","","33,453,663","27,218,618","4,882,509","1,352,536"
"145","","情報通信機械器具製造業","26","","全規模","20150","","2015年度","","34,487,354","28,623,308","4,916,979","947,067"
"145","","情報通信機械器具製造業","26","","全規模","20160","","2016年度","","34,165,841","27,880,007","5,113,992","1,171,842"
"145","","情報通信機械器具製造業","26","","全規模","20170","","2017年度","","32,333,937","25,842,257","4,875,826","1,615,854"
"145","","情報通信機械器具製造業","26","","全規模","20180","","2018年度","","33,273,272","26,555,061","5,228,203","1,490,008"
"145","","情報通信機械器具製造業","26","","全規模","20190","","2019年度","","28,327,691","22,887,552","4,924,078","516,061"
"145","","情報通信機械器具製造業","26","","全規模","20200","","2020年度","","26,276,552","20,930,250","4,535,809","810,493"
"145","","情報通信機械器具製造業","26","","全規模","20210","","2021年度","","34,200,564","26,402,695","5,185,393","2,612,476"
"145","","情報通信機械器具製造業","26","","全規模","20220","","2022年度","","35,074,892","28,118,907","4,896,170","2,059,815"
"145","","情報通信機械器具製造業","26","","全規模","20230","","2023年度","","35,656,601","28,765,675","5,357,588","1,533,338"
"145","","情報通信機械器具製造業","26","","全規模","20240","","2024年度","","36,871,550","28,885,414","5,649,158","2,336,978"
"146","","輸送用機械器具製造業(集約)","26","","全規模","20040","","2004年度","","58,549,678","49,691,856","6,398,422","2,459,400"
"146","","輸送用機械器具製造業(集約)","26","","全規模","20050","","2005年度","","61,459,899","52,076,398","6,436,860","2,946,641"
"146","","輸送用機械器具製造業(集約)","26","","全規模","20060","","2006年度","","69,766,225","59,651,846","6,965,219","3,149,160"
"146","","輸送用機械器具製造業(集約)","26","","全規模","20070","","2007年度","","74,155,012","63,596,421","7,250,009","3,308,582"
"146","","輸送用機械器具製造業(集約)","26","","全規模","20080","","2008年度","","63,774,331","57,654,773","6,859,970","-740,412"
"146","","輸送用機械器具製造業(集約)","26","","全規模","20090","","2009年度","","57,654,269","51,678,046","6,028,920","-52,697"
"146","","輸送用機械器具製造業(集約)","26","","全規模","20100","","2010年度","","62,909,459","55,493,776","6,399,841","1,015,842"
"146","","輸送用機械器具製造業(集約)","26","","全規模","20110","","2011年度","","62,115,801","55,374,054","6,070,387","671,360"
"146","","輸送用機械器具製造業(集約)","26","","全規模","20120","","2012年度","","66,600,447","57,887,645","6,451,115","2,261,687"
"146","","輸送用機械器具製造業(集約)","26","","全規模","20130","","2013年度","","68,702,162","57,910,475","6,780,908","4,010,779"
"146","","輸送用機械器具製造業(集約)","26","","全規模","20140","","2014年度","","68,873,590","57,689,928","7,408,872","3,774,790"
"146","","輸送用機械器具製造業(集約)","26","","全規模","20150","","2015年度","","70,912,542","59,690,346","7,654,002","3,568,194"
"146","","輸送用機械器具製造業(集約)","26","","全規模","20160","","2016年度","","75,026,720","64,124,843","7,924,918","2,976,959"
"146","","輸送用機械器具製造業(集約)","26","","全規模","20170","","2017年度","","78,145,326","66,233,567","8,092,503","3,819,256"
"146","","輸送用機械器具製造業(集約)","26","","全規模","20180","","2018年度","","79,514,005","67,947,380","8,464,593","3,102,032"
"146","","輸送用機械器具製造業(集約)","26","","全規模","20190","","2019年度","","79,210,617","69,059,446","8,545,386","1,605,785"
"146","","輸送用機械器具製造業(集約)","26","","全規模","20200","","2020年度","","70,992,989","62,717,675","7,554,783","720,531"
"146","","輸送用機械器具製造業(集約)","26","","全規模","20210","","2021年度","","74,729,931","64,755,138","7,895,440","2,079,353"
"146","","輸送用機械器具製造業(集約)","26","","全規模","20220","","2022年度","","83,398,666","71,902,622","8,684,584","2,811,460"
"146","","輸送用機械器具製造業(集約)","26","","全規模","20230","","2023年度","","93,731,836","79,114,491","9,418,153","5,199,192"
"146","","輸送用機械器具製造業(集約)","26","","全規模","20240","","2024年度","","100,435,732","84,773,022","10,503,977","5,158,733"
"123","","自動車・同附属品製造業","26","","全規模","20000","","2000年度","","46,796,314","39,689,118","5,640,735","1,466,461"
"123","","自動車・同附属品製造業","26","","全規模","20010","","2001年度","","46,844,452","39,260,978","5,545,033","2,038,441"
"123","","自動車・同附属品製造業","26","","全規模","20020","","2002年度","","48,790,149","41,396,749","5,050,886","2,342,514"
"123","","自動車・同附属品製造業","26","","全規模","20030","","2003年度","","56,859,895","47,416,355","6,855,158","2,588,382"
"123","","自動車・同附属品製造業","26","","全規模","20040","","2004年度","","53,392,491","45,131,365","5,924,174","2,336,952"
"123","","自動車・同附属品製造業","26","","全規模","20050","","2005年度","","55,562,043","46,871,057","5,934,829","2,756,157"
"123","","自動車・同附属品製造業","26","","全規模","20060","","2006年度","","63,760,342","54,354,133","6,451,419","2,954,790"
"123","","自動車・同附属品製造業","26","","全規模","20070","","2007年度","","66,324,148","56,746,690","6,553,294","3,024,164"
"123","","自動車・同附属品製造業","26","","全規模","20080","","2008年度","","56,307,841","51,037,898","6,197,889","-927,946"
"123","","自動車・同附属品製造業","26","","全規模","20090","","2009年度","","50,986,347","45,856,568","5,394,956","-265,177"
"123","","自動車・同附属品製造業","26","","全規模","20100","","2010年度","","55,934,573","49,549,171","5,735,932","649,470"
"123","","自動車・同附属品製造業","26","","全規模","20110","","2011年度","","55,385,621","49,710,768","5,376,532","298,321"
"123","","自動車・同附属品製造業","26","","全規模","20120","","2012年度","","59,692,364","52,036,441","5,722,418","1,933,505"
"123","","自動車・同附属品製造業","26","","全規模","20130","","2013年度","","62,566,161","52,734,538","6,180,142","3,651,481"
"123","","自動車・同附属品製造業","26","","全規模","20140","","2014年度","","62,540,469","52,234,733","6,780,856","3,524,880"
"123","","自動車・同附属品製造業","26","","全規模","20150","","2015年度","","64,520,772","54,179,639","7,015,518","3,325,615"
"123","","自動車・同附属品製造業","26","","全規模","20160","","2016年度","","67,887,357","57,841,730","7,193,402","2,852,225"
"123","","自動車・同附属品製造業","26","","全規模","20170","","2017年度","","70,377,609","59,433,458","7,241,465","3,702,686"
"123","","自動車・同附属品製造業","26","","全規模","20180","","2018年度","","72,502,878","61,888,367","7,628,646","2,985,865"
"123","","自動車・同附属品製造業","26","","全規模","20190","","2019年度","","72,310,303","63,096,062","7,682,778","1,531,463"
"123","","自動車・同附属品製造業","26","","全規模","20200","","2020年度","","64,340,738","56,833,903","6,817,548","689,287"
"123","","自動車・同附属品製造業","26","","全規模","20210","","2021年度","","68,324,922","59,101,998","7,239,792","1,983,132"
"123","","自動車・同附属品製造業","26","","全規模","20220","","2022年度","","76,587,123","66,064,991","7,886,778","2,635,354"
"123","","自動車・同附属品製造業","26","","全規模","20230","","2023年度","","87,076,160","73,397,099","8,655,573","5,023,488"
"123","","自動車・同附属品製造業","26","","全規模","20240","","2024年度","","92,508,809","78,054,188","9,717,840","4,736,781"
"125","","その他の輸送用機械器具製造業","26","","全規模","20000","","2000年度","","6,627,407","5,983,273","521,355","122,779"
"125","","その他の輸送用機械器具製造業","26","","全規模","20010","","2001年度","","6,560,344","5,849,688","524,792","185,864"
"125","","その他の輸送用機械器具製造業","26","","全規模","20020","","2002年度","","6,329,450","5,609,232","495,708","224,510"
"125","","その他の輸送用機械器具製造業","26","","全規模","20030","","2003年度","","2,252,282","2,007,993","192,967","51,322"
"125","","その他の輸送用機械器具製造業","26","","全規模","20040","","2004年度","","5,157,187","4,560,491","474,248","122,448"
"125","","その他の輸送用機械器具製造業","26","","全規模","20050","","2005年度","","5,897,856","5,205,341","502,031","190,484"
"125","","その他の輸送用機械器具製造業","26","","全規模","20060","","2006年度","","6,005,883","5,297,713","513,800","194,370"
"125","","その他の輸送用機械器具製造業","26","","全規模","20070","","2007年度","","7,830,864","6,849,731","696,715","284,418"
"125","","その他の輸送用機械器具製造業","26","","全規模","20080","","2008年度","","7,466,490","6,616,875","662,081","187,534"
"125","","その他の輸送用機械器具製造業","26","","全規模","20090","","2009年度","","6,667,922","5,821,478","633,964","212,480"
"125","","その他の輸送用機械器具製造業","26","","全規模","20100","","2010年度","","6,974,886","5,944,605","663,909","366,372"
"125","","その他の輸送用機械器具製造業","26","","全規模","20110","","2011年度","","6,730,180","5,663,286","693,855","373,039"
"125","","その他の輸送用機械器具製造業","26","","全規模","20120","","2012年度","","6,908,083","5,851,204","728,697","328,182"
"125","","その他の輸送用機械器具製造業","26","","全規模","20130","","2013年度","","6,136,001","5,175,937","600,766","359,298"
"125","","その他の輸送用機械器具製造業","26","","全規模","20140","","2014年度","","6,333,121","5,455,195","628,016","249,910"
"125","","その他の輸送用機械器具製造業","26","","全規模","20150","","2015年度","","6,391,770","5,510,707","638,484","242,579"
"125","","その他の輸送用機械器具製造業","26","","全規模","20160","","2016年度","","7,139,363","6,283,113","731,516","124,734"
"125","","その他の輸送用機械器具製造業","26","","全規模","20170","","2017年度","","7,767,717","6,800,109","851,038","116,570"
"125","","その他の輸送用機械器具製造業","26","","全規模","20180","","2018年度","","7,011,127","6,059,013","835,947","116,167"
"125","","その他の輸送用機械器具製造業","26","","全規模","20190","","2019年度","","6,900,314","5,963,384","862,608","74,322"
"125","","その他の輸送用機械器具製造業","26","","全規模","20200","","2020年度","","6,652,251","5,883,772","737,235","31,244"
"125","","その他の輸送用機械器具製造業","26","","全規模","20210","","2021年度","","6,405,009","5,653,140","655,648","96,221"
"125","","その他の輸送用機械器具製造業","26","","全規模","20220","","2022年度","","6,811,543","5,837,631","797,806","176,106"
"125","","その他の輸送用機械器具製造業","26","","全規模","20230","","2023年度","","6,655,676","5,717,392","762,580","175,704"
"125","","その他の輸送用機械器具製造業","26","","全規模","20240","","2024年度","","7,926,923","6,718,834","786,137","421,952"
"126","","その他の製造業","26","","全規模","20000","","2000年度","","36,471,190","27,823,943","7,249,151","1,398,096"
"126","","その他の製造業","26","","全規模","20010","","2001年度","","30,947,848","23,501,815","6,309,715","1,136,318"
"126","","その他の製造業","26","","全規模","20020","","2002年度","","30,292,669","22,787,540","6,417,867","1,087,262"
"126","","その他の製造業","26","","全規模","20030","","2003年度","","32,031,055","24,303,885","6,640,254","1,086,916"
"126","","その他の製造業","26","","全規模","20040","","2004年度","","34,842,121","26,224,937","7,097,358","1,519,826"
"126","","その他の製造業","26","","全規模","20050","","2005年度","","34,752,553","26,421,022","6,642,693","1,688,838"
"126","","その他の製造業","26","","全規模","20060","","2006年度","","37,872,516","27,968,307","8,155,457","1,748,752"
"126","","その他の製造業","26","","全規模","20070","","2007年度","","42,580,904","32,940,429","7,712,035","1,928,440"
"126","","その他の製造業","26","","全規模","20080","","2008年度","","40,137,814","31,859,717","6,799,629","1,478,468"
"126","","その他の製造業","26","","全規模","20090","","2009年度","","33,677,463","25,488,070","6,825,574","1,363,819"
"126","","その他の製造業","26","","全規模","20100","","2010年度","","34,800,345","26,245,015","6,783,961","1,771,369"
"126","","その他の製造業","26","","全規模","20110","","2011年度","","34,483,154","26,215,363","7,231,167","1,036,624"
"126","","その他の製造業","26","","全規模","20120","","2012年度","","32,655,955","24,992,492","6,522,680","1,140,783"
"126","","その他の製造業","26","","全規模","20130","","2013年度","","33,561,511","26,069,613","6,272,134","1,219,764"
"126","","その他の製造業","26","","全規模","20140","","2014年度","","35,083,753","26,651,277","7,041,618","1,390,858"
"126","","その他の製造業","26","","全規模","20150","","2015年度","","32,618,954","23,801,107","7,047,787","1,770,060"
"126","","その他の製造業","26","","全規模","20160","","2016年度","","30,813,289","22,682,962","6,617,648","1,512,679"
"126","","その他の製造業","26","","全規模","20170","","2017年度","","35,220,838","26,356,655","7,093,459","1,770,724"
"126","","その他の製造業","26","","全規模","20180","","2018年度","","34,093,252","25,787,195","6,627,728","1,678,329"
"126","","その他の製造業","26","","全規模","20190","","2019年度","","34,497,652","26,347,727","6,617,097","1,532,828"
"126","","その他の製造業","26","","全規模","20200","","2020年度","","30,470,318","22,786,753","5,949,099","1,734,466"
"126","","その他の製造業","26","","全規模","20210","","2021年度","","33,354,613","24,060,938","7,348,230","1,945,445"
"126","","その他の製造業","26","","全規模","20220","","2022年度","","37,848,168","27,684,278","8,474,512","1,689,378"
"126","","その他の製造業","26","","全規模","20230","","2023年度","","39,643,101","28,975,366","8,300,593","2,367,142"
"126","","その他の製造業","26","","全規模","20240","","2024年度","","38,461,357","28,114,390","8,489,447","1,857,520"
"144","","非製造業","26","","全規模","20000","","2000年度","","1,014,046,097","781,472,315","210,918,576","21,655,206"
"144","","非製造業","26","","全規模","20010","","2001年度","","955,348,161","733,171,846","202,899,230","19,277,085"
"144","","非製造業","26","","全規模","20020","","2002年度","","949,270,748","726,634,646","202,789,573","19,846,529"
"144","","非製造業","26","","全規模","20030","","2003年度","","949,723,789","727,025,904","200,918,220","21,779,665"
"144","","非製造業","26","","全規模","20040","","2004年度","","1,010,667,343","766,413,172","219,121,094","25,133,077"
"144","","非製造業","26","","全規模","20050","","2005年度","","1,073,125,753","820,370,859","224,540,117","28,214,777"
"144","","非製造業","26","","全規模","20060","","2006年度","","1,116,097,046","863,741,571","224,093,429","28,262,046"
"144","","非製造業","26","","全規模","20070","","2007年度","","1,108,462,238","861,779,656","218,594,544","28,088,038"
"144","","非製造業","26","","全規模","20080","","2008年度","","1,063,154,615","816,216,671","224,298,852","22,639,092"
"144","","非製造業","26","","全規模","20090","","2009年度","","986,804,117","734,633,751","230,514,867","21,655,499"
"144","","非製造業","26","","全規模","20100","","2010年度","","982,428,962","733,655,132","222,456,224","26,317,606"
"144","","非製造業","26","","全規模","20110","","2011年度","","978,955,241","726,922,318","224,199,334","27,833,589"
"144","","非製造業","26","","全規模","20120","","2012年度","","988,001,938","739,677,971","219,540,339","28,783,628"
"144","","非製造業","26","","全規模","20130","","2013年度","","1,015,000,560","762,918,106","219,586,076","32,496,378"
"144","","非製造業","26","","全規模","20140","","2014年度","","1,042,760,076","779,987,901","226,289,782","36,482,393"
"144","","非製造業","26","","全規模","20150","","2015年度","","1,033,692,016","760,110,801","234,127,032","39,454,183"
"144","","非製造業","26","","全規模","20160","","2016年度","","1,060,194,857","775,333,647","243,364,771","41,496,439"
"144","","非製造業","26","","全規模","20170","","2017年度","","1,137,883,020","841,277,101","249,698,526","46,907,393"
"144","","非製造業","26","","全規模","20180","","2018年度","","1,120,941,649","827,243,535","245,120,251","48,577,863"
"144","","非製造業","26","","全規模","20190","","2019年度","","1,083,398,890","795,351,752","246,889,186","41,157,952"
"144","","非製造業","26","","全規模","20200","","2020年度","","997,374,831","727,182,983","239,971,386","30,220,462"
"144","","非製造業","26","","全規模","20210","","2021年度","","1,046,113,809","757,115,603","255,526,623","33,471,583"
"144","","非製造業","26","","全規模","20220","","2022年度","","1,142,097,695","825,815,592","272,591,493","43,690,610"
"144","","非製造業","26","","全規模","20230","","2023年度","","1,185,799,027","848,716,294","284,113,793","52,968,940"
"144","","非製造業","26","","全規模","20240","","2024年度","","1,224,606,630","869,043,257","295,974,491","59,588,882"
"105","","農林水産業(集約)","26","","全規模","20000","","2000年度","","3,730,286","2,800,020","947,701","-17,435"
"105","","農林水産業(集約)","26","","全規模","20010","","2001年度","","3,800,178","2,877,446","971,809","-49,077"
"105","","農林水産業(集約)","26","","全規模","20020","","2002年度","","4,207,298","3,209,470","1,073,906","-76,078"
"105","","農林水産業(集約)","26","","全規模","20030","","2003年度","","3,626,354","2,698,012","984,613","-56,271"
"105","","農林水産業(集約)","26","","全規模","20040","","2004年度","","3,525,899","2,651,840","960,036","-85,977"
"105","","農林水産業(集約)","26","","全規模","20050","","2005年度","","4,579,275","3,592,992","942,820","43,463"
"105","","農林水産業(集約)","26","","全規模","20060","","2006年度","","2,796,220","2,063,742","754,248","-21,770"
"105","","農林水産業(集約)","26","","全規模","20070","","2007年度","","3,200,027","2,363,420","841,533","-4,926"
"105","","農林水産業(集約)","26","","全規模","20080","","2008年度","","4,110,765","3,318,592","1,058,878","-266,705"
"105","","農林水産業(集約)","26","","全規模","20090","","2009年度","","3,639,217","2,950,876","813,587","-125,246"
"105","","農林水産業(集約)","26","","全規模","20100","","2010年度","","3,872,047","2,983,904","965,409","-77,266"
"105","","農林水産業(集約)","26","","全規模","20110","","2011年度","","4,252,695","3,221,724","1,123,594","-92,623"
"105","","農林水産業(集約)","26","","全規模","20120","","2012年度","","3,809,359","2,853,507","1,002,574","-46,722"
"105","","農林水産業(集約)","26","","全規模","20130","","2013年度","","3,867,274","2,993,712","930,034","-56,472"
"105","","農林水産業(集約)","26","","全規模","20140","","2014年度","","4,109,776","3,046,540","1,073,373","-10,137"
"105","","農林水産業(集約)","26","","全規模","20150","","2015年度","","3,975,774","2,835,366","1,156,274","-15,866"
"105","","農林水産業(集約)","26","","全規模","20160","","2016年度","","3,748,632","2,758,327","1,008,473","-18,168"
"105","","農林水産業(集約)","26","","全規模","20170","","2017年度","","5,897,808","4,419,389","1,407,296","71,123"
"105","","農林水産業(集約)","26","","全規模","20180","","2018年度","","6,488,707","4,981,895","1,537,564","-30,752"
"105","","農林水産業(集約)","26","","全規模","20190","","2019年度","","5,652,964","4,303,650","1,513,247","-163,933"
"105","","農林水産業(集約)","26","","全規模","20200","","2020年度","","4,735,633","3,717,185","1,166,634","-148,186"
"105","","農林水産業(集約)","26","","全規模","20210","","2021年度","","5,086,996","3,845,519","1,363,170","-121,693"
"105","","農林水産業(集約)","26","","全規模","20220","","2022年度","","5,640,360","4,238,598","1,645,651","-243,889"
"105","","農林水産業(集約)","26","","全規模","20230","","2023年度","","6,001,638","4,658,917","1,544,578","-201,857"
"105","","農林水産業(集約)","26","","全規模","20240","","2024年度","","6,848,226","5,240,941","1,848,069","-240,784"
"101","","農業、林業","26","","全規模","20090","","2009年度","","2,625,177","2,131,784","613,599","-120,206"
"101","","農業、林業","26","","全規模","20100","","2010年度","","2,997,224","2,281,651","774,111","-58,538"
"101","","農業、林業","26","","全規模","20110","","2011年度","","3,159,932","2,366,052","893,477","-99,597"
"101","","農業、林業","26","","全規模","20120","","2012年度","","2,781,066","2,049,440","768,716","-37,090"
"101","","農業、林業","26","","全規模","20130","","2013年度","","2,808,329","2,133,493","717,749","-42,913"
"101","","農業、林業","26","","全規模","20140","","2014年度","","2,982,783","2,134,736","835,280","12,767"
"101","","農業、林業","26","","全規模","20150","","2015年度","","2,780,354","1,892,050","895,137","-6,833"
"101","","農業、林業","26","","全規模","20160","","2016年度","","2,646,247","1,902,818","792,577","-49,148"
"101","","農業、林業","26","","全規模","20170","","2017年度","","4,493,424","3,285,173","1,174,632","33,619"
"101","","農業、林業","26","","全規模","20180","","2018年度","","4,885,895","3,687,749","1,212,409","-14,263"
"101","","農業、林業","26","","全規模","20190","","2019年度","","4,318,128","3,220,829","1,194,754","-97,455"
"101","","農業、林業","26","","全規模","20200","","2020年度","","3,662,566","2,831,067","926,503","-95,004"
"101","","農業、林業","26","","全規模","20210","","2021年度","","3,943,215","2,999,890","1,037,189","-93,864"
"101","","農業、林業","26","","全規模","20220","","2022年度","","4,379,841","3,270,711","1,324,200","-215,070"
"101","","農業、林業","26","","全規模","20230","","2023年度","","4,695,338","3,628,479","1,284,760","-217,901"
"101","","農業、林業","26","","全規模","20240","","2024年度","","5,475,817","4,176,092","1,520,391","-220,666"
"162","","農業(H20年度まで)","26","","全規模","20000","","2000年度","","1,953,305","1,382,222","580,706","-9,623"
"162","","農業(H20年度まで)","26","","全規模","20010","","2001年度","","2,017,886","1,489,635","566,799","-38,548"
"162","","農業(H20年度まで)","26","","全規模","20020","","2002年度","","2,413,118","1,775,520","716,405","-78,807"
"162","","農業(H20年度まで)","26","","全規模","20030","","2003年度","","2,093,600","1,492,578","646,418","-45,396"
"162","","農業(H20年度まで)","26","","全規模","20040","","2004年度","","2,278,975","1,692,653","664,876","-78,554"
"162","","農業(H20年度まで)","26","","全規模","20050","","2005年度","","3,266,489","2,532,514","677,380","56,595"
"162","","農業(H20年度まで)","26","","全規模","20060","","2006年度","","1,586,412","1,111,311","493,236","-18,135"
"162","","農業(H20年度まで)","26","","全規模","20070","","2007年度","","1,779,936","1,281,905","529,857","-31,826"
"162","","農業(H20年度まで)","26","","全規模","20080","","2008年度","","2,909,422","2,403,773","783,825","-278,176"
"102","","林業(H20年度まで)","26","","全規模","20000","","2000年度","","220,266","145,713","72,334","2,219"
"102","","林業(H20年度まで)","26","","全規模","20010","","2001年度","","197,612","134,352","65,877","-2,617"
"102","","林業(H20年度まで)","26","","全規模","20020","","2002年度","","219,620","142,367","75,521","1,732"
"102","","林業(H20年度まで)","26","","全規模","20030","","2003年度","","191,368","116,350","73,878","1,140"
"102","","林業(H20年度まで)","26","","全規模","20040","","2004年度","","247,205","181,377","63,700","2,128"
"102","","林業(H20年度まで)","26","","全規模","20050","","2005年度","","243,683","178,943","63,022","1,718"
"102","","林業(H20年度まで)","26","","全規模","20060","","2006年度","","214,290","145,664","66,125","2,501"
"102","","林業(H20年度まで)","26","","全規模","20070","","2007年度","","239,000","174,218","62,134","2,648"
"102","","林業(H20年度まで)","26","","全規模","20080","","2008年度","","241,500","171,486","71,016","-1,002"
"103","","漁業","26","","全規模","20000","","2000年度","","1,556,715","1,272,085","294,661","-10,031"
"103","","漁業","26","","全規模","20010","","2001年度","","1,584,680","1,253,459","339,133","-7,912"
"103","","漁業","26","","全規模","20020","","2002年度","","1,574,560","1,291,583","281,980","997"
"103","","漁業","26","","全規模","20030","","2003年度","","1,341,386","1,089,084","264,317","-12,015"
"103","","漁業","26","","全規模","20040","","2004年度","","999,719","777,810","231,460","-9,551"
"103","","漁業","26","","全規模","20050","","2005年度","","1,069,103","881,535","202,418","-14,850"
"103","","漁業","26","","全規模","20060","","2006年度","","995,518","806,767","194,887","-6,136"
"103","","漁業","26","","全規模","20070","","2007年度","","1,181,091","907,297","249,542","24,252"
"103","","漁業","26","","全規模","20080","","2008年度","","959,843","743,333","204,037","12,473"
"103","","漁業","26","","全規模","20090","","2009年度","","1,014,040","819,092","199,988","-5,040"
"103","","漁業","26","","全規模","20100","","2010年度","","874,823","702,253","191,298","-18,728"
"103","","漁業","26","","全規模","20110","","2011年度","","1,092,763","855,672","230,117","6,974"
"103","","漁業","26","","全規模","20120","","2012年度","","1,028,293","804,067","233,858","-9,632"
"103","","漁業","26","","全規模","20130","","2013年度","","1,058,945","860,219","212,285","-13,559"
"103","","漁業","26","","全規模","20140","","2014年度","","1,126,993","911,804","238,093","-22,904"
"103","","漁業","26","","全規模","20150","","2015年度","","1,195,420","943,316","261,137","-9,033"
"103","","漁業","26","","全規模","20160","","2016年度","","1,102,385","855,509","215,896","30,980"
"103","","漁業","26","","全規模","20170","","2017年度","","1,404,384","1,134,216","232,664","37,504"
"103","","漁業","26","","全規模","20180","","2018年度","","1,602,812","1,294,146","325,155","-16,489"
"103","","漁業","26","","全規模","20190","","2019年度","","1,334,836","1,082,821","318,493","-66,478"
"103","","漁業","26","","全規模","20200","","2020年度","","1,073,067","886,118","240,131","-53,182"
"103","","漁業","26","","全規模","20210","","2021年度","","1,143,781","845,629","325,981","-27,829"
"103","","漁業","26","","全規模","20220","","2022年度","","1,260,519","967,887","321,451","-28,819"
"103","","漁業","26","","全規模","20230","","2023年度","","1,306,300","1,030,438","259,818","16,044"
"103","","漁業","26","","全規模","20240","","2024年度","","1,372,409","1,064,849","327,678","-20,118"
"106","","鉱業、採石業、砂利採取業","26","","全規模","20000","","2000年度","","2,921,113","1,902,509","595,332","423,272"
"106","","鉱業、採石業、砂利採取業","26","","全規模","20010","","2001年度","","2,938,410","2,001,860","607,723","328,827"
"106","","鉱業、採石業、砂利採取業","26","","全規模","20020","","2002年度","","2,844,147","1,963,619","514,767","365,761"
"106","","鉱業、採石業、砂利採取業","26","","全規模","20030","","2003年度","","3,122,910","2,250,372","523,545","348,993"
"106","","鉱業、採石業、砂利採取業","26","","全規模","20040","","2004年度","","2,397,554","1,526,362","444,436","426,756"
"106","","鉱業、採石業、砂利採取業","26","","全規模","20050","","2005年度","","3,195,796","1,979,743","461,170","754,883"
"106","","鉱業、採石業、砂利採取業","26","","全規模","20060","","2006年度","","3,226,455","1,842,593","396,758","987,104"
"106","","鉱業、採石業、砂利採取業","26","","全規模","20070","","2007年度","","3,882,449","2,420,590","435,407","1,026,452"
"106","","鉱業、採石業、砂利採取業","26","","全規模","20080","","2008年度","","3,946,965","2,473,299","435,224","1,038,442"
"106","","鉱業、採石業、砂利採取業","26","","全規模","20090","","2009年度","","2,932,813","1,837,495","453,224","642,094"
"106","","鉱業、採石業、砂利採取業","26","","全規模","20100","","2010年度","","3,287,666","2,015,232","473,853","798,581"
"106","","鉱業、採石業、砂利採取業","26","","全規模","20110","","2011年度","","3,428,309","1,988,410","454,852","985,047"
"106","","鉱業、採石業、砂利採取業","26","","全規模","20120","","2012年度","","3,514,507","1,988,528","438,896","1,087,083"
"106","","鉱業、採石業、砂利採取業","26","","全規模","20130","","2013年度","","3,692,488","2,056,024","417,190","1,219,274"
"106","","鉱業、採石業、砂利採取業","26","","全規模","20140","","2014年度","","3,501,750","2,051,670","376,917","1,073,163"
"106","","鉱業、採石業、砂利採取業","26","","全規模","20150","","2015年度","","3,053,288","2,036,436","431,898","584,954"
"106","","鉱業、採石業、砂利採取業","26","","全規模","20160","","2016年度","","2,676,979","1,859,054","427,093","390,832"
"106","","鉱業、採石業、砂利採取業","26","","全規模","20170","","2017年度","","2,457,900","1,599,711","370,068","488,121"
"106","","鉱業、採石業、砂利採取業","26","","全規模","20180","","2018年度","","2,558,930","1,572,834","400,567","585,529"
"106","","鉱業、採石業、砂利採取業","26","","全規模","20190","","2019年度","","2,637,214","1,654,457","403,417","579,340"
"106","","鉱業、採石業、砂利採取業","26","","全規模","20200","","2020年度","","2,106,144","1,477,963","367,574","260,607"
"106","","鉱業、採石業、砂利採取業","26","","全規模","20210","","2021年度","","2,436,889","1,515,616","411,142","510,131"
"106","","鉱業、採石業、砂利採取業","26","","全規模","20220","","2022年度","","3,265,341","2,039,209","435,919","790,213"
"106","","鉱業、採石業、砂利採取業","26","","全規模","20230","","2023年度","","3,079,234","1,872,049","435,820","771,365"
"106","","鉱業、採石業、砂利採取業","26","","全規模","20240","","2024年度","","2,503,866","1,579,893","449,003","474,970"
"107","","建設業","26","","全規模","20000","","2000年度","","144,545,411","119,931,209","22,335,496","2,278,706"
"107","","建設業","26","","全規模","20010","","2001年度","","139,353,666","115,434,023","22,009,206","1,910,437"
"107","","建設業","26","","全規模","20020","","2002年度","","135,446,428","113,056,239","20,673,006","1,717,183"
"107","","建設業","26","","全規模","20030","","2003年度","","127,455,370","106,306,552","19,321,422","1,827,396"
"107","","建設業","26","","全規模","20040","","2004年度","","124,800,681","102,930,632","19,741,951","2,128,098"
"107","","建設業","26","","全規模","20050","","2005年度","","128,856,215","107,076,293","19,784,437","1,995,485"
"107","","建設業","26","","全規模","20060","","2006年度","","134,990,845","112,564,629","20,072,816","2,353,400"
"107","","建設業","26","","全規模","20070","","2007年度","","135,015,542","111,644,913","21,217,320","2,153,309"
"107","","建設業","26","","全規模","20080","","2008年度","","126,277,563","105,382,441","19,597,615","1,297,507"
"107","","建設業","26","","全規模","20090","","2009年度","","120,700,516","98,913,945","20,499,444","1,287,127"
"107","","建設業","26","","全規模","20100","","2010年度","","111,299,608","91,196,517","18,518,075","1,585,016"
"107","","建設業","26","","全規模","20110","","2011年度","","109,453,339","89,707,732","18,222,676","1,522,931"
"107","","建設業","26","","全規模","20120","","2012年度","","114,991,717","95,032,278","17,714,675","2,244,764"
"107","","建設業","26","","全規模","20130","","2013年度","","122,500,418","100,751,303","18,838,881","2,910,234"
"107","","建設業","26","","全規模","20140","","2014年度","","128,514,826","104,186,956","20,168,628","4,159,242"
"107","","建設業","26","","全規模","20150","","2015年度","","122,713,468","98,471,545","19,445,259","4,796,664"
"107","","建設業","26","","全規模","20160","","2016年度","","128,966,154","102,298,823","20,757,216","5,910,115"
"107","","建設業","26","","全規模","20170","","2017年度","","141,115,273","110,978,065","24,170,695","5,966,513"
"107","","建設業","26","","全規模","20180","","2018年度","","144,959,886","114,226,262","24,401,502","6,332,122"
"107","","建設業","26","","全規模","20190","","2019年度","","143,325,285","112,644,985","24,554,352","6,125,948"
"107","","建設業","26","","全規模","20200","","2020年度","","133,870,021","104,700,999","23,454,922","5,714,100"
"107","","建設業","26","","全規模","20210","","2021年度","","136,668,563","106,727,194","24,643,730","5,297,639"
"107","","建設業","26","","全規模","20220","","2022年度","","149,827,760","117,813,883","25,962,950","6,050,927"
"107","","建設業","26","","全規模","20230","","2023年度","","150,982,004","116,236,848","28,742,822","6,002,334"
"107","","建設業","26","","全規模","20240","","2024年度","","154,268,463","117,751,528","29,641,394","6,875,541"
"135","","電気業","26","","全規模","20000","","2000年度","","16,370,191","11,807,305","2,359,715","2,203,171"
"135","","電気業","26","","全規模","20010","","2001年度","","16,065,803","11,760,992","2,280,528","2,024,283"
"135","","電気業","26","","全規模","20020","","2002年度","","15,555,325","11,332,861","2,358,363","1,864,101"
"135","","電気業","26","","全規模","20030","","2003年度","","15,145,894","11,047,834","2,277,606","1,820,454"
"135","","電気業","26","","全規模","20040","","2004年度","","16,134,456","11,612,615","2,461,175","2,060,666"
"135","","電気業","26","","全規模","20050","","2005年度","","16,545,460","12,760,876","1,999,956","1,784,628"
"135","","電気業","26","","全規模","20060","","2006年度","","16,782,174","13,063,912","2,155,661","1,562,601"
"135","","電気業","26","","全規模","20070","","2007年度","","17,502,763","14,649,021","2,020,600","833,142"
"135","","電気業","26","","全規模","20080","","2008年度","","18,848,529","16,107,761","2,355,334","385,434"
"135","","電気業","26","","全規模","20090","","2009年度","","16,521,549","13,091,033","2,385,142","1,045,374"
"135","","電気業","26","","全規模","20100","","2010年度","","17,883,006","14,250,692","2,352,035","1,280,279"
"135","","電気業","26","","全規模","20110","","2011年度","","18,151,519","16,855,182","2,098,755","-802,418"
"135","","電気業","26","","全規模","20120","","2012年度","","19,222,937","18,266,022","1,981,525","-1,024,610"
"135","","電気業","26","","全規模","20130","","2013年度","","21,343,563","19,422,968","1,848,761","71,834"
"135","","電気業","26","","全規模","20140","","2014年度","","22,162,328","19,711,529","1,836,016","614,783"
"135","","電気業","26","","全規模","20150","","2015年度","","20,517,969","17,161,397","1,944,055","1,412,517"
"135","","電気業","26","","全規模","20160","","2016年度","","23,535,419","20,417,302","2,119,545","998,572"
"135","","電気業","26","","全規模","20170","","2017年度","","25,894,007","22,491,043","2,227,864","1,175,100"
"135","","電気業","26","","全規模","20180","","2018年度","","27,585,319","24,375,965","2,195,278","1,014,076"
"135","","電気業","26","","全規模","20190","","2019年度","","28,103,771","24,678,474","2,373,258","1,052,039"
"135","","電気業","26","","全規模","20200","","2020年度","","27,793,455","24,271,151","2,575,248","947,056"
"135","","電気業","26","","全規模","20210","","2021年度","","28,517,238","25,586,830","2,959,587","-29,179"
"135","","電気業","26","","全規模","20220","","2022年度","","41,158,720","38,792,604","3,083,932","-717,816"
"135","","電気業","26","","全規模","20230","","2023年度","","37,884,700","32,064,708","3,666,365","2,153,627"
"135","","電気業","26","","全規模","20240","","2024年度","","42,505,700","36,681,099","3,600,961","2,223,640"
"136","","ガス・熱供給・水道業","26","","全規模","20000","","2000年度","","2,986,399","1,483,148","1,272,402","230,849"
"136","","ガス・熱供給・水道業","26","","全規模","20010","","2001年度","","2,919,066","1,454,120","1,205,270","259,676"
"136","","ガス・熱供給・水道業","26","","全規模","20020","","2002年度","","3,025,423","1,535,562","1,226,810","263,051"
"136","","ガス・熱供給・水道業","26","","全規模","20030","","2003年度","","3,128,709","1,579,183","1,249,414","300,112"
"136","","ガス・熱供給・水道業","26","","全規模","20040","","2004年度","","3,140,941","1,637,531","1,222,311","281,099"
"136","","ガス・熱供給・水道業","26","","全規模","20050","","2005年度","","3,315,362","1,892,411","1,185,684","237,267"
"136","","ガス・熱供給・水道業","26","","全規模","20060","","2006年度","","3,705,588","2,232,020","1,192,301","281,267"
"136","","ガス・熱供給・水道業","26","","全規模","20070","","2007年度","","3,990,686","2,595,789","1,242,677","152,220"
"136","","ガス・熱供給・水道業","26","","全規模","20080","","2008年度","","4,373,715","2,982,653","1,270,673","120,389"
"136","","ガス・熱供給・水道業","26","","全規模","20090","","2009年度","","3,714,604","2,217,116","1,296,692","200,796"
"136","","ガス・熱供給・水道業","26","","全規模","20100","","2010年度","","4,046,663","2,563,617","1,252,972","230,074"
"136","","ガス・熱供給・水道業","26","","全規模","20110","","2011年度","","4,773,188","3,268,528","1,334,566","170,094"
"136","","ガス・熱供給・水道業","26","","全規模","20120","","2012年度","","4,886,815","3,448,513","1,207,859","230,443"
"136","","ガス・熱供給・水道業","26","","全規模","20130","","2013年度","","5,518,186","3,967,298","1,288,632","262,256"
"136","","ガス・熱供給・水道業","26","","全規模","20140","","2014年度","","5,909,087","4,281,035","1,319,557","308,495"
"136","","ガス・熱供給・水道業","26","","全規模","20150","","2015年度","","5,066,616","3,303,676","1,333,974","428,966"
"136","","ガス・熱供給・水道業","26","","全規模","20160","","2016年度","","4,323,437","2,775,160","1,349,613","198,664"
"136","","ガス・熱供給・水道業","26","","全規模","20170","","2017年度","","4,861,331","3,233,948","1,389,767","237,616"
"136","","ガス・熱供給・水道業","26","","全規模","20180","","2018年度","","5,081,065","3,592,226","1,318,749","170,090"
"136","","ガス・熱供給・水道業","26","","全規模","20190","","2019年度","","5,119,577","3,572,552","1,343,452","203,573"
"136","","ガス・熱供給・水道業","26","","全規模","20200","","2020年度","","4,853,102","3,337,946","1,319,501","195,655"
"136","","ガス・熱供給・水道業","26","","全規模","20210","","2021年度","","5,584,803","4,105,593","1,349,174","130,036"
"136","","ガス・熱供給・水道業","26","","全規模","20220","","2022年度","","8,881,458","6,827,657","1,707,455","346,346"
"136","","ガス・熱供給・水道業","26","","全規模","20230","","2023年度","","7,430,787","5,628,904","1,508,309","293,574"
"136","","ガス・熱供給・水道業","26","","全規模","20240","","2024年度","","7,630,368","5,810,417","1,591,763","228,188"
"142","","情報通信業","26","","全規模","20000","","2000年度","","3,417,849","1,771,657","1,369,152","277,040"
"142","","情報通信業","26","","全規模","20010","","2001年度","","3,608,595","1,924,912","1,443,665","240,018"
"142","","情報通信業","26","","全規模","20020","","2002年度","","3,649,069","2,100,939","1,363,157","184,973"
"142","","情報通信業","26","","全規模","20030","","2003年度","","3,877,435","2,177,371","1,439,989","260,075"
"142","","情報通信業","26","","全規模","20040","","2004年度","","52,756,855","30,406,739","19,146,587","3,203,529"
"142","","情報通信業","26","","全規模","20050","","2005年度","","55,895,460","29,757,244","22,545,674","3,592,542"
"142","","情報通信業","26","","全規模","20060","","2006年度","","58,986,486","32,826,368","22,681,859","3,478,259"
"142","","情報通信業","26","","全規模","20070","","2007年度","","55,836,702","29,084,311","23,294,184","3,458,207"
"142","","情報通信業","26","","全規模","20080","","2008年度","","57,494,285","30,042,997","24,010,928","3,440,360"
"142","","情報通信業","26","","全規模","20090","","2009年度","","58,038,781","26,752,731","27,375,125","3,910,925"
"142","","情報通信業","26","","全規模","20100","","2010年度","","58,454,663","28,452,222","25,791,034","4,211,407"
"142","","情報通信業","26","","全規模","20110","","2011年度","","54,683,655","28,908,646","21,785,295","3,989,714"
"142","","情報通信業","26","","全規模","20120","","2012年度","","57,925,875","30,956,146","22,357,912","4,611,817"
"142","","情報通信業","26","","全規模","20130","","2013年度","","59,813,847","32,875,920","22,760,928","4,176,999"
"142","","情報通信業","26","","全規模","20140","","2014年度","","59,575,572","30,196,434","24,817,118","4,562,020"
"142","","情報通信業","26","","全規模","20150","","2015年度","","66,451,013","33,865,981","26,775,597","5,809,435"
"142","","情報通信業","26","","全規模","20160","","2016年度","","68,819,539","36,401,525","25,864,148","6,553,866"
"142","","情報通信業","26","","全規模","20170","","2017年度","","72,903,542","38,948,964","26,971,970","6,982,608"
"142","","情報通信業","26","","全規模","20180","","2018年度","","76,179,443","43,221,571","26,207,020","6,750,852"
"142","","情報通信業","26","","全規模","20190","","2019年度","","78,054,497","42,319,746","29,127,070","6,607,681"
"142","","情報通信業","26","","全規模","20200","","2020年度","","77,373,703","41,558,564","29,168,418","6,646,721"
"142","","情報通信業","26","","全規模","20210","","2021年度","","79,981,288","42,480,641","30,636,986","6,863,661"
"142","","情報通信業","26","","全規模","20220","","2022年度","","82,602,347","44,441,704","30,300,132","7,860,511"
"142","","情報通信業","26","","全規模","20230","","2023年度","","81,803,447","45,184,348","29,563,952","7,055,147"
"142","","情報通信業","26","","全規模","20240","","2024年度","","87,413,759","45,424,777","34,853,988","7,134,994"
"134","","運輸業、郵便業(集約)","26","","全規模","20000","","2000年度","","76,458,473","45,782,385","27,340,513","3,335,575"
"134","","運輸業、郵便業(集約)","26","","全規模","20010","","2001年度","","74,869,766","46,524,389","25,591,746","2,753,631"
"134","","運輸業、郵便業(集約)","26","","全規模","20020","","2002年度","","76,938,161","48,489,399","24,485,085","3,963,677"
"134","","運輸業、郵便業(集約)","26","","全規模","20030","","2003年度","","79,410,724","51,268,351","24,125,681","4,016,692"
"134","","運輸業、郵便業(集約)","26","","全規模","20040","","2004年度","","58,803,453","41,612,196","14,393,972","2,797,285"
"134","","運輸業、郵便業(集約)","26","","全規模","20050","","2005年度","","57,673,509","43,198,574","11,617,428","2,857,507"
"134","","運輸業、郵便業(集約)","26","","全規模","20060","","2006年度","","67,695,053","51,963,789","12,382,067","3,349,197"
"134","","運輸業、郵便業(集約)","26","","全規模","20070","","2007年度","","67,360,874","52,185,503","11,865,561","3,309,810"
"134","","運輸業、郵便業(集約)","26","","全規模","20080","","2008年度","","62,182,540","47,839,266","12,202,038","2,141,236"
"134","","運輸業、郵便業(集約)","26","","全規模","20090","","2009年度","","56,725,816","44,080,882","11,244,832","1,400,102"
"134","","運輸業、郵便業(集約)","26","","全規模","20100","","2010年度","","57,293,490","44,580,574","10,586,296","2,126,620"
"134","","運輸業、郵便業(集約)","26","","全規模","20110","","2011年度","","63,115,154","48,274,431","12,654,361","2,186,362"
"134","","運輸業、郵便業(集約)","26","","全規模","20120","","2012年度","","67,571,439","52,186,869","12,758,148","2,626,422"
"134","","運輸業、郵便業(集約)","26","","全規模","20130","","2013年度","","65,393,801","49,717,691","12,965,029","2,711,081"
"134","","運輸業、郵便業(集約)","26","","全規模","20140","","2014年度","","69,406,713","53,386,402","13,126,560","2,893,751"
"134","","運輸業、郵便業(集約)","26","","全規模","20150","","2015年度","","69,773,616","53,753,031","12,509,930","3,510,655"
"134","","運輸業、郵便業(集約)","26","","全規模","20160","","2016年度","","65,298,168","49,235,447","12,940,700","3,122,021"
"134","","運輸業、郵便業(集約)","26","","全規模","20170","","2017年度","","66,041,540","50,004,746","12,675,548","3,361,246"
"134","","運輸業、郵便業(集約)","26","","全規模","20180","","2018年度","","71,862,499","53,836,859","14,489,731","3,535,909"
"134","","運輸業、郵便業(集約)","26","","全規模","20190","","2019年度","","67,085,121","50,775,502","13,324,875","2,984,744"
"134","","運輸業、郵便業(集約)","26","","全規模","20200","","2020年度","","57,354,490","46,253,378","12,702,347","-1,601,235"
"134","","運輸業、郵便業(集約)","26","","全規模","20210","","2021年度","","66,002,340","53,664,439","12,470,906","-133,005"
"134","","運輸業、郵便業(集約)","26","","全規模","20220","","2022年度","","71,117,666","57,229,484","11,928,447","1,959,735"
"134","","運輸業、郵便業(集約)","26","","全規模","20230","","2023年度","","73,157,602","57,761,067","12,095,760","3,300,775"
"134","","運輸業、郵便業(集約)","26","","全規模","20240","","2024年度","","73,192,758","54,467,185","14,846,888","3,878,685"
"131","","陸運業","26","","全規模","20000","","2000年度","","33,030,673","23,242,664","8,407,118","1,380,891"
"131","","陸運業","26","","全規模","20010","","2001年度","","33,337,920","23,893,126","8,341,331","1,103,463"
"131","","陸運業","26","","全規模","20020","","2002年度","","37,025,396","26,829,952","8,506,100","1,689,344"
"131","","陸運業","26","","全規模","20030","","2003年度","","33,992,267","23,884,079","8,617,148","1,491,040"
"131","","陸運業","26","","全規模","20040","","2004年度","","35,296,675","24,803,065","8,814,882","1,678,728"
"131","","陸運業","26","","全規模","20050","","2005年度","","35,141,523","24,907,097","8,345,058","1,889,368"
"131","","陸運業","26","","全規模","20060","","2006年度","","42,215,061","31,371,359","8,523,737","2,319,965"
"131","","陸運業","26","","全規模","20070","","2007年度","","39,803,894","30,047,695","7,960,507","1,795,692"
"131","","陸運業","26","","全規模","20080","","2008年度","","36,034,017","26,899,008","7,789,557","1,345,452"
"131","","陸運業","26","","全規模","20090","","2009年度","","32,124,982","23,695,381","7,152,150","1,277,451"
"131","","陸運業","26","","全規模","20100","","2010年度","","33,018,807","24,842,853","6,731,656","1,444,298"
"131","","陸運業","26","","全規模","20110","","2011年度","","38,566,752","28,048,821","8,932,390","1,585,541"
"131","","陸運業","26","","全規模","20120","","2012年度","","41,155,301","30,590,450","8,737,772","1,827,079"
"131","","陸運業","26","","全規模","20130","","2013年度","","39,289,111","28,268,294","9,109,323","1,911,494"
"131","","陸運業","26","","全規模","20140","","2014年度","","42,989,938","31,848,050","9,064,290","2,077,598"
"131","","陸運業","26","","全規模","20150","","2015年度","","40,667,826","29,744,436","8,442,089","2,481,301"
"131","","陸運業","26","","全規模","20160","","2016年度","","40,238,307","28,436,332","9,365,706","2,436,269"
"131","","陸運業","26","","全規模","20170","","2017年度","","39,599,517","28,433,765","8,602,291","2,563,461"
"131","","陸運業","26","","全規模","20180","","2018年度","","43,660,961","31,131,368","9,780,439","2,749,154"
"131","","陸運業","26","","全規模","20190","","2019年度","","43,667,844","32,158,384","9,176,180","2,333,280"
"131","","陸運業","26","","全規模","20200","","2020年度","","36,846,749","28,935,173","9,100,219","-1,188,643"
"131","","陸運業","26","","全規模","20210","","2021年度","","40,967,395","32,301,814","8,746,070","-80,489"
"131","","陸運業","26","","全規模","20220","","2022年度","","44,733,046","34,940,035","8,705,113","1,087,898"
"131","","陸運業","26","","全規模","20230","","2023年度","","46,972,201","35,998,303","8,776,926","2,196,972"
"131","","陸運業","26","","全規模","20240","","2024年度","","43,643,808","30,655,755","10,395,713","2,592,340"
"132","","水運業","26","","全規模","20000","","2000年度","","6,963,085","6,034,822","710,334","217,929"
"132","","水運業","26","","全規模","20010","","2001年度","","5,968,640","5,101,865","636,322","230,453"
"132","","水運業","26","","全規模","20020","","2002年度","","5,795,263","4,900,519","713,584","181,160"
"132","","水運業","26","","全規模","20030","","2003年度","","7,127,919","6,247,444","578,904","301,571"
"132","","水運業","26","","全規模","20040","","2004年度","","6,352,039","5,353,392","562,985","435,662"
"132","","水運業","26","","全規模","20050","","2005年度","","6,574,337","5,633,512","590,186","350,639"
"132","","水運業","26","","全規模","20060","","2006年度","","7,749,859","6,809,997","577,128","362,734"
"132","","水運業","26","","全規模","20070","","2007年度","","8,828,966","7,492,566","637,766","698,634"
"132","","水運業","26","","全規模","20080","","2008年度","","8,740,936","7,557,290","763,082","420,564"
"132","","水運業","26","","全規模","20090","","2009年度","","6,619,532","6,109,960","588,658","-79,086"
"132","","水運業","26","","全規模","20100","","2010年度","","7,277,075","6,418,110","619,601","239,364"
"132","","水運業","26","","全規模","20110","","2011年度","","6,288,360","5,951,275","517,158","-180,073"
"132","","水運業","26","","全規模","20120","","2012年度","","6,505,167","6,013,521","508,703","-17,057"
"132","","水運業","26","","全規模","20130","","2013年度","","7,032,259","6,403,113","508,052","121,094"
"132","","水運業","26","","全規模","20140","","2014年度","","8,073,297","7,230,212","707,560","135,525"
"132","","水運業","26","","全規模","20150","","2015年度","","7,718,916","6,901,319","684,315","133,282"
"132","","水運業","26","","全規模","20160","","2016年度","","7,496,256","6,974,984","577,727","-56,455"
"132","","水運業","26","","全規模","20170","","2017年度","","8,210,517","7,322,710","776,544","111,263"
"132","","水運業","26","","全規模","20180","","2018年度","","7,019,551","6,258,516","744,802","16,233"
"132","","水運業","26","","全規模","20190","","2019年度","","6,300,350","5,677,483","566,446","56,421"
"132","","水運業","26","","全規模","20200","","2020年度","","5,676,389","5,245,921","532,623","-102,155"
"132","","水運業","26","","全規模","20210","","2021年度","","6,916,467","6,214,776","497,564","204,127"
"132","","水運業","26","","全規模","20220","","2022年度","","7,817,459","6,824,242","570,313","422,904"
"132","","水運業","26","","全規模","20230","","2023年度","","7,596,170","6,580,447","644,150","371,573"
"132","","水運業","26","","全規模","20240","","2024年度","","8,314,442","6,968,926","949,846","395,670"
"133","","その他の運輸業","26","","全規模","20000","","2000年度","","36,464,715","16,504,899","18,223,061","1,736,755"
"133","","その他の運輸業","26","","全規模","20010","","2001年度","","35,563,206","17,529,398","16,614,093","1,419,715"
"133","","その他の運輸業","26","","全規模","20020","","2002年度","","34,117,502","16,758,928","15,265,401","2,093,173"
"133","","その他の運輸業","26","","全規模","20030","","2003年度","","38,290,538","21,136,828","14,929,629","2,224,081"
"133","","その他の運輸業","26","","全規模","20040","","2004年度","","17,154,739","11,455,739","5,016,105","682,895"
"133","","その他の運輸業","26","","全規模","20050","","2005年度","","15,957,649","12,657,965","2,682,184","617,500"
"133","","その他の運輸業","26","","全規模","20060","","2006年度","","17,730,133","13,782,433","3,281,202","666,498"
"133","","その他の運輸業","26","","全規模","20070","","2007年度","","18,728,014","14,645,242","3,267,288","815,484"
"133","","その他の運輸業","26","","全規模","20080","","2008年度","","17,407,587","13,382,968","3,649,399","375,220"
"133","","その他の運輸業","26","","全規模","20090","","2009年度","","17,981,302","14,275,541","3,504,024","201,737"
"133","","その他の運輸業","26","","全規模","20100","","2010年度","","16,997,608","13,319,611","3,235,039","442,958"
"133","","その他の運輸業","26","","全規模","20110","","2011年度","","18,260,042","14,274,335","3,204,813","780,894"
"133","","その他の運輸業","26","","全規模","20120","","2012年度","","19,910,971","15,582,898","3,511,673","816,400"
"133","","その他の運輸業","26","","全規模","20130","","2013年度","","19,072,431","15,046,284","3,347,654","678,493"
"133","","その他の運輸業","26","","全規模","20140","","2014年度","","18,343,478","14,308,140","3,354,710","680,628"
"133","","その他の運輸業","26","","全規模","20150","","2015年度","","21,386,874","17,107,276","3,383,526","896,072"
"133","","その他の運輸業","26","","全規模","20160","","2016年度","","17,563,605","13,824,131","2,997,267","742,207"
"133","","その他の運輸業","26","","全規模","20170","","2017年度","","18,231,506","14,248,271","3,296,713","686,522"
"133","","その他の運輸業","26","","全規模","20180","","2018年度","","21,181,987","16,446,975","3,964,490","770,522"
"133","","その他の運輸業","26","","全規模","20190","","2019年度","","17,116,927","12,939,635","3,582,249","595,043"
"133","","その他の運輸業","26","","全規模","20200","","2020年度","","14,831,352","12,072,284","3,069,505","-310,437"
"133","","その他の運輸業","26","","全規模","20210","","2021年度","","18,118,478","15,147,849","3,227,272","-256,643"
"133","","その他の運輸業","26","","全規模","20220","","2022年度","","18,567,161","15,465,207","2,653,021","448,933"
"133","","その他の運輸業","26","","全規模","20230","","2023年度","","18,589,231","15,182,317","2,674,684","732,230"
"133","","その他の運輸業","26","","全規模","20240","","2024年度","","21,234,508","16,842,504","3,501,329","890,675"
"129","","卸売業・小売業(集約)","26","","全規模","20000","","2000年度","","553,582,438","454,123,597","93,899,324","5,559,517"
"129","","卸売業・小売業(集約)","26","","全規模","20010","","2001年度","","527,624,897","430,437,696","92,915,571","4,271,630"
"129","","卸売業・小売業(集約)","26","","全規模","20020","","2002年度","","516,440,347","418,901,098","92,550,309","4,988,940"
"129","","卸売業・小売業(集約)","26","","全規模","20030","","2003年度","","510,309,818","412,842,227","91,505,638","5,961,953"
"129","","卸売業・小売業(集約)","26","","全規模","20040","","2004年度","","534,447,041","439,839,601","88,013,411","6,594,029"
"129","","卸売業・小売業(集約)","26","","全規模","20050","","2005年度","","537,033,190","440,856,855","88,623,039","7,553,296"
"129","","卸売業・小売業(集約)","26","","全規模","20060","","2006年度","","584,516,136","487,291,561","90,464,327","6,760,248"
"129","","卸売業・小売業(集約)","26","","全規模","20070","","2007年度","","597,286,175","505,272,729","84,860,588","7,152,858"
"129","","卸売業・小売業(集約)","26","","全規模","20080","","2008年度","","562,288,473","471,119,773","85,984,242","5,184,458"
"129","","卸売業・小売業(集約)","26","","全規模","20090","","2009年度","","499,520,088","407,593,444","87,474,145","4,452,499"
"129","","卸売業・小売業(集約)","26","","全規模","20100","","2010年度","","514,816,795","423,722,770","85,483,993","5,610,032"
"129","","卸売業・小売業(集約)","26","","全規模","20110","","2011年度","","511,395,304","414,509,168","88,586,600","8,299,536"
"129","","卸売業・小売業(集約)","26","","全規模","20120","","2012年度","","507,882,910","413,125,405","86,875,125","7,882,380"
"129","","卸売業・小売業(集約)","26","","全規模","20130","","2013年度","","519,881,791","426,745,656","85,260,360","7,875,775"
"129","","卸売業・小売業(集約)","26","","全規模","20140","","2014年度","","534,690,806","439,166,850","87,783,415","7,740,541"
"129","","卸売業・小売業(集約)","26","","全規模","20150","","2015年度","","526,380,943","427,612,141","90,577,615","8,191,187"
"129","","卸売業・小売業(集約)","26","","全規模","20160","","2016年度","","531,586,377","429,907,042","93,178,153","8,501,182"
"129","","卸売業・小売業(集約)","26","","全規模","20170","","2017年度","","582,263,825","476,742,959","95,515,879","10,004,987"
"129","","卸売業・小売業(集約)","26","","全規模","20180","","2018年度","","547,570,520","448,938,582","89,294,614","9,337,324"
"129","","卸売業・小売業(集約)","26","","全規模","20190","","2019年度","","522,016,472","425,162,049","88,769,836","8,084,587"
"129","","卸売業・小売業(集約)","26","","全規模","20200","","2020年度","","482,160,878","387,237,460","87,550,280","7,373,138"
"129","","卸売業・小売業(集約)","26","","全規模","20210","","2021年度","","496,740,081","394,139,187","93,430,435","9,170,459"
"129","","卸売業・小売業(集約)","26","","全規模","20220","","2022年度","","539,764,613","427,987,591","100,694,278","11,082,744"
"129","","卸売業・小売業(集約)","26","","全規模","20230","","2023年度","","559,014,273","443,210,552","102,731,450","13,072,271"
"129","","卸売業・小売業(集約)","26","","全規模","20240","","2024年度","","563,662,761","449,595,910","100,452,656","13,614,195"
"127","","卸売業","26","","全規模","20000","","2000年度","","380,364,290","332,916,633","43,627,814","3,819,843"
"127","","卸売業","26","","全規模","20010","","2001年度","","361,233,898","314,562,911","43,737,811","2,933,176"
"127","","卸売業","26","","全規模","20020","","2002年度","","340,913,878","298,649,772","39,427,074","2,837,032"
"127","","卸売業","26","","全規模","20030","","2003年度","","328,151,732","286,002,526","38,823,649","3,325,557"
"127","","卸売業","26","","全規模","20040","","2004年度","","377,676,048","328,836,821","44,363,180","4,476,047"
"127","","卸売業","26","","全規模","20050","","2005年度","","372,306,822","322,447,103","44,780,688","5,079,031"
"127","","卸売業","26","","全規模","20060","","2006年度","","401,924,802","354,011,176","43,469,871","4,443,755"
"127","","卸売業","26","","全規模","20070","","2007年度","","431,934,308","384,584,807","42,686,353","4,663,148"
"127","","卸売業","26","","全規模","20080","","2008年度","","391,788,550","347,882,259","40,907,410","2,998,881"
"127","","卸売業","26","","全規模","20090","","2009年度","","326,693,940","285,293,701","39,398,577","2,001,662"
"127","","卸売業","26","","全規模","20100","","2010年度","","342,872,260","300,535,158","39,030,077","3,307,025"
"127","","卸売業","26","","全規模","20110","","2011年度","","342,524,884","296,676,144","41,599,937","4,248,803"
"127","","卸売業","26","","全規模","20120","","2012年度","","334,752,483","289,509,339","41,126,525","4,116,619"
"127","","卸売業","26","","全規模","20130","","2013年度","","347,751,581","303,749,285","39,912,763","4,089,533"
"127","","卸売業","26","","全規模","20140","","2014年度","","361,132,162","315,604,888","41,411,576","4,115,698"
"127","","卸売業","26","","全規模","20150","","2015年度","","350,610,005","302,687,941","43,497,455","4,424,609"
"127","","卸売業","26","","全規模","20160","","2016年度","","355,972,131","306,119,695","44,340,298","5,512,138"
"127","","卸売業","26","","全規模","20170","","2017年度","","382,325,373","331,759,345","44,016,015","6,550,013"
"127","","卸売業","26","","全規模","20180","","2018年度","","360,684,084","313,362,896","41,838,263","5,482,925"
"127","","卸売業","26","","全規模","20190","","2019年度","","332,614,779","290,012,355","38,646,231","3,956,193"
"127","","卸売業","26","","全規模","20200","","2020年度","","300,214,046","258,404,420","37,949,403","3,860,223"
"127","","卸売業","26","","全規模","20210","","2021年度","","316,839,372","269,853,541","41,366,435","5,619,396"
"127","","卸売業","26","","全規模","20220","","2022年度","","342,243,571","290,617,116","44,744,595","6,881,860"
"127","","卸売業","26","","全規模","20230","","2023年度","","342,715,921","290,578,377","44,606,964","7,530,580"
"127","","卸売業","26","","全規模","20240","","2024年度","","357,659,879","304,338,287","45,285,879","8,035,713"
"128","","小売業","26","","全規模","20000","","2000年度","","173,218,148","121,206,964","50,271,510","1,739,674"
"128","","小売業","26","","全規模","20010","","2001年度","","166,390,999","115,874,785","49,177,760","1,338,454"
"128","","小売業","26","","全規模","20020","","2002年度","","175,526,469","120,251,326","53,123,235","2,151,908"
"128","","小売業","26","","全規模","20030","","2003年度","","182,158,086","126,839,701","52,681,989","2,636,396"
"128","","小売業","26","","全規模","20040","","2004年度","","156,770,993","111,002,780","43,650,231","2,117,982"
"128","","小売業","26","","全規模","20050","","2005年度","","164,726,368","118,409,752","43,842,351","2,474,265"
"128","","小売業","26","","全規模","20060","","2006年度","","182,591,334","133,280,385","46,994,456","2,316,493"
"128","","小売業","26","","全規模","20070","","2007年度","","165,351,867","120,687,922","42,174,235","2,489,710"
"128","","小売業","26","","全規模","20080","","2008年度","","170,499,923","123,237,514","45,076,832","2,185,577"
"128","","小売業","26","","全規模","20090","","2009年度","","172,826,148","122,299,743","48,075,568","2,450,837"
"128","","小売業","26","","全規模","20100","","2010年度","","171,944,535","123,187,612","46,453,916","2,303,007"
"128","","小売業","26","","全規模","20110","","2011年度","","168,870,420","117,833,024","46,986,663","4,050,733"
"128","","小売業","26","","全規模","20120","","2012年度","","173,130,427","123,616,066","45,748,600","3,765,761"
"128","","小売業","26","","全規模","20130","","2013年度","","172,130,210","122,996,371","45,347,597","3,786,242"
"128","","小売業","26","","全規模","20140","","2014年度","","173,558,644","123,561,962","46,371,839","3,624,843"
"128","","小売業","26","","全規模","20150","","2015年度","","175,770,938","124,924,200","47,080,160","3,766,578"
"128","","小売業","26","","全規模","20160","","2016年度","","175,614,246","123,787,347","48,837,855","2,989,044"
"128","","小売業","26","","全規模","20170","","2017年度","","199,938,452","144,983,614","51,499,864","3,454,974"
"128","","小売業","26","","全規模","20180","","2018年度","","186,886,436","135,575,686","47,456,351","3,854,399"
"128","","小売業","26","","全規模","20190","","2019年度","","189,401,693","135,149,694","50,123,605","4,128,394"
"128","","小売業","26","","全規模","20200","","2020年度","","181,946,832","128,833,040","49,600,877","3,512,915"
"128","","小売業","26","","全規模","20210","","2021年度","","179,900,709","124,285,646","52,064,000","3,551,063"
"128","","小売業","26","","全規模","20220","","2022年度","","197,521,042","137,370,475","55,949,683","4,200,884"
"128","","小売業","26","","全規模","20230","","2023年度","","216,298,352","152,632,175","58,124,486","5,541,691"
"128","","小売業","26","","全規模","20240","","2024年度","","206,002,882","145,257,623","55,166,777","5,578,482"
"155","","不動産業、物品賃貸業(集約)","26","","全規模","20090","","2009年度","","54,774,832","34,197,741","16,307,940","4,269,151"
"155","","不動産業、物品賃貸業(集約)","26","","全規模","20100","","2010年度","","50,781,828","30,590,638","15,035,346","5,155,844"
"155","","不動産業、物品賃貸業(集約)","26","","全規模","20110","","2011年度","","49,285,821","28,733,932","15,462,041","5,089,848"
"155","","不動産業、物品賃貸業(集約)","26","","全規模","20120","","2012年度","","46,597,720","28,299,894","14,203,582","4,094,244"
"155","","不動産業、物品賃貸業(集約)","26","","全規模","20130","","2013年度","","51,808,081","31,308,541","15,242,352","5,257,188"
"155","","不動産業、物品賃貸業(集約)","26","","全規模","20140","","2014年度","","53,067,819","31,557,360","15,669,352","5,841,107"
"155","","不動産業、物品賃貸業(集約)","26","","全規模","20150","","2015年度","","55,085,381","32,860,427","16,776,238","5,448,716"
"155","","不動産業、物品賃貸業(集約)","26","","全規模","20160","","2016年度","","58,743,935","34,804,325","18,229,454","5,710,156"
"155","","不動産業、物品賃貸業(集約)","26","","全規模","20170","","2017年度","","58,719,826","36,368,474","15,705,211","6,646,141"
"155","","不動産業、物品賃貸業(集約)","26","","全規模","20180","","2018年度","","62,665,130","39,154,655","17,150,253","6,360,222"
"155","","不動産業、物品賃貸業(集約)","26","","全規模","20190","","2019年度","","62,007,761","39,606,782","17,457,948","4,943,031"
"155","","不動産業、物品賃貸業(集約)","26","","全規模","20200","","2020年度","","60,040,920","38,507,402","16,562,414","4,971,104"
"155","","不動産業、物品賃貸業(集約)","26","","全規模","20210","","2021年度","","65,965,746","41,666,823","18,460,991","5,837,932"
"155","","不動産業、物品賃貸業(集約)","26","","全規模","20220","","2022年度","","64,006,957","38,973,889","20,115,365","4,917,703"
"155","","不動産業、物品賃貸業(集約)","26","","全規模","20230","","2023年度","","73,320,281","45,666,727","20,088,654","7,564,900"
"155","","不動産業、物品賃貸業(集約)","26","","全規模","20240","","2024年度","","76,753,075","47,647,317","20,706,433","8,399,325"
"130","","不動産業","26","","全規模","20000","","2000年度","","29,905,425","16,862,930","10,463,704","2,578,791"
"130","","不動産業","26","","全規模","20010","","2001年度","","31,858,207","17,137,054","11,622,650","3,098,503"
"130","","不動産業","26","","全規模","20020","","2002年度","","33,476,116","18,625,379","11,632,175","3,218,562"
"130","","不動産業","26","","全規模","20030","","2003年度","","33,628,281","19,493,899","11,613,282","2,521,100"
"130","","不動産業","26","","全規模","20040","","2004年度","","33,250,693","19,250,436","11,308,382","2,691,875"
"130","","不動産業","26","","全規模","20050","","2005年度","","34,499,671","19,490,053","11,869,867","3,139,751"
"130","","不動産業","26","","全規模","20060","","2006年度","","33,858,648","17,949,128","12,169,666","3,739,854"
"130","","不動産業","26","","全規模","20070","","2007年度","","37,094,649","21,372,156","11,635,592","4,086,901"
"130","","不動産業","26","","全規模","20080","","2008年度","","38,667,119","22,812,539","12,461,387","3,393,193"
"130","","不動産業","26","","全規模","20090","","2009年度","","40,976,404","23,581,529","13,594,512","3,800,363"
"130","","不動産業","26","","全規模","20100","","2010年度","","36,631,517","20,019,966","12,183,062","4,428,489"
"130","","不動産業","26","","全規模","20110","","2011年度","","35,712,374","18,442,802","13,084,797","4,184,775"
"130","","不動産業","26","","全規模","20120","","2012年度","","32,681,659","17,700,409","11,730,321","3,250,929"
"130","","不動産業","26","","全規模","20130","","2013年度","","37,704,848","20,906,132","12,668,719","4,129,997"
"130","","不動産業","26","","全規模","20140","","2014年度","","36,981,191","19,389,669","12,937,248","4,654,274"
"130","","不動産業","26","","全規模","20150","","2015年度","","39,383,523","21,079,574","13,718,989","4,584,960"
"130","","不動産業","26","","全規模","20160","","2016年度","","42,982,410","22,820,262","15,202,377","4,959,771"
"130","","不動産業","26","","全規模","20170","","2017年度","","43,433,543","24,881,846","12,839,457","5,712,240"
"130","","不動産業","26","","全規模","20180","","2018年度","","46,536,349","26,988,398","14,391,606","5,156,345"
"130","","不動産業","26","","全規模","20190","","2019年度","","45,383,525","26,786,793","14,334,618","4,262,114"
"130","","不動産業","26","","全規模","20200","","2020年度","","44,318,236","26,490,357","13,322,036","4,505,843"
"130","","不動産業","26","","全規模","20210","","2021年度","","48,582,235","28,129,659","15,083,982","5,368,594"
"130","","不動産業","26","","全規模","20220","","2022年度","","46,268,201","25,654,011","15,955,035","4,659,155"
"130","","不動産業","26","","全規模","20230","","2023年度","","56,453,861","32,902,219","17,195,071","6,356,571"
"130","","不動産業","26","","全規模","20240","","2024年度","","58,824,479","33,985,392","17,664,902","7,174,185"
"149","","物品賃貸業(集約)","26","","全規模","20040","","2004年度","","13,917,227","10,773,030","2,399,780","744,417"
"149","","物品賃貸業(集約)","26","","全規模","20050","","2005年度","","15,496,029","11,927,255","2,526,464","1,042,310"
"149","","物品賃貸業(集約)","26","","全規模","20060","","2006年度","","15,679,993","12,479,012","2,750,531","450,450"
"149","","物品賃貸業(集約)","26","","全規模","20070","","2007年度","","14,519,944","11,684,979","2,350,769","484,196"
"149","","物品賃貸業(集約)","26","","全規模","20080","","2008年度","","13,234,746","10,288,199","2,586,250","360,297"
"149","","物品賃貸業(集約)","26","","全規模","20090","","2009年度","","13,798,428","10,616,212","2,713,428","468,788"
"149","","物品賃貸業(集約)","26","","全規模","20100","","2010年度","","14,150,311","10,570,672","2,852,284","727,355"
"149","","物品賃貸業(集約)","26","","全規模","20110","","2011年度","","13,573,447","10,291,130","2,377,244","905,073"
"149","","物品賃貸業(集約)","26","","全規模","20120","","2012年度","","13,916,061","10,599,485","2,473,261","843,315"
"149","","物品賃貸業(集約)","26","","全規模","20130","","2013年度","","14,103,233","10,402,409","2,573,633","1,127,191"
"149","","物品賃貸業(集約)","26","","全規模","20140","","2014年度","","16,086,628","12,167,691","2,732,104","1,186,833"
"149","","物品賃貸業(集約)","26","","全規模","20150","","2015年度","","15,701,858","11,780,853","3,057,249","863,756"
"149","","物品賃貸業(集約)","26","","全規模","20160","","2016年度","","15,761,525","11,984,063","3,027,077","750,385"
"149","","物品賃貸業(集約)","26","","全規模","20170","","2017年度","","15,286,283","11,486,628","2,865,754","933,901"
"149","","物品賃貸業(集約)","26","","全規模","20180","","2018年度","","16,128,781","12,166,257","2,758,647","1,203,877"
"149","","物品賃貸業(集約)","26","","全規模","20190","","2019年度","","16,624,236","12,819,989","3,123,330","680,917"
"149","","物品賃貸業(集約)","26","","全規模","20200","","2020年度","","15,722,684","12,017,045","3,240,378","465,261"
"149","","物品賃貸業(集約)","26","","全規模","20210","","2021年度","","17,383,511","13,537,164","3,377,009","469,338"
"149","","物品賃貸業(集約)","26","","全規模","20220","","2022年度","","17,738,756","13,319,878","4,160,330","258,548"
"149","","物品賃貸業(集約)","26","","全規模","20230","","2023年度","","16,866,420","12,764,508","2,893,583","1,208,329"
"149","","物品賃貸業(集約)","26","","全規模","20240","","2024年度","","17,928,596","13,661,925","3,041,531","1,225,140"
"150","","リース業","26","","全規模","20040","","2004年度","","11,853,216","9,412,618","1,794,842","645,756"
"150","","リース業","26","","全規模","20050","","2005年度","","13,463,564","10,585,336","1,887,556","990,672"
"150","","リース業","26","","全規模","20060","","2006年度","","13,156,818","10,728,401","2,023,243","405,174"
"150","","リース業","26","","全規模","20070","","2007年度","","12,030,108","9,938,175","1,664,437","427,496"
"150","","リース業","26","","全規模","20080","","2008年度","","10,396,722","8,362,406","1,744,319","289,997"
"150","","リース業","26","","全規模","20090","","2009年度","","10,594,701","8,425,626","1,811,433","357,642"
"150","","リース業","26","","全規模","20100","","2010年度","","11,480,729","8,772,699","2,110,657","597,373"
"150","","リース業","26","","全規模","20110","","2011年度","","10,450,948","8,109,672","1,576,802","764,474"
"150","","リース業","26","","全規模","20120","","2012年度","","10,681,212","8,383,505","1,552,915","744,792"
"150","","リース業","26","","全規模","20130","","2013年度","","11,379,008","8,513,600","1,855,831","1,009,577"
"150","","リース業","26","","全規模","20140","","2014年度","","13,264,957","10,217,474","1,975,243","1,072,240"
"150","","リース業","26","","全規模","20150","","2015年度","","12,823,515","9,643,050","2,422,570","757,895"
"150","","リース業","26","","全規模","20160","","2016年度","","12,067,695","9,292,288","2,198,787","576,620"
"150","","リース業","26","","全規模","20170","","2017年度","","11,778,544","9,067,359","1,906,402","804,783"
"150","","リース業","26","","全規模","20180","","2018年度","","12,290,784","9,308,137","1,945,186","1,037,461"
"150","","リース業","26","","全規模","20190","","2019年度","","12,269,320","9,432,245","2,317,862","519,213"
"150","","リース業","26","","全規模","20200","","2020年度","","12,793,244","9,801,947","2,589,075","402,222"
"150","","リース業","26","","全規模","20210","","2021年度","","14,377,416","11,357,332","2,669,159","350,925"
"150","","リース業","26","","全規模","20220","","2022年度","","14,475,755","11,012,397","3,400,419","62,939"
"150","","リース業","26","","全規模","20230","","2023年度","","13,228,760","10,207,830","2,097,546","923,384"
"150","","リース業","26","","全規模","20240","","2024年度","","14,586,858","11,413,513","2,211,918","961,427"
"151","","その他の物品賃貸業","26","","全規模","20040","","2004年度","","2,064,011","1,360,412","604,938","98,661"
"151","","その他の物品賃貸業","26","","全規模","20050","","2005年度","","2,032,465","1,341,919","638,908","51,638"
"151","","その他の物品賃貸業","26","","全規模","20060","","2006年度","","2,523,175","1,750,611","727,288","45,276"
"151","","その他の物品賃貸業","26","","全規模","20070","","2007年度","","2,489,836","1,746,804","686,332","56,700"
"151","","その他の物品賃貸業","26","","全規模","20080","","2008年度","","2,838,024","1,925,793","841,931","70,300"
"151","","その他の物品賃貸業","26","","全規模","20090","","2009年度","","3,203,727","2,190,586","901,995","111,146"
"151","","その他の物品賃貸業","26","","全規模","20100","","2010年度","","2,669,582","1,797,973","741,627","129,982"
"151","","その他の物品賃貸業","26","","全規模","20110","","2011年度","","3,122,499","2,181,458","800,442","140,599"
"151","","その他の物品賃貸業","26","","全規模","20120","","2012年度","","3,234,849","2,215,980","920,346","98,523"
"151","","その他の物品賃貸業","26","","全規模","20130","","2013年度","","2,724,225","1,888,809","717,802","117,614"
"151","","その他の物品賃貸業","26","","全規模","20140","","2014年度","","2,821,671","1,950,217","756,861","114,593"
"151","","その他の物品賃貸業","26","","全規模","20150","","2015年度","","2,878,343","2,137,803","634,679","105,861"
"151","","その他の物品賃貸業","26","","全規模","20160","","2016年度","","3,693,830","2,691,775","828,290","173,765"
"151","","その他の物品賃貸業","26","","全規模","20170","","2017年度","","3,507,739","2,419,269","959,352","129,118"
"151","","その他の物品賃貸業","26","","全規模","20180","","2018年度","","3,837,997","2,858,120","813,461","166,416"
"151","","その他の物品賃貸業","26","","全規模","20190","","2019年度","","4,354,916","3,387,744","805,468","161,704"
"151","","その他の物品賃貸業","26","","全規模","20200","","2020年度","","2,929,440","2,215,098","651,303","63,039"
"151","","その他の物品賃貸業","26","","全規模","20210","","2021年度","","3,006,095","2,179,832","707,850","118,413"
"151","","その他の物品賃貸業","26","","全規模","20220","","2022年度","","3,263,001","2,307,481","759,911","195,609"
"151","","その他の物品賃貸業","26","","全規模","20230","","2023年度","","3,637,660","2,556,678","796,037","284,945"
"151","","その他の物品賃貸業","26","","全規模","20240","","2024年度","","3,341,738","2,248,412","829,613","263,713"
"137","","サービス業(集約)","26","","全規模","20000","","2000年度","","183,546,361","126,779,212","51,704,389","5,062,760"
"137","","サービス業(集約)","26","","全規模","20010","","2001年度","","155,918,168","105,544,266","45,694,727","4,679,175"
"137","","サービス業(集約)","26","","全規模","20020","","2002年度","","161,337,503","109,521,019","48,275,152","3,541,332"
"137","","サービス業(集約)","26","","全規模","20030","","2003年度","","173,895,729","119,539,474","49,317,019","5,039,236"
"137","","サービス業(集約)","26","","全規模","20040","","2004年度","","153,115,881","104,084,339","44,239,395","4,792,147"
"137","","サービス業(集約)","26","","全規模","20050","","2005年度","","206,193,381","149,898,064","50,466,437","5,828,880"
"137","","サービス業(集約)","26","","全規模","20060","","2006年度","","184,674,563","133,482,833","45,815,328","5,376,402"
"137","","サービス業(集約)","26","","全規模","20070","","2007年度","","164,682,650","112,026,090","47,088,003","5,568,557"
"137","","サービス業(集約)","26","","全規模","20080","","2008年度","","160,736,504","105,738,134","49,500,822","5,497,548"
"137","","サービス業(集約)","26","","全規模","20090","","2009年度","","170,235,901","102,998,488","62,664,736","4,572,677"
"137","","サービス業(集約)","26","","全規模","20100","","2010年度","","160,693,196","93,298,966","61,997,211","5,397,019"
"137","","サービス業(集約)","26","","全規模","20110","","2011年度","","160,416,257","91,454,565","62,476,594","6,485,098"
"137","","サービス業(集約)","26","","全規模","20120","","2012年度","","161,598,659","93,520,809","61,000,043","7,077,807"
"137","","サービス業(集約)","26","","全規模","20130","","2013年度","","161,181,111","93,078,993","60,033,909","8,068,209"
"137","","サービス業(集約)","26","","全規模","20140","","2014年度","","161,821,399","92,403,125","60,118,846","9,299,428"
"137","","サービス業(集約)","26","","全規模","20150","","2015年度","","160,673,948","88,210,801","63,176,192","9,286,955"
"137","","サービス業(集約)","26","","全規模","20160","","2016年度","","172,496,217","94,876,642","67,490,376","10,129,199"
"137","","サービス業(集約)","26","","全規模","20170","","2017年度","","177,727,968","96,489,802","69,264,228","11,973,938"
"137","","サービス業(集約)","26","","全規模","20180","","2018年度","","175,990,150","93,342,686","68,124,973","14,522,491"
"137","","サービス業(集約)","26","","全規模","20190","","2019年度","","169,396,228","90,633,555","68,021,731","10,740,942"
"137","","サービス業(集約)","26","","全規模","20200","","2020年度","","147,086,485","76,120,935","65,104,048","5,861,502"
"137","","サービス業(集約)","26","","全規模","20210","","2021年度","","159,129,865","83,383,761","69,800,502","5,945,602"
"137","","サービス業(集約)","26","","全規模","20220","","2022年度","","175,832,473","87,470,973","76,717,364","11,644,136"
"137","","サービス業(集約)","26","","全規模","20230","","2023年度","","193,125,061","96,432,174","83,736,083","12,956,804"
"137","","サービス業(集約)","26","","全規模","20240","","2024年度","","209,827,654","104,844,190","87,983,336","17,000,128"
"156","","宿泊業、飲食サービス業(集約)","26","","全規模","20090","","2009年度","","33,601,315","14,037,174","19,240,194","323,947"
"156","","宿泊業、飲食サービス業(集約)","26","","全規模","20100","","2010年度","","27,539,472","10,953,190","16,204,265","382,017"
"156","","宿泊業、飲食サービス業(集約)","26","","全規模","20110","","2011年度","","24,159,898","9,021,296","14,767,126","371,476"
"156","","宿泊業、飲食サービス業(集約)","26","","全規模","20120","","2012年度","","24,921,130","9,428,264","15,243,955","248,911"
"156","","宿泊業、飲食サービス業(集約)","26","","全規模","20130","","2013年度","","26,119,986","9,531,487","16,065,807","522,692"
"156","","宿泊業、飲食サービス業(集約)","26","","全規模","20140","","2014年度","","24,566,888","8,321,647","15,655,503","589,738"
"156","","宿泊業、飲食サービス業(集約)","26","","全規模","20150","","2015年度","","29,051,120","9,855,485","18,523,498","672,137"
"156","","宿泊業、飲食サービス業(集約)","26","","全規模","20160","","2016年度","","30,648,195","11,616,155","18,103,532","928,508"
"156","","宿泊業、飲食サービス業(集約)","26","","全規模","20170","","2017年度","","30,679,883","11,932,051","17,655,084","1,092,748"
"156","","宿泊業、飲食サービス業(集約)","26","","全規模","20180","","2018年度","","28,315,057","10,616,471","16,999,894","698,692"
"156","","宿泊業、飲食サービス業(集約)","26","","全規模","20190","","2019年度","","27,679,817","9,899,705","17,554,823","225,289"
"156","","宿泊業、飲食サービス業(集約)","26","","全規模","20200","","2020年度","","20,311,398","7,763,108","15,107,201","-2,558,911"
"156","","宿泊業、飲食サービス業(集約)","26","","全規模","20210","","2021年度","","22,834,682","8,449,004","18,510,189","-4,124,511"
"156","","宿泊業、飲食サービス業(集約)","26","","全規模","20220","","2022年度","","25,904,015","9,649,968","17,393,892","-1,139,845"
"156","","宿泊業、飲食サービス業(集約)","26","","全規模","20230","","2023年度","","29,624,871","10,987,957","18,217,207","419,707"
"156","","宿泊業、飲食サービス業(集約)","26","","全規模","20240","","2024年度","","34,166,398","12,971,791","20,238,442","956,165"
"139","","宿泊業","26","","全規模","20000","","2000年度","","7,951,022","3,092,307","4,666,782","191,933"
"139","","宿泊業","26","","全規模","20010","","2001年度","","6,442,882","1,933,031","4,309,869","199,982"
"139","","宿泊業","26","","全規模","20020","","2002年度","","6,811,092","1,878,654","4,653,211","279,227"
"139","","宿泊業","26","","全規模","20030","","2003年度","","6,496,567","2,199,840","4,126,156","170,571"
"139","","宿泊業","26","","全規模","20040","","2004年度","","6,935,624","2,163,403","4,705,854","66,367"
"139","","宿泊業","26","","全規模","20050","","2005年度","","7,821,045","2,684,568","4,958,646","177,831"
"139","","宿泊業","26","","全規模","20060","","2006年度","","9,765,880","2,790,084","6,623,323","352,473"
"139","","宿泊業","26","","全規模","20070","","2007年度","","7,392,261","2,531,789","4,741,918","118,554"
"139","","宿泊業","26","","全規模","20080","","2008年度","","7,846,320","2,431,741","5,290,392","124,187"
"139","","宿泊業","26","","全規模","20090","","2009年度","","9,064,319","3,054,850","5,991,669","17,800"
"139","","宿泊業","26","","全規模","20100","","2010年度","","6,339,626","2,423,964","3,842,867","72,795"
"139","","宿泊業","26","","全規模","20110","","2011年度","","5,060,689","1,762,791","3,233,589","64,309"
"139","","宿泊業","26","","全規模","20120","","2012年度","","5,847,628","1,634,805","4,137,546","75,277"
"139","","宿泊業","26","","全規模","20130","","2013年度","","7,199,780","2,392,960","4,626,469","180,351"
"139","","宿泊業","26","","全規模","20140","","2014年度","","6,261,864","1,655,884","4,479,573","126,407"
"139","","宿泊業","26","","全規模","20150","","2015年度","","6,878,113","2,089,372","4,437,037","351,704"
"139","","宿泊業","26","","全規模","20160","","2016年度","","7,809,578","2,602,045","4,650,902","556,631"
"139","","宿泊業","26","","全規模","20170","","2017年度","","8,690,169","2,835,277","5,230,423","624,469"
"139","","宿泊業","26","","全規模","20180","","2018年度","","8,031,433","2,681,393","5,051,898","298,142"
"139","","宿泊業","26","","全規模","20190","","2019年度","","6,833,300","1,934,068","4,889,555","9,677"
"139","","宿泊業","26","","全規模","20200","","2020年度","","4,161,259","1,360,295","3,904,592","-1,103,628"
"139","","宿泊業","26","","全規模","20210","","2021年度","","4,524,720","1,500,015","4,158,441","-1,133,736"
"139","","宿泊業","26","","全規模","20220","","2022年度","","5,795,492","1,810,188","4,035,529","-50,225"
"139","","宿泊業","26","","全規模","20230","","2023年度","","7,965,932","2,819,565","4,719,119","427,248"
"139","","宿泊業","26","","全規模","20240","","2024年度","","10,179,084","3,580,725","5,931,421","666,938"
"148","","飲食サービス業","26","","全規模","20040","","2004年度","","21,358,265","8,697,478","12,483,584","177,203"
"148","","飲食サービス業","26","","全規模","20050","","2005年度","","17,517,389","7,183,186","10,084,959","249,244"
"148","","飲食サービス業","26","","全規模","20060","","2006年度","","15,098,998","5,670,912","9,385,075","43,011"
"148","","飲食サービス業","26","","全規模","20070","","2007年度","","15,217,460","5,633,345","9,351,161","232,954"
"148","","飲食サービス業","26","","全規模","20080","","2008年度","","16,381,837","5,967,475","10,131,319","283,043"
"148","","飲食サービス業","26","","全規模","20090","","2009年度","","24,536,996","10,982,324","13,248,525","306,147"
"148","","飲食サービス業","26","","全規模","20100","","2010年度","","21,199,846","8,529,226","12,361,398","309,222"
"148","","飲食サービス業","26","","全規模","20110","","2011年度","","19,099,209","7,258,505","11,533,537","307,167"
"148","","飲食サービス業","26","","全規模","20120","","2012年度","","19,073,502","7,793,459","11,106,409","173,634"
"148","","飲食サービス業","26","","全規模","20130","","2013年度","","18,920,206","7,138,527","11,439,338","342,341"
"148","","飲食サービス業","26","","全規模","20140","","2014年度","","18,305,024","6,665,763","11,175,930","463,331"
"148","","飲食サービス業","26","","全規模","20150","","2015年度","","22,173,007","7,766,113","14,086,461","320,433"
"148","","飲食サービス業","26","","全規模","20160","","2016年度","","22,838,617","9,014,110","13,452,630","371,877"
"148","","飲食サービス業","26","","全規模","20170","","2017年度","","21,989,714","9,096,774","12,424,661","468,279"
"148","","飲食サービス業","26","","全規模","20180","","2018年度","","20,283,624","7,935,078","11,947,996","400,550"
"148","","飲食サービス業","26","","全規模","20190","","2019年度","","20,846,517","7,965,637","12,665,268","215,612"
"148","","飲食サービス業","26","","全規模","20200","","2020年度","","16,150,139","6,402,813","11,202,609","-1,455,283"
"148","","飲食サービス業","26","","全規模","20210","","2021年度","","18,309,962","6,948,989","14,351,748","-2,990,775"
"148","","飲食サービス業","26","","全規模","20220","","2022年度","","20,108,523","7,839,780","13,358,363","-1,089,620"
"148","","飲食サービス業","26","","全規模","20230","","2023年度","","21,658,939","8,168,392","13,498,088","-7,541"
"148","","飲食サービス業","26","","全規模","20240","","2024年度","","23,987,314","9,391,066","14,307,021","289,227"
"157","","生活関連サービス業、娯楽業(集約)","26","","全規模","20090","","2009年度","","47,402,820","32,305,322","13,737,071","1,360,427"
"157","","生活関連サービス業、娯楽業(集約)","26","","全規模","20100","","2010年度","","39,651,263","27,288,470","11,718,103","644,690"
"157","","生活関連サービス業、娯楽業(集約)","26","","全規模","20110","","2011年度","","40,981,642","27,895,665","12,115,208","970,769"
"157","","生活関連サービス業、娯楽業(集約)","26","","全規模","20120","","2012年度","","41,420,149","28,415,473","11,616,202","1,388,474"
"157","","生活関連サービス業、娯楽業(集約)","26","","全規模","20130","","2013年度","","37,399,521","24,327,637","11,799,870","1,272,014"
"157","","生活関連サービス業、娯楽業(集約)","26","","全規模","20140","","2014年度","","35,444,337","22,842,928","11,366,989","1,234,420"
"157","","生活関連サービス業、娯楽業(集約)","26","","全規模","20150","","2015年度","","35,543,324","21,376,978","13,231,447","934,899"
"157","","生活関連サービス業、娯楽業(集約)","26","","全規模","20160","","2016年度","","35,815,790","22,043,486","13,238,592","533,712"
"157","","生活関連サービス業、娯楽業(集約)","26","","全規模","20170","","2017年度","","37,415,621","21,661,625","14,409,537","1,344,459"
"157","","生活関連サービス業、娯楽業(集約)","26","","全規模","20180","","2018年度","","34,496,748","19,467,113","14,150,830","878,805"
"157","","生活関連サービス業、娯楽業(集約)","26","","全規模","20190","","2019年度","","29,788,379","16,971,704","12,193,434","623,241"
"157","","生活関連サービス業、娯楽業(集約)","26","","全規模","20200","","2020年度","","20,688,166","9,863,852","11,865,186","-1,040,872"
"157","","生活関連サービス業、娯楽業(集約)","26","","全規模","20210","","2021年度","","22,620,654","11,175,236","12,062,159","-616,741"
"157","","生活関連サービス業、娯楽業(集約)","26","","全規模","20220","","2022年度","","28,603,008","13,489,223","14,490,313","623,472"
"157","","生活関連サービス業、娯楽業(集約)","26","","全規模","20230","","2023年度","","33,904,087","18,269,103","14,381,204","1,253,780"
"157","","生活関連サービス業、娯楽業(集約)","26","","全規模","20240","","2024年度","","34,363,453","19,006,684","14,400,521","956,248"
"140","","生活関連サービス業","26","","全規模","20000","","2000年度","","11,463,860","4,168,171","7,053,160","242,529"
"140","","生活関連サービス業","26","","全規模","20010","","2001年度","","8,867,576","3,074,366","5,631,539","161,671"
"140","","生活関連サービス業","26","","全規模","20020","","2002年度","","8,493,035","3,193,302","5,240,051","59,682"
"140","","生活関連サービス業","26","","全規模","20030","","2003年度","","9,492,092","4,198,887","5,071,718","221,487"
"140","","生活関連サービス業","26","","全規模","20040","","2004年度","","14,434,665","7,983,210","6,189,020","262,435"
"140","","生活関連サービス業","26","","全規模","20050","","2005年度","","14,050,275","7,335,206","6,527,946","187,123"
"140","","生活関連サービス業","26","","全規模","20060","","2006年度","","14,090,514","7,610,076","6,001,098","479,340"
"140","","生活関連サービス業","26","","全規模","20070","","2007年度","","14,568,533","7,612,314","6,647,554","308,665"
"140","","生活関連サービス業","26","","全規模","20080","","2008年度","","18,162,019","10,460,754","7,524,022","177,243"
"140","","生活関連サービス業","26","","全規模","20090","","2009年度","","16,239,934","9,107,984","6,759,597","372,353"
"140","","生活関連サービス業","26","","全規模","20100","","2010年度","","14,520,566","8,456,223","5,815,953","248,390"
"140","","生活関連サービス業","26","","全規模","20110","","2011年度","","13,345,799","6,958,980","6,111,123","275,696"
"140","","生活関連サービス業","26","","全規模","20120","","2012年度","","14,781,005","8,112,126","6,267,935","400,944"
"140","","生活関連サービス業","26","","全規模","20130","","2013年度","","15,491,854","8,834,345","6,311,455","346,054"
"140","","生活関連サービス業","26","","全規模","20140","","2014年度","","15,656,634","8,903,134","6,205,913","547,587"
"140","","生活関連サービス業","26","","全規模","20150","","2015年度","","14,177,146","6,943,317","7,050,649","183,180"
"140","","生活関連サービス業","26","","全規模","20160","","2016年度","","15,205,623","7,645,900","7,370,815","188,908"
"140","","生活関連サービス業","26","","全規模","20170","","2017年度","","16,106,172","6,968,920","8,507,113","630,139"
"140","","生活関連サービス業","26","","全規模","20180","","2018年度","","17,389,017","7,071,867","9,946,031","371,119"
"140","","生活関連サービス業","26","","全規模","20190","","2019年度","","14,808,812","6,707,708","7,930,530","170,574"
"140","","生活関連サービス業","26","","全規模","20200","","2020年度","","11,882,601","4,080,333","8,303,934","-501,666"
"140","","生活関連サービス業","26","","全規模","20210","","2021年度","","13,015,356","4,884,605","8,656,484","-525,733"
"140","","生活関連サービス業","26","","全規模","20220","","2022年度","","17,178,035","6,839,902","10,227,244","110,889"
"140","","生活関連サービス業","26","","全規模","20230","","2023年度","","20,545,985","10,053,579","9,923,632","568,774"
"140","","生活関連サービス業","26","","全規模","20240","","2024年度","","19,726,173","9,728,351","9,592,276","405,546"
"141","","娯楽業","26","","全規模","20000","","2000年度","","46,425,950","36,885,159","8,799,345","741,446"
"141","","娯楽業","26","","全規模","20010","","2001年度","","27,326,752","19,790,594","7,066,873","469,285"
"141","","娯楽業","26","","全規模","20020","","2002年度","","41,535,614","32,201,874","8,902,656","431,084"
"141","","娯楽業","26","","全規模","20030","","2003年度","","39,110,120","30,695,174","7,519,063","895,883"
"141","","娯楽業","26","","全規模","20040","","2004年度","","35,152,993","26,787,997","7,768,231","596,765"
"141","","娯楽業","26","","全規模","20050","","2005年度","","78,159,642","65,783,433","11,341,202","1,035,007"
"141","","娯楽業","26","","全規模","20060","","2006年度","","56,532,977","46,691,800","8,675,381","1,165,796"
"141","","娯楽業","26","","全規模","20070","","2007年度","","42,216,945","33,559,574","7,643,755","1,013,616"
"141","","娯楽業","26","","全規模","20080","","2008年度","","37,942,822","28,078,002","8,969,206","895,614"
"141","","娯楽業","26","","全規模","20090","","2009年度","","31,162,886","23,197,338","6,977,474","988,074"
"141","","娯楽業","26","","全規模","20100","","2010年度","","25,130,697","18,832,247","5,902,150","396,300"
"141","","娯楽業","26","","全規模","20110","","2011年度","","27,635,843","20,936,685","6,004,085","695,073"
"141","","娯楽業","26","","全規模","20120","","2012年度","","26,639,144","20,303,347","5,348,267","987,530"
"141","","娯楽業","26","","全規模","20130","","2013年度","","21,907,667","15,493,292","5,488,415","925,960"
"141","","娯楽業","26","","全規模","20140","","2014年度","","19,787,703","13,939,794","5,161,076","686,833"
"141","","娯楽業","26","","全規模","20150","","2015年度","","21,366,178","14,433,661","6,180,798","751,719"
"141","","娯楽業","26","","全規模","20160","","2016年度","","20,610,167","14,397,586","5,867,777","344,804"
"141","","娯楽業","26","","全規模","20170","","2017年度","","21,309,449","14,692,705","5,902,424","714,320"
"141","","娯楽業","26","","全規模","20180","","2018年度","","17,107,731","12,395,246","4,204,799","507,686"
"141","","娯楽業","26","","全規模","20190","","2019年度","","14,979,567","10,263,996","4,262,904","452,667"
"141","","娯楽業","26","","全規模","20200","","2020年度","","8,805,565","5,783,519","3,561,252","-539,206"
"141","","娯楽業","26","","全規模","20210","","2021年度","","9,605,298","6,290,631","3,405,675","-91,008"
"141","","娯楽業","26","","全規模","20220","","2022年度","","11,424,973","6,649,321","4,263,069","512,583"
"141","","娯楽業","26","","全規模","20230","","2023年度","","13,358,102","8,215,524","4,457,572","685,006"
"141","","娯楽業","26","","全規模","20240","","2024年度","","14,637,280","9,278,333","4,808,245","550,702"
"161","","学術研究、専門・技術サービス業(集約)","26","","全規模","20090","","2009年度","","39,608,167","26,831,017","11,768,979","1,008,171"
"161","","学術研究、専門・技術サービス業(集約)","26","","全規模","20100","","2010年度","","40,011,960","24,547,010","13,543,548","1,921,402"
"161","","学術研究、専門・技術サービス業(集約)","26","","全規模","20110","","2011年度","","40,964,472","22,728,114","15,827,270","2,409,088"
"161","","学術研究、専門・技術サービス業(集約)","26","","全規模","20120","","2012年度","","42,436,667","23,096,956","15,696,561","3,643,150"
"161","","学術研究、専門・技術サービス業(集約)","26","","全規模","20130","","2013年度","","43,071,495","24,965,179","13,733,714","4,372,602"
"161","","学術研究、専門・技術サービス業(集約)","26","","全規模","20140","","2014年度","","45,432,322","25,994,745","13,931,867","5,505,710"
"161","","学術研究、専門・技術サービス業(集約)","26","","全規模","20150","","2015年度","","42,685,694","23,281,278","14,016,882","5,387,534"
"161","","学術研究、専門・技術サービス業(集約)","26","","全規模","20160","","2016年度","","45,015,535","23,811,682","15,454,164","5,749,689"
"161","","学術研究、専門・技術サービス業(集約)","26","","全規模","20170","","2017年度","","46,289,048","24,285,986","15,745,438","6,257,624"
"161","","学術研究、専門・技術サービス業(集約)","26","","全規模","20180","","2018年度","","49,771,214","24,610,235","15,786,160","9,374,819"
"161","","学術研究、専門・技術サービス業(集約)","26","","全規模","20190","","2019年度","","49,346,390","25,961,769","16,672,501","6,712,120"
"161","","学術研究、専門・技術サービス業(集約)","26","","全規模","20200","","2020年度","","48,200,996","24,178,299","16,497,411","7,525,286"
"161","","学術研究、専門・技術サービス業(集約)","26","","全規模","20210","","2021年度","","52,021,219","27,382,215","16,732,729","7,906,275"
"161","","学術研究、専門・技術サービス業(集約)","26","","全規模","20220","","2022年度","","56,704,088","28,083,456","19,437,622","9,183,010"
"161","","学術研究、専門・技術サービス業(集約)","26","","全規模","20230","","2023年度","","58,877,222","26,316,692","24,344,663","8,215,867"
"161","","学術研究、専門・技術サービス業(集約)","26","","全規模","20240","","2024年度","","64,061,960","26,568,218","26,072,776","11,420,966"
"138","","広告業","26","","全規模","20000","","2000年度","","80,100,886","61,203,085","16,501,136","2,396,665"
"138","","広告業","26","","全規模","20010","","2001年度","","72,773,750","55,889,322","14,316,193","2,568,235"
"138","","広告業","26","","全規模","20020","","2002年度","","72,234,354","53,865,325","16,523,070","1,845,959"
"138","","広告業","26","","全規模","20030","","2003年度","","78,213,102","58,021,212","18,084,360","2,107,530"
"138","","広告業","26","","全規模","20040","","2004年度","","49,079,739","35,696,800","11,786,058","1,596,881"
"138","","広告業","26","","全規模","20050","","2005年度","","48,062,901","33,684,064","12,610,560","1,768,277"
"138","","広告業","26","","全規模","20060","","2006年度","","46,651,863","34,011,884","11,136,010","1,503,969"
"138","","広告業","26","","全規模","20070","","2007年度","","43,879,656","30,386,364","11,963,684","1,529,608"
"138","","広告業","26","","全規模","20080","","2008年度","","42,804,367","30,663,533","11,036,505","1,104,329"
"138","","広告業","26","","全規模","20090","","2009年度","","19,087,744","15,838,294","2,986,141","263,309"
"138","","広告業","26","","全規模","20100","","2010年度","","17,398,481","12,628,892","4,156,102","613,487"
"138","","広告業","26","","全規模","20110","","2011年度","","12,763,198","9,617,373","2,916,799","229,026"
"138","","広告業","26","","全規模","20120","","2012年度","","15,257,783","10,979,685","3,764,724","513,374"
"138","","広告業","26","","全規模","20130","","2013年度","","14,826,081","10,672,064","3,742,218","411,799"
"138","","広告業","26","","全規模","20140","","2014年度","","14,070,774","10,722,669","2,838,158","509,947"
"138","","広告業","26","","全規模","20150","","2015年度","","13,347,318","9,344,307","3,349,931","653,080"
"138","","広告業","26","","全規模","20160","","2016年度","","14,623,176","10,186,466","3,767,747","668,963"
"138","","広告業","26","","全規模","20170","","2017年度","","13,574,771","10,500,135","2,535,503","539,133"
"138","","広告業","26","","全規模","20180","","2018年度","","14,408,700","11,344,622","2,685,613","378,465"
"138","","広告業","26","","全規模","20190","","2019年度","","14,360,137","10,932,917","3,161,612","265,608"
"138","","広告業","26","","全規模","20200","","2020年度","","12,931,340","9,838,633","2,985,390","107,317"
"138","","広告業","26","","全規模","20210","","2021年度","","15,027,134","11,491,723","3,170,230","365,181"
"138","","広告業","26","","全規模","20220","","2022年度","","13,017,866","9,355,847","3,283,636","378,383"
"138","","広告業","26","","全規模","20230","","2023年度","","12,555,066","8,692,810","3,541,374","320,882"
"138","","広告業","26","","全規模","20240","","2024年度","","12,219,039","8,268,602","3,685,965","264,472"
"158","","純粋持株会社","26","","全規模","20090","","2009年度","","1,652,502","280,964","675,314","696,224"
"158","","純粋持株会社","26","","全規模","20100","","2010年度","","2,396,163","392,903","826,635","1,176,625"
"158","","純粋持株会社","26","","全規模","20110","","2011年度","","3,018,694","644,659","884,664","1,489,371"
"158","","純粋持株会社","26","","全規模","20120","","2012年度","","3,711,155","871,324","858,626","1,981,205"
"158","","純粋持株会社","26","","全規模","20130","","2013年度","","4,731,308","663,170","1,239,432","2,828,706"
"158","","純粋持株会社","26","","全規模","20140","","2014年度","","6,495,963","1,440,160","1,256,040","3,799,763"
"158","","純粋持株会社","26","","全規模","20150","","2015年度","","6,503,467","1,162,252","1,488,795","3,852,420"
"158","","純粋持株会社","26","","全規模","20160","","2016年度","","7,524,992","1,429,900","2,006,622","4,088,470"
"158","","純粋持株会社","26","","全規模","20170","","2017年度","","8,236,026","1,246,666","2,577,454","4,411,906"
"158","","純粋持株会社","26","","全規模","20180","","2018年度","","10,414,533","948,232","2,211,425","7,254,876"
"158","","純粋持株会社","26","","全規模","20190","","2019年度","","10,384,247","2,216,390","2,705,555","5,462,302"
"158","","純粋持株会社","26","","全規模","20200","","2020年度","","10,105,873","1,052,813","2,604,017","6,449,043"
"158","","純粋持株会社","26","","全規模","20210","","2021年度","","10,524,226","1,061,886","2,928,613","6,533,727"
"158","","純粋持株会社","26","","全規模","20220","","2022年度","","12,643,008","1,595,117","3,725,959","7,321,932"
"158","","純粋持株会社","26","","全規模","20230","","2023年度","","13,161,617","2,069,783","4,227,083","6,864,751"
"158","","純粋持株会社","26","","全規模","20240","","2024年度","","17,491,794","2,357,509","5,041,372","10,092,913"
"159","","その他の学術研究、専門・技術サービス業","26","","全規模","20090","","2009年度","","18,867,921","10,711,759","8,107,524","48,638"
"159","","その他の学術研究、専門・技術サービス業","26","","全規模","20100","","2010年度","","20,217,316","11,525,215","8,560,811","131,290"
"159","","その他の学術研究、専門・技術サービス業","26","","全規模","20110","","2011年度","","25,182,580","12,466,082","12,025,807","690,691"
"159","","その他の学術研究、専門・技術サービス業","26","","全規模","20120","","2012年度","","23,467,729","11,245,947","11,073,211","1,148,571"
"159","","その他の学術研究、専門・技術サービス業","26","","全規模","20130","","2013年度","","23,514,106","13,629,945","8,752,064","1,132,097"
"159","","その他の学術研究、専門・技術サービス業","26","","全規模","20140","","2014年度","","24,865,585","13,831,916","9,837,669","1,196,000"
"159","","その他の学術研究、専門・技術サービス業","26","","全規模","20150","","2015年度","","22,834,909","12,774,719","9,178,156","882,034"
"159","","その他の学術研究、専門・技術サービス業","26","","全規模","20160","","2016年度","","22,867,367","12,195,316","9,679,795","992,256"
"159","","その他の学術研究、専門・技術サービス業","26","","全規模","20170","","2017年度","","24,478,251","12,539,185","10,632,481","1,306,585"
"159","","その他の学術研究、専門・技術サービス業","26","","全規模","20180","","2018年度","","24,947,981","12,317,381","10,889,122","1,741,478"
"159","","その他の学術研究、専門・技術サービス業","26","","全規模","20190","","2019年度","","24,602,006","12,812,462","10,805,334","984,210"
"159","","その他の学術研究、専門・技術サービス業","26","","全規模","20200","","2020年度","","25,163,783","13,286,853","10,908,004","968,926"
"159","","その他の学術研究、専門・技術サービス業","26","","全規模","20210","","2021年度","","26,469,859","14,828,606","10,633,886","1,007,367"
"159","","その他の学術研究、専門・技術サービス業","26","","全規模","20220","","2022年度","","31,043,214","17,132,492","12,428,027","1,482,695"
"159","","その他の学術研究、専門・技術サービス業","26","","全規模","20230","","2023年度","","33,160,539","15,554,099","16,576,206","1,030,234"
"159","","その他の学術研究、専門・技術サービス業","26","","全規模","20240","","2024年度","","34,351,127","15,942,107","17,345,439","1,063,581"
"153","","教育、学習支援業","26","","全規模","20040","","2004年度","","2,813,655","836,993","1,832,858","143,804"
"153","","教育、学習支援業","26","","全規模","20050","","2005年度","","3,296,711","1,325,376","1,850,294","121,041"
"153","","教育、学習支援業","26","","全規模","20060","","2006年度","","2,847,344","1,087,392","1,684,085","75,867"
"153","","教育、学習支援業","26","","全規模","20070","","2007年度","","2,978,094","1,126,357","1,799,705","52,032"
"153","","教育、学習支援業","26","","全規模","20080","","2008年度","","3,499,393","1,122,783","2,335,034","41,576"
"153","","教育、学習支援業","26","","全規模","20090","","2009年度","","2,288,739","857,981","1,317,253","113,505"
"153","","教育、学習支援業","26","","全規模","20100","","2010年度","","2,588,667","931,398","1,592,472","64,797"
"153","","教育、学習支援業","26","","全規模","20110","","2011年度","","3,012,673","1,184,365","1,739,304","89,004"
"153","","教育、学習支援業","26","","全規模","20120","","2012年度","","3,200,047","1,311,542","1,778,554","109,951"
"153","","教育、学習支援業","26","","全規模","20130","","2013年度","","2,900,809","1,055,923","1,794,224","50,662"
"153","","教育、学習支援業","26","","全規模","20140","","2014年度","","3,262,949","1,189,771","1,961,795","111,383"
"153","","教育、学習支援業","26","","全規模","20150","","2015年度","","3,182,268","1,250,496","1,878,757","53,015"
"153","","教育、学習支援業","26","","全規模","20160","","2016年度","","4,295,072","1,393,236","2,839,482","62,354"
"153","","教育、学習支援業","26","","全規模","20170","","2017年度","","3,662,372","1,109,006","2,586,528","-33,162"
"153","","教育、学習支援業","26","","全規模","20180","","2018年度","","2,560,551","937,595","1,506,969","115,987"
"153","","教育、学習支援業","26","","全規模","20190","","2019年度","","3,127,223","1,082,841","1,859,524","184,858"
"153","","教育、学習支援業","26","","全規模","20200","","2020年度","","2,734,460","843,295","1,809,640","81,525"
"153","","教育、学習支援業","26","","全規模","20210","","2021年度","","3,207,271","1,115,428","2,000,604","91,239"
"153","","教育、学習支援業","26","","全規模","20220","","2022年度","","2,744,436","935,802","1,737,765","70,869"
"153","","教育、学習支援業","26","","全規模","20230","","2023年度","","3,602,596","1,484,126","2,066,258","52,212"
"153","","教育、学習支援業","26","","全規模","20240","","2024年度","","3,652,792","1,248,052","2,226,780","177,960"
"152","","医療、福祉業","26","","全規模","20040","","2004年度","","3,215,655","1,389,373","1,687,577","138,705"
"152","","医療、福祉業","26","","全規模","20050","","2005年度","","3,399,483","1,533,284","1,770,659","95,540"
"152","","医療、福祉業","26","","全規模","20060","","2006年度","","3,089,846","1,418,868","1,673,852","-2,874"
"152","","医療、福祉業","26","","全規模","20070","","2007年度","","3,980,621","1,461,604","2,416,426","102,591"
"152","","医療、福祉業","26","","全規模","20080","","2008年度","","2,719,851","1,027,778","1,623,713","68,360"
"152","","医療、福祉業","26","","全規模","20090","","2009年度","","4,240,019","1,647,434","2,345,105","247,480"
"152","","医療、福祉業","26","","全規模","20100","","2010年度","","4,383,667","1,474,503","2,697,692","211,472"
"152","","医療、福祉業","26","","全規模","20110","","2011年度","","5,068,351","1,531,879","3,329,641","206,831"
"152","","医療、福祉業","26","","全規模","20120","","2012年度","","5,274,616","1,994,434","3,156,440","123,742"
"152","","医療、福祉業","26","","全規模","20130","","2013年度","","6,441,135","2,849,849","3,474,208","117,078"
"152","","医療、福祉業","26","","全規模","20140","","2014年度","","7,597,438","3,444,204","4,021,571","131,663"
"152","","医療、福祉業","26","","全規模","20150","","2015年度","","6,064,393","2,775,961","3,185,804","102,628"
"152","","医療、福祉業","26","","全規模","20160","","2016年度","","6,624,715","2,918,130","3,541,532","165,053"
"152","","医療、福祉業","26","","全規模","20170","","2017年度","","7,710,390","3,517,393","4,001,138","191,859"
"152","","医療、福祉業","26","","全規模","20180","","2018年度","","8,448,140","3,837,667","4,339,841","270,632"
"152","","医療、福祉業","26","","全規模","20190","","2019年度","","8,644,360","3,875,057","4,562,675","206,628"
"152","","医療、福祉業","26","","全規模","20200","","2020年度","","8,155,157","3,170,567","4,800,584","184,006"
"152","","医療、福祉業","26","","全規模","20210","","2021年度","","9,664,137","4,029,244","5,352,032","282,861"
"152","","医療、福祉業","26","","全規模","20220","","2022年度","","10,376,922","3,738,836","6,296,986","341,100"
"152","","医療、福祉業","26","","全規模","20230","","2023年度","","12,423,518","4,068,350","7,813,435","541,733"
"152","","医療、福祉業","26","","全規模","20240","","2024年度","","13,172,037","5,657,192","7,109,532","405,313"
"160","","職業紹介・労働者派遣業","26","","全規模","20090","","2009年度","","5,772,073","3,122,068","2,854,622","-204,617"
"160","","職業紹介・労働者派遣業","26","","全規模","20100","","2010年度","","6,499,059","3,683,926","2,713,114","102,019"
"160","","職業紹介・労働者派遣業","26","","全規模","20110","","2011年度","","7,108,663","4,577,193","2,273,840","257,630"
"160","","職業紹介・労働者派遣業","26","","全規模","20120","","2012年度","","5,815,750","3,773,768","1,864,972","177,010"
"160","","職業紹介・労働者派遣業","26","","全規模","20130","","2013年度","","6,479,837","4,149,450","2,179,223","151,164"
"160","","職業紹介・労働者派遣業","26","","全規模","20140","","2014年度","","6,815,791","4,494,820","2,097,081","223,890"
"160","","職業紹介・労働者派遣業","26","","全規模","20150","","2015年度","","7,759,043","5,299,638","2,137,654","321,751"
"160","","職業紹介・労働者派遣業","26","","全規模","20160","","2016年度","","9,004,630","6,211,181","2,457,362","336,087"
"160","","職業紹介・労働者派遣業","26","","全規模","20170","","2017年度","","9,312,179","6,500,082","2,422,630","389,467"
"160","","職業紹介・労働者派遣業","26","","全規模","20180","","2018年度","","9,546,711","6,241,237","2,900,554","404,920"
"160","","職業紹介・労働者派遣業","26","","全規模","20190","","2019年度","","9,090,441","5,836,615","2,946,034","307,792"
"160","","職業紹介・労働者派遣業","26","","全規模","20200","","2020年度","","7,653,661","4,532,337","2,936,940","184,384"
"160","","職業紹介・労働者派遣業","26","","全規模","20210","","2021年度","","9,981,025","6,667,580","2,870,773","442,672"
"160","","職業紹介・労働者派遣業","26","","全規模","20220","","2022年度","","9,626,134","5,666,463","3,510,100","449,571"
"160","","職業紹介・労働者派遣業","26","","全規模","20230","","2023年度","","11,119,011","6,638,512","3,974,854","505,645"
"160","","職業紹介・労働者派遣業","26","","全規模","20240","","2024年度","","11,124,352","7,380,643","3,308,753","434,956"
"143","","その他のサービス業","26","","全規模","20000","","2000年度","","34,186,794","19,658,833","13,314,814","1,213,147"
"143","","その他のサービス業","26","","全規模","20010","","2001年度","","36,898,613","22,932,041","12,926,588","1,039,984"
"143","","その他のサービス業","26","","全規模","20020","","2002年度","","28,614,339","16,280,925","11,593,007","740,407"
"143","","その他のサービス業","26","","全規模","20030","","2003年度","","36,706,413","22,246,990","13,075,733","1,383,690"
"143","","その他のサービス業","26","","全規模","20040","","2004年度","","34,501,947","20,616,936","12,575,871","1,309,140"
"143","","その他のサービス業","26","","全規模","20050","","2005年度","","43,728,340","28,309,446","13,839,312","1,579,582"
"143","","その他のサービス業","26","","全規模","20060","","2006年度","","45,782,026","30,183,801","13,894,371","1,703,854"
"143","","その他のサービス業","26","","全規模","20070","","2007年度","","42,538,857","26,194,898","14,266,110","2,077,849"
"143","","その他のサービス業","26","","全規模","20080","","2008年度","","42,373,306","24,097,085","15,426,092","2,850,129"
"143","","その他のサービス業","26","","全規模","20090","","2009年度","","37,322,768","24,197,492","11,401,512","1,723,764"
"143","","その他のサービス業","26","","全規模","20100","","2010年度","","40,019,108","24,420,469","13,528,017","2,070,622"
"143","","その他のサービス業","26","","全規模","20110","","2011年度","","39,120,558","24,516,053","12,424,205","2,180,300"
"143","","その他のサービス業","26","","全規模","20120","","2012年度","","38,530,300","25,500,372","11,643,359","1,386,569"
"143","","その他のサービス業","26","","全規模","20130","","2013年度","","38,768,328","26,199,468","10,986,863","1,581,997"
"143","","その他のサービス業","26","","全規模","20140","","2014年度","","38,701,674","26,115,010","11,084,040","1,502,624"
"143","","その他のサービス業","26","","全規模","20150","","2015年度","","36,388,106","24,370,965","10,202,150","1,814,991"
"143","","その他のサービス業","26","","全規模","20160","","2016年度","","41,092,280","26,882,772","11,855,712","2,353,796"
"143","","その他のサービス業","26","","全規模","20170","","2017年度","","42,658,475","27,483,659","12,443,873","2,730,943"
"143","","その他のサービス業","26","","全規模","20180","","2018年度","","42,851,729","27,632,368","12,440,725","2,778,636"
"143","","その他のサービス業","26","","全規模","20190","","2019年度","","41,719,618","27,005,864","12,232,740","2,481,014"
"143","","その他のサービス業","26","","全規模","20200","","2020年度","","39,342,647","25,769,477","12,087,086","1,486,084"
"143","","その他のサービス業","26","","全規模","20210","","2021年度","","38,800,877","24,565,054","12,272,016","1,963,807"
"143","","その他のサービス業","26","","全規模","20220","","2022年度","","41,873,870","25,907,225","13,850,686","2,115,959"
"143","","その他のサービス業","26","","全規模","20230","","2023年度","","43,573,756","28,667,434","12,938,462","1,967,860"
"143","","その他のサービス業","26","","全規模","20240","","2024年度","","49,286,662","32,011,610","14,626,532","2,648,520"
