"統計名：","法人企業統計調査 時系列データ"
"表番号：","1"
"表題：","[時系列データ] 金融業、保険業以外の業種(原数値)"
"実施年月：","2024年度","-"

"*","計算結果が値を持たない項目"
"***","数字が得られないもの"

"","","","","","","","","","/調査項目 (金融業、保険業以外の業種) コード","003","004","008","024","025","045"
"","","","","","","","","","/調査項目 (金融業、保険業以外の業種) 補助コード","-","-","-","-","-","-"
"業種 (金融業、保険業以外の業種) コード","業種 (金融業、保険業以外の業種) 補助コード","業種 (金融業、保険業以外の業種)","規模 (金融業、保険業以外の業種) コード","規模 (金融業、保険業以外の業種) 補助コード","規模 (金融業、保険業以外の業種)","年  期 コード","年  期 補助コード","年  期","/調査項目 (金融業、保険業以外の業種)","受取手形(当期末流動資産)【百万円】","売掛金(当期末流動資産)【百万円】","製品又は商品(当期末流動資産)【百万円】","支払手形(当期末流動負債)【百万円】","買掛金(当期末流動負債)【百万円】","売上高(当期末)【百万円】"
"104","","全産業（除く金融保険業）","26","","全規模","20000","","2000年度","","46,776,765","190,793,330","59,430,849","62,265,848","136,793,792","1,435,027,843"
"104","","全産業（除く金融保険業）","26","","全規模","20010","","2001年度","","43,292,799","172,870,280","55,959,434","53,418,127","121,586,540","1,338,206,537"
"104","","全産業（除く金融保険業）","26","","全規模","20020","","2002年度","","35,895,214","169,462,775","56,630,573","47,985,703","121,796,667","1,326,801,955"
"104","","全産業（除く金融保険業）","26","","全規模","20030","","2003年度","","32,092,860","174,583,689","53,594,037","43,998,789","129,535,469","1,334,673,656"
"104","","全産業（除く金融保険業）","26","","全規模","20040","","2004年度","","33,258,172","185,156,684","54,589,662","43,208,073","136,537,035","1,420,355,876"
"104","","全産業（除く金融保険業）","26","","全規模","20050","","2005年度","","31,000,906","201,008,539","59,839,751","40,090,067","150,912,911","1,508,120,690"
"104","","全産業（除く金融保険業）","26","","全規模","20060","","2006年度","","33,692,405","209,106,363","62,193,731","42,705,513","155,973,335","1,566,432,850"
"104","","全産業（除く金融保険業）","26","","全規模","20070","","2007年度","","29,589,971","215,910,718","67,687,807","38,696,901","159,355,845","1,580,171,337"
"104","","全産業（除く金融保険業）","26","","全規模","20080","","2008年度","","28,505,160","180,217,973","60,706,934","33,006,259","125,059,709","1,508,207,183"
"104","","全産業（除く金融保険業）","26","","全規模","20090","","2009年度","","22,777,304","182,507,305","57,888,169","27,777,928","130,496,608","1,368,019,602"
"104","","全産業（除く金融保険業）","26","","全規模","20100","","2010年度","","23,975,324","182,167,996","56,637,371","28,255,537","131,655,581","1,385,742,617"
"104","","全産業（除く金融保険業）","26","","全規模","20110","","2011年度","","23,954,429","192,232,459","58,367,330","29,286,917","137,982,786","1,381,046,925"
"104","","全産業（除く金融保険業）","26","","全規模","20120","","2012年度","","23,006,026","189,559,663","58,419,511","26,589,818","135,863,150","1,374,510,498"
"104","","全産業（除く金融保険業）","26","","全規模","20130","","2013年度","","21,533,269","197,728,640","58,539,008","25,499,139","141,685,312","1,409,157,152"
"104","","全産業（除く金融保険業）","26","","全規模","20140","","2014年度","","25,350,097","205,948,153","62,787,888","29,943,460","146,786,180","1,447,842,502"
"104","","全産業（除く金融保険業）","26","","全規模","20150","","2015年度","","24,012,411","200,690,607","61,479,850","27,657,535","138,572,513","1,431,534,143"
"104","","全産業（除く金融保険業）","26","","全規模","20160","","2016年度","","22,508,931","204,219,680","60,532,017","26,404,699","141,008,910","1,455,756,301"
"104","","全産業（除く金融保険業）","26","","全規模","20170","","2017年度","","24,453,801","218,805,163","66,642,396","28,254,975","153,048,668","1,544,142,808"
"104","","全産業（除く金融保険業）","26","","全規模","20180","","2018年度","","25,218,505","214,997,024","70,280,477","28,723,818","147,509,992","1,535,211,424"
"104","","全産業（除く金融保険業）","26","","全規模","20190","","2019年度","","22,813,940","203,559,575","67,826,698","25,404,994","136,810,499","1,481,898,587"
"104","","全産業（除く金融保険業）","26","","全規模","20200","","2020年度","","21,295,347","198,296,189","66,781,442","22,272,848","131,835,385","1,362,469,609"
"104","","全産業（除く金融保険業）","26","","全規模","20210","","2021年度","","22,675,392","218,793,177","71,229,724","23,562,925","144,929,479","1,447,887,788"
"104","","全産業（除く金融保険業）","26","","全規模","20220","","2022年度","","24,284,288","229,834,426","79,703,704","23,607,190","153,774,348","1,578,439,646"
"104","","全産業（除く金融保険業）","26","","全規模","20230","","2023年度","","24,508,632","239,918,074","82,597,107","24,006,406","157,688,565","1,633,331,387"
"104","","全産業（除く金融保険業）","26","","全規模","20240","","2024年度","","20,977,102","250,136,251","86,494,441","22,469,951","162,719,465","1,692,401,786"
"108","","製造業","26","","全規模","20000","","2000年度","","18,664,352","71,283,348","17,027,371","20,816,682","44,859,135","420,981,746"
"108","","製造業","26","","全規模","20010","","2001年度","","15,508,810","63,733,685","15,810,573","17,537,804","39,203,634","382,858,376"
"108","","製造業","26","","全規模","20020","","2002年度","","13,455,972","62,939,172","15,114,585","14,917,965","40,271,698","377,531,207"
"108","","製造業","26","","全規模","20030","","2003年度","","12,390,444","64,961,805","14,088,200","14,477,127","42,220,281","384,949,867"
"108","","製造業","26","","全規模","20040","","2004年度","","12,792,513","68,059,927","15,211,656","13,473,792","46,403,988","409,688,533"
"108","","製造業","26","","全規模","20050","","2005年度","","12,223,252","75,439,554","15,441,393","13,229,548","51,115,929","434,994,937"
"108","","製造業","26","","全規模","20060","","2006年度","","12,384,417","76,535,816","17,590,639","13,837,787","53,148,708","450,335,804"
"108","","製造業","26","","全規模","20070","","2007年度","","12,350,313","79,322,032","18,153,565","13,445,964","55,798,634","471,709,099"
"108","","製造業","26","","全規模","20080","","2008年度","","9,743,451","61,580,958","17,073,052","11,377,329","41,056,809","445,052,568"
"108","","製造業","26","","全規模","20090","","2009年度","","9,686,423","65,260,551","15,576,339","9,694,894","44,635,553","381,215,485"
"108","","製造業","26","","全規模","20100","","2010年度","","9,984,071","65,155,033","15,353,020","10,359,344","45,165,701","403,313,655"
"108","","製造業","26","","全規模","20110","","2011年度","","9,573,246","70,353,749","16,652,069","9,583,292","48,847,514","402,091,684"
"108","","製造業","26","","全規模","20120","","2012年度","","9,108,893","65,406,519","16,996,801","8,664,470","44,011,330","386,508,560"
"108","","製造業","26","","全規模","20130","","2013年度","","8,379,671","68,027,468","16,145,453","8,278,155","45,148,815","394,156,592"
"108","","製造業","26","","全規模","20140","","2014年度","","9,012,067","71,115,617","17,069,356","9,789,641","45,704,473","405,082,426"
"108","","製造業","26","","全規模","20150","","2015年度","","9,577,934","67,349,068","17,005,931","10,173,162","43,055,297","397,842,127"
"108","","製造業","26","","全規模","20160","","2016年度","","9,409,064","69,029,412","16,847,954","10,127,804","44,682,930","395,561,444"
"108","","製造業","26","","全規模","20170","","2017年度","","10,240,465","71,218,290","17,785,821","10,816,517","45,837,930","406,259,788"
"108","","製造業","26","","全規模","20180","","2018年度","","10,305,765","71,541,282","18,457,406","10,851,527","45,471,487","414,269,775"
"108","","製造業","26","","全規模","20190","","2019年度","","9,149,764","66,582,282","18,754,281","9,753,288","41,646,105","398,499,697"
"108","","製造業","26","","全規模","20200","","2020年度","","8,298,616","66,634,997","18,711,659","8,565,601","41,891,080","365,094,778"
"108","","製造業","26","","全規模","20210","","2021年度","","9,054,768","72,854,618","20,788,139","9,546,210","46,274,440","401,773,979"
"108","","製造業","26","","全規模","20220","","2022年度","","9,760,060","75,722,590","24,093,805","9,690,687","49,778,599","436,341,951"
"108","","製造業","26","","全規模","20230","","2023年度","","9,319,071","77,774,204","24,253,469","8,884,749","48,871,102","447,532,360"
"108","","製造業","26","","全規模","20240","","2024年度","","8,194,407","79,123,797","24,587,570","8,085,462","50,523,841","467,795,156"
"109","","食料品製造業","26","","全規模","20000","","2000年度","","624,994","6,000,143","1,887,888","966,576","3,197,552","51,619,555"
"109","","食料品製造業","26","","全規模","20010","","2001年度","","645,251","5,107,310","1,644,883","742,579","2,748,157","42,709,192"
"109","","食料品製造業","26","","全規模","20020","","2002年度","","604,623","5,129,230","1,416,941","602,558","2,930,344","44,697,658"
"109","","食料品製造業","26","","全規模","20030","","2003年度","","391,084","4,935,531","1,407,248","514,740","2,723,405","41,819,823"
"109","","食料品製造業","26","","全規模","20040","","2004年度","","421,086","5,217,793","1,623,999","477,144","3,448,083","44,995,534"
"109","","食料品製造業","26","","全規模","20050","","2005年度","","326,118","5,421,399","1,364,230","529,854","3,187,183","43,949,583"
"109","","食料品製造業","26","","全規模","20060","","2006年度","","284,402","5,795,898","1,796,460","465,016","3,379,263","47,008,880"
"109","","食料品製造業","26","","全規模","20070","","2007年度","","295,971","6,188,759","2,622,384","363,032","3,502,385","44,778,024"
"109","","食料品製造業","26","","全規模","20080","","2008年度","","282,858","6,129,211","1,864,028","437,992","3,796,421","51,300,246"
"109","","食料品製造業","26","","全規模","20090","","2009年度","","244,304","5,382,082","1,552,266","315,346","3,091,329","43,944,727"
"109","","食料品製造業","26","","全規模","20100","","2010年度","","193,099","5,803,960","1,664,393","362,080","3,385,159","47,463,612"
"109","","食料品製造業","26","","全規模","20110","","2011年度","","247,049","6,579,635","2,091,217","441,612","3,881,565","50,779,965"
"109","","食料品製造業","26","","全規模","20120","","2012年度","","214,328","5,793,797","2,076,340","280,698","3,553,111","47,762,065"
"109","","食料品製造業","26","","全規模","20130","","2013年度","","154,165","5,415,456","1,596,042","221,650","3,192,615","42,732,271"
"109","","食料品製造業","26","","全規模","20140","","2014年度","","232,862","5,638,668","1,790,167","305,440","3,663,878","44,061,265"
"109","","食料品製造業","26","","全規模","20150","","2015年度","","157,294","5,695,123","2,016,801","420,939","3,561,253","44,823,851"
"109","","食料品製造業","26","","全規模","20160","","2016年度","","142,218","6,076,253","1,802,681","263,417","3,543,238","45,284,544"
"109","","食料品製造業","26","","全規模","20170","","2017年度","","163,786","6,060,809","2,024,395","267,245","3,486,810","44,884,361"
"109","","食料品製造業","26","","全規模","20180","","2018年度","","176,163","6,167,775","2,000,512","313,853","3,574,288","45,841,610"
"109","","食料品製造業","26","","全規模","20190","","2019年度","","194,781","5,817,886","2,003,776","296,191","3,575,256","44,128,676"
"109","","食料品製造業","26","","全規模","20200","","2020年度","","262,755","5,450,837","2,157,930","297,556","3,354,450","42,131,088"
"109","","食料品製造業","26","","全規模","20210","","2021年度","","181,181","5,520,089","2,030,733","272,862","3,416,749","41,638,487"
"109","","食料品製造業","26","","全規模","20220","","2022年度","","142,309","6,087,042","2,797,247","228,199","3,970,628","45,412,032"
"109","","食料品製造業","26","","全規模","20230","","2023年度","","175,870","6,742,140","2,889,567","296,165","4,049,065","47,781,676"
"109","","食料品製造業","26","","全規模","20240","","2024年度","","162,725","7,012,760","2,755,593","342,795","4,461,113","52,550,988"
"110","","繊維工業","26","","全規模","20090","","2009年度","","390,613","1,395,598","927,631","488,255","689,675","10,560,596"
"110","","繊維工業","26","","全規模","20100","","2010年度","","396,594","1,633,383","945,882","399,990","670,012","10,505,429"
"110","","繊維工業","26","","全規模","20110","","2011年度","","297,156","1,413,702","882,156","317,862","907,841","9,885,565"
"110","","繊維工業","26","","全規模","20120","","2012年度","","277,871","1,272,659","786,480","292,155","602,535","8,432,436"
"110","","繊維工業","26","","全規模","20130","","2013年度","","427,928","1,609,082","962,591","516,670","703,394","9,574,883"
"110","","繊維工業","26","","全規模","20140","","2014年度","","493,776","1,709,535","1,121,676","505,624","796,544","9,525,606"
"110","","繊維工業","26","","全規模","20150","","2015年度","","305,245","1,407,857","875,843","293,744","724,499","8,334,785"
"110","","繊維工業","26","","全規模","20160","","2016年度","","276,838","1,454,937","1,064,090","334,380","676,116","9,270,926"
"110","","繊維工業","26","","全規模","20170","","2017年度","","286,910","1,266,880","1,000,402","258,200","670,872","8,210,405"
"110","","繊維工業","26","","全規模","20180","","2018年度","","281,545","1,209,684","765,584","291,708","586,509","7,899,211"
"110","","繊維工業","26","","全規模","20190","","2019年度","","276,470","1,101,692","861,833","280,911","477,404","7,022,754"
"110","","繊維工業","26","","全規模","20200","","2020年度","","233,346","1,059,430","823,672","151,921","591,260","6,366,913"
"110","","繊維工業","26","","全規模","20210","","2021年度","","220,667","1,262,468","985,957","171,792","643,950","6,811,890"
"110","","繊維工業","26","","全規模","20220","","2022年度","","398,357","1,037,810","687,373","241,965","633,863","6,501,972"
"110","","繊維工業","26","","全規模","20230","","2023年度","","194,627","1,074,057","798,724","179,803","491,913","6,201,380"
"110","","繊維工業","26","","全規模","20240","","2024年度","","188,612","1,098,153","803,569","212,351","524,458","6,345,049"
"163","","繊維工業(H20年度まで)","26","","全規模","20000","","2000年度","","484,659","910,503","514,868","494,424","418,479","5,953,205"
"163","","繊維工業(H20年度まで)","26","","全規模","20010","","2001年度","","573,441","912,158","560,068","465,884","414,058","5,896,280"
"163","","繊維工業(H20年度まで)","26","","全規模","20020","","2002年度","","471,595","881,452","542,008","421,078","382,456","6,267,939"
"163","","繊維工業(H20年度まで)","26","","全規模","20030","","2003年度","","355,192","677,666","330,983","270,143","281,647","4,664,427"
"163","","繊維工業(H20年度まで)","26","","全規模","20040","","2004年度","","327,254","715,462","369,133","237,452","401,829","4,842,535"
"163","","繊維工業(H20年度まで)","26","","全規模","20050","","2005年度","","287,303","714,888","373,752","260,434","307,454","4,381,806"
"163","","繊維工業(H20年度まで)","26","","全規模","20060","","2006年度","","231,592","664,797","520,676","233,142","318,962","4,327,952"
"163","","繊維工業(H20年度まで)","26","","全規模","20070","","2007年度","","268,664","714,770","483,357","291,799","318,563","4,759,548"
"163","","繊維工業(H20年度まで)","26","","全規模","20080","","2008年度","","188,199","531,705","475,685","169,803","293,966","3,813,668"
"111","","衣服・その他の繊維製品製造業(H20年度まで)","26","","全規模","20000","","2000年度","","363,219","941,405","667,348","588,309","548,090","7,655,766"
"111","","衣服・その他の繊維製品製造業(H20年度まで)","26","","全規模","20010","","2001年度","","306,937","913,494","606,813","501,770","386,625","6,972,828"
"111","","衣服・その他の繊維製品製造業(H20年度まで)","26","","全規模","20020","","2002年度","","344,515","1,058,547","826,310","471,334","421,870","6,825,369"
"111","","衣服・その他の繊維製品製造業(H20年度まで)","26","","全規模","20030","","2003年度","","156,878","709,924","492,276","416,073","353,316","5,189,755"
"111","","衣服・その他の繊維製品製造業(H20年度まで)","26","","全規模","20040","","2004年度","","168,855","790,348","574,173","310,575","425,151","6,336,250"
"111","","衣服・その他の繊維製品製造業(H20年度まで)","26","","全規模","20050","","2005年度","","306,664","941,100","695,604","414,507","772,492","9,502,181"
"111","","衣服・その他の繊維製品製造業(H20年度まで)","26","","全規模","20060","","2006年度","","242,571","997,666","962,868","381,092","520,116","7,553,199"
"111","","衣服・その他の繊維製品製造業(H20年度まで)","26","","全規模","20070","","2007年度","","217,993","890,094","566,715","487,888","370,981","5,817,287"
"111","","衣服・その他の繊維製品製造業(H20年度まで)","26","","全規模","20080","","2008年度","","205,152","965,514","567,726","549,780","459,539","6,640,367"
"112","","木材・木製品製造業","26","","全規模","20000","","2000年度","","342,445","587,154","366,734","536,060","357,952","5,068,846"
"112","","木材・木製品製造業","26","","全規模","20010","","2001年度","","319,632","519,391","454,265","439,112","288,414","4,488,154"
"112","","木材・木製品製造業","26","","全規模","20020","","2002年度","","324,756","621,005","335,339","441,547","265,795","4,482,229"
"112","","木材・木製品製造業","26","","全規模","20030","","2003年度","","236,929","516,378","459,307","316,881","283,431","4,011,878"
"112","","木材・木製品製造業","26","","全規模","20040","","2004年度","","351,057","526,248","273,072","307,742","394,168","4,538,394"
"112","","木材・木製品製造業","26","","全規模","20050","","2005年度","","305,180","738,726","271,984","370,754","375,622","4,657,548"
"112","","木材・木製品製造業","26","","全規模","20060","","2006年度","","183,469","566,267","271,942","302,071","365,235","4,147,886"
"112","","木材・木製品製造業","26","","全規模","20070","","2007年度","","202,185","547,622","389,335","307,228","315,910","4,135,638"
"112","","木材・木製品製造業","26","","全規模","20080","","2008年度","","132,994","409,051","194,762","135,520","215,725","3,240,405"
"112","","木材・木製品製造業","26","","全規模","20090","","2009年度","","241,822","517,297","301,242","202,741","328,175","3,592,782"
"112","","木材・木製品製造業","26","","全規模","20100","","2010年度","","206,680","574,693","212,485","193,950","341,745","3,603,352"
"112","","木材・木製品製造業","26","","全規模","20110","","2011年度","","166,514","560,490","242,524","168,925","348,580","3,832,226"
"112","","木材・木製品製造業","26","","全規模","20120","","2012年度","","201,951","483,883","297,310","200,620","306,814","3,784,663"
"112","","木材・木製品製造業","26","","全規模","20130","","2013年度","","160,277","633,672","296,851","164,133","373,464","4,556,045"
"112","","木材・木製品製造業","26","","全規模","20140","","2014年度","","188,054","741,577","282,439","187,089","449,047","5,128,178"
"112","","木材・木製品製造業","26","","全規模","20150","","2015年度","","126,949","559,026","207,627","179,643","317,076","3,753,976"
"112","","木材・木製品製造業","26","","全規模","20160","","2016年度","","161,661","606,002","202,232","210,719","392,822","4,176,773"
"112","","木材・木製品製造業","26","","全規模","20170","","2017年度","","160,070","496,692","175,417","175,821","300,615","3,620,847"
"112","","木材・木製品製造業","26","","全規模","20180","","2018年度","","126,181","453,668","175,129","118,156","277,426","3,338,553"
"112","","木材・木製品製造業","26","","全規模","20190","","2019年度","","119,980","495,294","191,780","140,536","317,782","3,523,124"
"112","","木材・木製品製造業","26","","全規模","20200","","2020年度","","107,586","383,592","163,873","126,085","208,402","2,815,825"
"112","","木材・木製品製造業","26","","全規模","20210","","2021年度","","130,258","399,138","169,909","158,378","283,606","2,911,655"
"112","","木材・木製品製造業","26","","全規模","20220","","2022年度","","205,759","461,436","196,583","183,746","350,971","3,575,956"
"112","","木材・木製品製造業","26","","全規模","20230","","2023年度","","176,609","387,003","185,186","182,434","314,444","3,216,116"
"112","","木材・木製品製造業","26","","全規模","20240","","2024年度","","114,504","333,002","210,250","124,409","254,240","2,746,496"
"113","","パルプ・紙・紙加工品製造業","26","","全規模","20000","","2000年度","","482,854","1,556,493","430,825","718,943","882,906","8,914,385"
"113","","パルプ・紙・紙加工品製造業","26","","全規模","20010","","2001年度","","600,348","1,423,297","401,897","719,870","795,020","8,944,023"
"113","","パルプ・紙・紙加工品製造業","26","","全規模","20020","","2002年度","","506,415","1,456,100","392,532","809,408","818,467","8,663,911"
"113","","パルプ・紙・紙加工品製造業","26","","全規模","20030","","2003年度","","508,968","1,437,389","351,349","503,579","914,349","8,836,310"
"113","","パルプ・紙・紙加工品製造業","26","","全規模","20040","","2004年度","","467,919","1,467,006","352,936","526,801","879,606","8,611,607"
"113","","パルプ・紙・紙加工品製造業","26","","全規模","20050","","2005年度","","417,078","2,396,348","406,899","394,782","1,880,277","16,522,434"
"113","","パルプ・紙・紙加工品製造業","26","","全規模","20060","","2006年度","","441,831","1,731,405","427,318","498,945","1,081,356","9,050,956"
"113","","パルプ・紙・紙加工品製造業","26","","全規模","20070","","2007年度","","699,483","1,989,990","441,397","582,143","1,346,209","11,186,479"
"113","","パルプ・紙・紙加工品製造業","26","","全規模","20080","","2008年度","","392,871","1,626,333","436,026","522,490","963,803","9,657,785"
"113","","パルプ・紙・紙加工品製造業","26","","全規模","20090","","2009年度","","515,580","1,744,994","367,546","484,970","1,041,019","9,807,554"
"113","","パルプ・紙・紙加工品製造業","26","","全規模","20100","","2010年度","","492,279","1,835,348","401,981","525,236","1,202,911","10,781,234"
"113","","パルプ・紙・紙加工品製造業","26","","全規模","20110","","2011年度","","384,269","1,651,786","366,154","329,463","1,125,557","9,109,498"
"113","","パルプ・紙・紙加工品製造業","26","","全規模","20120","","2012年度","","388,146","1,416,504","309,187","330,754","987,989","7,783,998"
"113","","パルプ・紙・紙加工品製造業","26","","全規模","20130","","2013年度","","302,146","1,437,185","368,896","353,146","932,282","7,898,410"
"113","","パルプ・紙・紙加工品製造業","26","","全規模","20140","","2014年度","","272,507","1,513,747","426,670","393,962","986,656","8,555,485"
"113","","パルプ・紙・紙加工品製造業","26","","全規模","20150","","2015年度","","265,589","1,394,588","395,531","367,607","903,065","7,942,619"
"113","","パルプ・紙・紙加工品製造業","26","","全規模","20160","","2016年度","","307,415","1,377,659","350,827","296,396","921,494","7,825,951"
"113","","パルプ・紙・紙加工品製造業","26","","全規模","20170","","2017年度","","342,986","1,674,554","429,234","427,506","1,129,456","9,147,724"
"113","","パルプ・紙・紙加工品製造業","26","","全規模","20180","","2018年度","","359,290","1,724,751","416,622","459,555","1,186,630","9,069,162"
"113","","パルプ・紙・紙加工品製造業","26","","全規模","20190","","2019年度","","340,919","1,622,429","440,517","386,885","1,190,979","9,109,079"
"113","","パルプ・紙・紙加工品製造業","26","","全規模","20200","","2020年度","","279,653","1,548,907","392,006","460,670","1,013,136","8,506,599"
"113","","パルプ・紙・紙加工品製造業","26","","全規模","20210","","2021年度","","368,791","1,643,846","415,297","541,819","1,084,334","8,841,203"
"113","","パルプ・紙・紙加工品製造業","26","","全規模","20220","","2022年度","","446,857","1,602,845","457,119","502,131","1,151,419","8,637,834"
"113","","パルプ・紙・紙加工品製造業","26","","全規模","20230","","2023年度","","392,613","1,591,031","466,157","380,113","1,240,634","8,534,277"
"113","","パルプ・紙・紙加工品製造業","26","","全規模","20240","","2024年度","","286,069","1,455,890","453,208","299,892","1,156,277","8,360,988"
"114","","印刷・同関連業","26","","全規模","20000","","2000年度","","722,036","2,832,137","451,911","1,150,945","1,301,717","17,173,462"
"114","","印刷・同関連業","26","","全規模","20010","","2001年度","","765,066","3,227,401","506,990","1,194,430","1,637,614","19,617,423"
"114","","印刷・同関連業","26","","全規模","20020","","2002年度","","825,677","2,683,330","514,300","1,221,076","1,326,730","17,594,996"
"114","","印刷・同関連業","26","","全規模","20030","","2003年度","","623,569","2,834,445","353,398","1,224,968","1,448,150","18,210,985"
"114","","印刷・同関連業","26","","全規模","20040","","2004年度","","545,846","2,199,399","180,769","793,305","1,129,578","13,284,674"
"114","","印刷・同関連業","26","","全規模","20050","","2005年度","","566,860","1,966,179","202,804","887,312","997,037","11,948,011"
"114","","印刷・同関連業","26","","全規模","20060","","2006年度","","481,141","2,071,342","167,894","681,512","1,036,863","11,236,316"
"114","","印刷・同関連業","26","","全規模","20070","","2007年度","","394,431","1,806,252","148,606","709,091","998,734","10,565,467"
"114","","印刷・同関連業","26","","全規模","20080","","2008年度","","364,085","1,798,713","131,839","618,687","853,259","10,614,893"
"114","","印刷・同関連業","26","","全規模","20090","","2009年度","","473,392","2,104,443","253,087","991,542","1,265,886","11,707,143"
"114","","印刷・同関連業","26","","全規模","20100","","2010年度","","361,314","1,845,486","187,854","678,920","984,935","11,823,446"
"114","","印刷・同関連業","26","","全規模","20110","","2011年度","","372,906","1,812,195","204,495","562,966","925,188","10,604,689"
"114","","印刷・同関連業","26","","全規模","20120","","2012年度","","306,962","1,620,581","199,030","554,207","871,032","9,706,156"
"114","","印刷・同関連業","26","","全規模","20130","","2013年度","","393,526","1,674,264","224,163","533,392","912,232","9,857,945"
"114","","印刷・同関連業","26","","全規模","20140","","2014年度","","411,552","1,698,931","211,273","471,873","925,719","9,719,864"
"114","","印刷・同関連業","26","","全規模","20150","","2015年度","","386,241","1,454,168","179,270","456,754","854,141","8,861,858"
"114","","印刷・同関連業","26","","全規模","20160","","2016年度","","343,097","1,566,046","155,013","538,458","850,750","9,258,717"
"114","","印刷・同関連業","26","","全規模","20170","","2017年度","","344,310","1,535,690","199,401","452,253","938,243","8,678,590"
"114","","印刷・同関連業","26","","全規模","20180","","2018年度","","325,456","1,423,514","168,262","436,060","831,077","8,164,177"
"114","","印刷・同関連業","26","","全規模","20190","","2019年度","","280,346","1,367,423","157,300","487,600","744,259","8,627,126"
"114","","印刷・同関連業","26","","全規模","20200","","2020年度","","263,845","1,308,519","167,705","405,414","730,743","7,915,196"
"114","","印刷・同関連業","26","","全規模","20210","","2021年度","","346,741","1,341,870","181,387","474,687","792,565","7,665,214"
"114","","印刷・同関連業","26","","全規模","20220","","2022年度","","385,708","1,371,531","217,875","495,554","775,275","7,782,772"
"114","","印刷・同関連業","26","","全規模","20230","","2023年度","","257,594","1,033,285","176,882","343,838","608,965","7,202,281"
"114","","印刷・同関連業","26","","全規模","20240","","2024年度","","301,157","1,424,990","224,237","328,899","758,662","8,872,955"
"115","","化学工業","26","","全規模","20000","","2000年度","","2,131,600","8,350,617","2,493,850","1,448,598","4,401,334","37,483,751"
"115","","化学工業","26","","全規模","20010","","2001年度","","1,764,984","8,141,087","2,426,891","1,418,390","4,268,128","35,606,496"
"115","","化学工業","26","","全規模","20020","","2002年度","","1,418,271","8,312,806","2,319,318","1,006,860","4,407,560","35,949,618"
"115","","化学工業","26","","全規模","20030","","2003年度","","1,450,717","8,166,791","2,119,224","1,032,989","4,288,201","37,518,019"
"115","","化学工業","26","","全規模","20040","","2004年度","","1,188,429","8,444,345","2,263,694","1,016,449","4,594,190","35,990,060"
"115","","化学工業","26","","全規模","20050","","2005年度","","1,131,795","9,535,754","2,594,007","862,458","5,534,479","41,333,561"
"115","","化学工業","26","","全規模","20060","","2006年度","","1,130,787","9,414,748","2,674,001","759,378","5,586,000","40,195,391"
"115","","化学工業","26","","全規模","20070","","2007年度","","1,087,583","9,326,238","2,762,323","766,240","5,370,837","42,224,674"
"115","","化学工業","26","","全規模","20080","","2008年度","","837,362","7,823,044","3,044,963","624,475","3,965,707","40,594,744"
"115","","化学工業","26","","全規模","20090","","2009年度","","880,652","8,546,969","2,692,406","618,785","4,522,233","36,767,123"
"115","","化学工業","26","","全規模","20100","","2010年度","","968,870","8,530,668","2,671,393","692,764","4,537,285","38,195,014"
"115","","化学工業","26","","全規模","20110","","2011年度","","796,403","9,044,081","3,046,266","643,041","4,756,068","38,748,327"
"115","","化学工業","26","","全規模","20120","","2012年度","","861,720","9,019,908","3,251,303","636,798","5,203,084","38,225,234"
"115","","化学工業","26","","全規模","20130","","2013年度","","872,831","9,116,662","3,261,894","594,174","4,981,492","40,839,215"
"115","","化学工業","26","","全規模","20140","","2014年度","","802,007","9,222,882","3,406,651","730,594","4,666,402","41,520,143"
"115","","化学工業","26","","全規模","20150","","2015年度","","1,234,430","9,229,785","3,534,495","1,301,665","4,659,906","42,449,962"
"115","","化学工業","26","","全規模","20160","","2016年度","","932,569","8,876,291","3,385,594","1,118,499","4,764,876","40,213,337"
"115","","化学工業","26","","全規模","20170","","2017年度","","928,106","9,392,582","3,387,666","805,556","4,965,713","40,785,110"
"115","","化学工業","26","","全規模","20180","","2018年度","","979,597","10,064,068","3,862,670","793,816","5,112,982","42,805,862"
"115","","化学工業","26","","全規模","20190","","2019年度","","966,524","9,337,066","4,099,721","819,512","4,676,151","41,686,757"
"115","","化学工業","26","","全規模","20200","","2020年度","","718,686","9,461,910","4,303,302","800,772","4,667,834","39,561,803"
"115","","化学工業","26","","全規模","20210","","2021年度","","756,683","10,246,240","4,383,610","744,785","5,117,212","44,029,878"
"115","","化学工業","26","","全規模","20220","","2022年度","","726,065","10,676,351","5,132,471","634,576","5,482,435","46,268,386"
"115","","化学工業","26","","全規模","20230","","2023年度","","768,378","11,145,646","4,917,904","649,097","5,506,345","46,820,017"
"115","","化学工業","26","","全規模","20240","","2024年度","","871,550","11,146,192","5,142,243","712,838","5,613,677","49,607,812"
"116","","石油製品・石炭製品製造業","26","","全規模","20000","","2000年度","","59,302","2,322,314","376,028","39,367","1,462,113","13,509,202"
"116","","石油製品・石炭製品製造業","26","","全規模","20010","","2001年度","","54,294","2,068,786","359,193","40,455","1,259,423","13,762,972"
"116","","石油製品・石炭製品製造業","26","","全規模","20020","","2002年度","","42,053","2,235,974","357,344","30,267","1,388,329","14,358,639"
"116","","石油製品・石炭製品製造業","26","","全規模","20030","","2003年度","","36,712","2,182,042","351,132","34,010","1,335,773","14,627,345"
"116","","石油製品・石炭製品製造業","26","","全規模","20040","","2004年度","","24,916","2,345,330","439,783","18,550","1,535,676","16,192,174"
"116","","石油製品・石炭製品製造業","26","","全規模","20050","","2005年度","","28,253","2,842,374","567,640","28,184","1,771,799","20,081,052"
"116","","石油製品・石炭製品製造業","26","","全規模","20060","","2006年度","","29,108","2,393,060","490,293","21,278","1,774,790","19,332,786"
"116","","石油製品・石炭製品製造業","26","","全規模","20070","","2007年度","","29,921","2,588,739","587,598","19,230","2,157,481","21,413,665"
"116","","石油製品・石炭製品製造業","26","","全規模","20080","","2008年度","","25,331","1,610,096","516,165","23,821","1,199,342","20,763,892"
"116","","石油製品・石炭製品製造業","26","","全規模","20090","","2009年度","","31,000","2,214,516","547,183","18,100","1,644,659","16,517,386"
"116","","石油製品・石炭製品製造業","26","","全規模","20100","","2010年度","","24,039","1,964,803","520,290","16,092","1,828,158","16,230,576"
"116","","石油製品・石炭製品製造業","26","","全規模","20110","","2011年度","","32,672","2,602,693","557,933","28,226","2,376,945","20,134,649"
"116","","石油製品・石炭製品製造業","26","","全規模","20120","","2012年度","","37,787","2,398,887","588,734","37,134","1,980,346","18,967,223"
"116","","石油製品・石炭製品製造業","26","","全規模","20130","","2013年度","","25,982","2,227,776","536,863","49,784","1,906,568","18,995,112"
"116","","石油製品・石炭製品製造業","26","","全規模","20140","","2014年度","","26,907","1,835,344","405,047","31,780","1,549,381","19,072,589"
"116","","石油製品・石炭製品製造業","26","","全規模","20150","","2015年度","","22,580","1,218,695","350,244","27,108","1,044,662","13,732,940"
"116","","石油製品・石炭製品製造業","26","","全規模","20160","","2016年度","","75,245","1,315,668","383,109","39,507","1,154,381","11,041,388"
"116","","石油製品・石炭製品製造業","26","","全規模","20170","","2017年度","","30,198","1,318,915","434,108","13,520","1,204,414","10,495,712"
"116","","石油製品・石炭製品製造業","26","","全規模","20180","","2018年度","","34,163","1,260,163","419,712","17,309","1,194,512","11,314,993"
"116","","石油製品・石炭製品製造業","26","","全規模","20190","","2019年度","","27,446","1,093,074","422,567","13,358","878,496","10,858,763"
"116","","石油製品・石炭製品製造業","26","","全規模","20200","","2020年度","","27,724","1,155,032","394,290","14,373","1,007,670","8,533,405"
"116","","石油製品・石炭製品製造業","26","","全規模","20210","","2021年度","","29,030","1,576,472","548,601","20,643","1,526,925","11,195,670"
"116","","石油製品・石炭製品製造業","26","","全規模","20220","","2022年度","","28,765","1,605,286","689,464","19,551","1,389,648","14,958,808"
"116","","石油製品・石炭製品製造業","26","","全規模","20230","","2023年度","","24,744","1,685,517","664,244","11,668","1,423,967","13,496,881"
"116","","石油製品・石炭製品製造業","26","","全規模","20240","","2024年度","","18,323","1,399,798","656,546","6,885","1,362,447","13,013,010"
"117","","窯業・土石製品製造業","26","","全規模","20000","","2000年度","","995,631","2,064,802","693,013","929,923","1,122,370","12,396,988"
"117","","窯業・土石製品製造業","26","","全規模","20010","","2001年度","","751,945","1,828,504","810,371","950,703","941,583","11,178,656"
"117","","窯業・土石製品製造業","26","","全規模","20020","","2002年度","","745,145","1,653,938","656,192","755,831","895,835","10,906,883"
"117","","窯業・土石製品製造業","26","","全規模","20030","","2003年度","","569,528","1,809,829","713,144","733,077","1,013,032","10,593,615"
"117","","窯業・土石製品製造業","26","","全規模","20040","","2004年度","","658,658","1,891,578","607,259","652,110","1,118,416","10,721,852"
"117","","窯業・土石製品製造業","26","","全規模","20050","","2005年度","","622,273","2,090,296","708,104","718,208","1,189,167","11,313,648"
"117","","窯業・土石製品製造業","26","","全規模","20060","","2006年度","","661,670","2,028,147","858,919","623,940","1,253,528","11,541,245"
"117","","窯業・土石製品製造業","26","","全規模","20070","","2007年度","","508,006","2,094,117","770,808","528,191","1,234,128","12,418,232"
"117","","窯業・土石製品製造業","26","","全規模","20080","","2008年度","","535,946","1,637,742","672,725","541,619","986,055","10,841,962"
"117","","窯業・土石製品製造業","26","","全規模","20090","","2009年度","","482,166","1,582,068","523,421","376,102","886,360","8,694,774"
"117","","窯業・土石製品製造業","26","","全規模","20100","","2010年度","","508,222","1,735,162","694,888","675,367","1,013,320","9,091,160"
"117","","窯業・土石製品製造業","26","","全規模","20110","","2011年度","","574,317","1,810,728","683,674","739,549","969,970","9,649,827"
"117","","窯業・土石製品製造業","26","","全規模","20120","","2012年度","","487,625","1,587,031","558,774","562,204","812,459","8,880,271"
"117","","窯業・土石製品製造業","26","","全規模","20130","","2013年度","","410,400","1,704,255","561,245","337,724","964,154","9,408,346"
"117","","窯業・土石製品製造業","26","","全規模","20140","","2014年度","","365,006","1,672,819","527,258","317,277","945,687","9,174,066"
"117","","窯業・土石製品製造業","26","","全規模","20150","","2015年度","","395,826","1,553,665","586,801","403,366","936,535","9,090,976"
"117","","窯業・土石製品製造業","26","","全規模","20160","","2016年度","","433,401","1,620,148","632,106","454,388","926,566","9,407,852"
"117","","窯業・土石製品製造業","26","","全規模","20170","","2017年度","","427,253","1,789,596","550,787","437,749","932,391","9,330,369"
"117","","窯業・土石製品製造業","26","","全規模","20180","","2018年度","","453,000","1,678,128","546,262","371,613","946,952","9,278,082"
"117","","窯業・土石製品製造業","26","","全規模","20190","","2019年度","","414,912","1,780,128","565,361","345,165","905,847","9,414,329"
"117","","窯業・土石製品製造業","26","","全規模","20200","","2020年度","","349,543","1,635,678","545,545","295,413","912,656","8,961,603"
"117","","窯業・土石製品製造業","26","","全規模","20210","","2021年度","","376,338","1,768,467","593,246","335,908","1,000,491","8,991,397"
"117","","窯業・土石製品製造業","26","","全規模","20220","","2022年度","","374,080","1,647,569","717,795","349,205","1,009,822","8,923,212"
"117","","窯業・土石製品製造業","26","","全規模","20230","","2023年度","","421,782","1,701,566","714,689","352,556","1,040,698","9,421,022"
"117","","窯業・土石製品製造業","26","","全規模","20240","","2024年度","","427,914","1,773,536","766,398","368,733","1,035,178","10,467,408"
"118","","鉄鋼業","26","","全規模","20000","","2000年度","","592,305","1,997,523","635,483","489,105","1,591,698","12,461,369"
"118","","鉄鋼業","26","","全規模","20010","","2001年度","","474,387","1,757,821","613,097","526,133","1,425,233","12,224,470"
"118","","鉄鋼業","26","","全規模","20020","","2002年度","","548,498","1,774,114","521,867","436,361","1,534,140","12,512,367"
"118","","鉄鋼業","26","","全規模","20030","","2003年度","","469,137","1,883,882","489,538","422,632","1,698,117","12,935,029"
"118","","鉄鋼業","26","","全規模","20040","","2004年度","","551,729","2,168,612","689,682","495,078","1,958,396","15,604,903"
"118","","鉄鋼業","26","","全規模","20050","","2005年度","","538,534","2,479,360","742,958","502,111","2,182,030","18,409,451"
"118","","鉄鋼業","26","","全規模","20060","","2006年度","","684,817","2,730,124","851,902","658,185","2,614,944","19,863,970"
"118","","鉄鋼業","26","","全規模","20070","","2007年度","","596,953","2,938,705","935,651","524,581","2,853,035","21,909,722"
"118","","鉄鋼業","26","","全規模","20080","","2008年度","","477,591","2,168,144","1,111,905","493,885","2,123,521","22,524,785"
"118","","鉄鋼業","26","","全規模","20090","","2009年度","","450,392","2,168,182","993,238","356,415","2,127,941","15,722,018"
"118","","鉄鋼業","26","","全規模","20100","","2010年度","","518,010","2,390,241","1,166,749","435,724","2,364,452","18,209,246"
"118","","鉄鋼業","26","","全規模","20110","","2011年度","","529,018","2,377,204","1,185,020","386,663","2,192,370","18,059,817"
"118","","鉄鋼業","26","","全規模","20120","","2012年度","","421,161","2,192,546","1,131,082","351,728","1,834,742","16,274,671"
"118","","鉄鋼業","26","","全規模","20130","","2013年度","","356,736","2,235,699","927,039","286,067","2,034,713","17,052,406"
"118","","鉄鋼業","26","","全規模","20140","","2014年度","","359,032","2,259,454","970,886","294,803","2,102,647","17,728,858"
"118","","鉄鋼業","26","","全規模","20150","","2015年度","","454,119","2,085,766","896,816","306,032","1,894,805","16,518,650"
"118","","鉄鋼業","26","","全規模","20160","","2016年度","","391,166","2,122,807","850,694","319,048","1,975,419","15,072,892"
"118","","鉄鋼業","26","","全規模","20170","","2017年度","","465,102","2,262,948","961,806","372,170","2,213,060","16,675,411"
"118","","鉄鋼業","26","","全規模","20180","","2018年度","","466,510","2,349,614","1,022,465","404,874","2,001,229","17,200,135"
"118","","鉄鋼業","26","","全規模","20190","","2019年度","","332,116","1,953,317","962,391","293,521","1,583,421","15,533,489"
"118","","鉄鋼業","26","","全規模","20200","","2020年度","","356,509","2,039,638","832,829","237,628","1,701,549","13,628,184"
"118","","鉄鋼業","26","","全規模","20210","","2021年度","","493,965","2,703,276","1,250,559","304,615","2,491,230","18,734,752"
"118","","鉄鋼業","26","","全規模","20220","","2022年度","","492,741","2,733,034","1,423,488","347,044","2,417,771","20,986,352"
"118","","鉄鋼業","26","","全規模","20230","","2023年度","","497,964","2,687,410","1,496,421","429,218","2,199,942","20,699,840"
"118","","鉄鋼業","26","","全規模","20240","","2024年度","","425,058","2,406,973","1,326,562","292,425","1,967,637","19,896,292"
"119","","非鉄金属製造業","26","","全規模","20000","","2000年度","","469,723","1,650,547","303,386","408,345","927,860","8,580,143"
"119","","非鉄金属製造業","26","","全規模","20010","","2001年度","","361,553","1,352,807","310,192","319,124","750,041","7,748,989"
"119","","非鉄金属製造業","26","","全規模","20020","","2002年度","","317,761","1,346,768","272,637","367,906","796,595","7,768,714"
"119","","非鉄金属製造業","26","","全規模","20030","","2003年度","","310,047","1,656,040","351,596","273,736","961,567","9,099,966"
"119","","非鉄金属製造業","26","","全規模","20040","","2004年度","","325,646","1,696,042","361,107","298,821","1,059,893","9,654,691"
"119","","非鉄金属製造業","26","","全規模","20050","","2005年度","","367,341","2,174,432","434,345","258,724","1,398,854","11,819,445"
"119","","非鉄金属製造業","26","","全規模","20060","","2006年度","","420,058","2,444,158","483,012","313,940","1,753,106","15,027,489"
"119","","非鉄金属製造業","26","","全規模","20070","","2007年度","","442,226","2,373,499","451,810","328,991","1,663,386","14,523,749"
"119","","非鉄金属製造業","26","","全規模","20080","","2008年度","","253,754","1,519,828","403,903","227,328","997,457","14,075,418"
"119","","非鉄金属製造業","26","","全規模","20090","","2009年度","","227,305","1,757,561","434,866","150,582","1,269,173","10,055,743"
"119","","非鉄金属製造業","26","","全規模","20100","","2010年度","","254,811","1,897,287","450,474","194,410","1,266,456","11,711,741"
"119","","非鉄金属製造業","26","","全規模","20110","","2011年度","","220,415","1,892,071","440,516","189,266","1,289,890","11,796,664"
"119","","非鉄金属製造業","26","","全規模","20120","","2012年度","","217,474","1,821,855","477,364","191,432","1,174,816","10,980,292"
"119","","非鉄金属製造業","26","","全規模","20130","","2013年度","","212,326","1,864,865","456,499","157,332","1,178,371","10,909,498"
"119","","非鉄金属製造業","26","","全規模","20140","","2014年度","","225,125","2,085,524","521,351","173,301","1,292,765","12,156,593"
"119","","非鉄金属製造業","26","","全規模","20150","","2015年度","","218,717","1,938,817","442,901","199,909","1,162,962","11,800,674"
"119","","非鉄金属製造業","26","","全規模","20160","","2016年度","","210,011","1,814,773","440,409","246,775","1,032,443","10,399,415"
"119","","非鉄金属製造業","26","","全規模","20170","","2017年度","","278,026","2,144,280","521,930","183,784","1,387,421","12,306,359"
"119","","非鉄金属製造業","26","","全規模","20180","","2018年度","","267,299","1,973,806","473,232","208,387","1,312,742","12,032,362"
"119","","非鉄金属製造業","26","","全規模","20190","","2019年度","","198,238","1,814,644","511,266","196,245","1,088,859","11,940,482"
"119","","非鉄金属製造業","26","","全規模","20200","","2020年度","","207,209","2,169,784","621,873","178,740","1,356,117","11,917,208"
"119","","非鉄金属製造業","26","","全規模","20210","","2021年度","","288,272","2,581,680","856,137","180,097","1,609,364","14,895,568"
"119","","非鉄金属製造業","26","","全規模","20220","","2022年度","","260,662","2,554,405","865,658","121,846","1,676,619","15,703,922"
"119","","非鉄金属製造業","26","","全規模","20230","","2023年度","","293,454","2,630,025","837,143","142,724","1,788,305","15,940,871"
"119","","非鉄金属製造業","26","","全規模","20240","","2024年度","","340,702","2,591,855","918,500","168,756","1,754,009","17,001,537"
"120","","金属製品製造業","26","","全規模","20000","","2000年度","","2,467,452","3,136,365","841,955","2,075,390","1,677,755","22,897,685"
"120","","金属製品製造業","26","","全規模","20010","","2001年度","","1,977,493","2,820,650","642,695","1,785,970","1,542,231","19,748,998"
"120","","金属製品製造業","26","","全規模","20020","","2002年度","","1,386,852","2,611,842","567,523","1,419,681","1,221,784","16,986,649"
"120","","金属製品製造業","26","","全規模","20030","","2003年度","","1,381,812","2,547,913","567,485","1,385,435","1,297,544","16,065,974"
"120","","金属製品製造業","26","","全規模","20040","","2004年度","","1,333,223","2,850,058","601,712","1,344,910","1,520,806","19,849,067"
"120","","金属製品製造業","26","","全規模","20050","","2005年度","","1,556,778","2,955,672","675,594","1,350,681","1,828,434","20,056,546"
"120","","金属製品製造業","26","","全規模","20060","","2006年度","","1,432,124","3,088,693","657,062","1,412,867","1,728,437","19,239,407"
"120","","金属製品製造業","26","","全規模","20070","","2007年度","","1,563,111","3,566,979","842,079","1,611,513","2,237,747","23,349,879"
"120","","金属製品製造業","26","","全規模","20080","","2008年度","","1,471,994","2,884,313","641,984","1,443,375","1,489,380","22,170,745"
"120","","金属製品製造業","26","","全規模","20090","","2009年度","","1,186,510","2,927,671","705,057","1,051,187","1,583,236","19,012,692"
"120","","金属製品製造業","26","","全規模","20100","","2010年度","","1,212,847","3,073,883","552,935","1,014,460","1,775,474","18,347,604"
"120","","金属製品製造業","26","","全規模","20110","","2011年度","","1,197,736","3,342,270","614,304","1,131,125","1,906,918","19,760,776"
"120","","金属製品製造業","26","","全規模","20120","","2012年度","","1,069,967","2,705,129","725,861","730,975","1,609,376","17,527,659"
"120","","金属製品製造業","26","","全規模","20130","","2013年度","","1,119,405","3,044,866","655,540","833,575","1,610,365","18,505,880"
"120","","金属製品製造業","26","","全規模","20140","","2014年度","","1,086,477","3,186,664","571,640","905,967","1,748,813","18,100,303"
"120","","金属製品製造業","26","","全規模","20150","","2015年度","","1,110,908","3,208,073","536,561","888,946","1,723,434","19,075,608"
"120","","金属製品製造業","26","","全規模","20160","","2016年度","","1,183,041","2,778,395","727,214","934,183","1,608,926","18,855,268"
"120","","金属製品製造業","26","","全規模","20170","","2017年度","","1,260,418","2,963,764","762,006","1,048,995","1,728,478","19,741,709"
"120","","金属製品製造業","26","","全規模","20180","","2018年度","","1,256,194","3,342,935","739,566","1,051,805","1,915,813","20,877,149"
"120","","金属製品製造業","26","","全規模","20190","","2019年度","","1,085,662","3,017,347","693,746","1,024,194","1,563,722","20,311,357"
"120","","金属製品製造業","26","","全規模","20200","","2020年度","","1,047,723","2,558,994","670,187","828,858","1,289,390","16,951,175"
"120","","金属製品製造業","26","","全規模","20210","","2021年度","","1,136,324","2,831,827","774,817","812,273","1,641,039","18,436,000"
"120","","金属製品製造業","26","","全規模","20220","","2022年度","","1,033,368","2,982,544","927,994","744,822","1,805,745","19,465,744"
"120","","金属製品製造業","26","","全規模","20230","","2023年度","","1,084,320","2,876,956","967,179","882,598","1,910,971","18,834,601"
"120","","金属製品製造業","26","","全規模","20240","","2024年度","","939,481","3,000,139","969,171","882,170","2,000,185","20,478,607"
"154","","はん用機械器具製造業","26","","全規模","20090","","2009年度","","268,295","1,384,202","177,552","403,062","610,098","5,808,217"
"154","","はん用機械器具製造業","26","","全規模","20100","","2010年度","","288,287","1,210,582","147,199","382,062","639,909","5,076,470"
"154","","はん用機械器具製造業","26","","全規模","20110","","2011年度","","309,835","1,407,968","158,554","441,804","694,857","5,695,732"
"154","","はん用機械器具製造業","26","","全規模","20120","","2012年度","","252,112","1,304,069","176,472","317,211","633,544","5,638,015"
"154","","はん用機械器具製造業","26","","全規模","20130","","2013年度","","327,480","1,406,275","183,574","367,996","705,512","5,781,849"
"154","","はん用機械器具製造業","26","","全規模","20140","","2014年度","","361,065","1,393,552","200,049","452,734","671,081","6,088,536"
"154","","はん用機械器具製造業","26","","全規模","20150","","2015年度","","388,549","1,528,025","206,955","436,545","714,470","6,713,029"
"154","","はん用機械器具製造業","26","","全規模","20160","","2016年度","","490,298","1,557,837","199,441","478,416","729,485","6,663,830"
"154","","はん用機械器具製造業","26","","全規模","20170","","2017年度","","502,473","1,809,120","213,063","561,204","816,399","7,342,727"
"154","","はん用機械器具製造業","26","","全規模","20180","","2018年度","","488,440","1,852,355","272,768","563,768","815,513","7,463,647"
"154","","はん用機械器具製造業","26","","全規模","20190","","2019年度","","454,465","1,667,418","262,199","412,795","725,076","7,028,130"
"154","","はん用機械器具製造業","26","","全規模","20200","","2020年度","","393,148","1,742,144","233,735","380,420","724,904","6,683,540"
"154","","はん用機械器具製造業","26","","全規模","20210","","2021年度","","414,779","1,835,215","238,713","455,162","785,561","6,977,419"
"154","","はん用機械器具製造業","26","","全規模","20220","","2022年度","","487,876","1,874,692","299,676","495,041","742,113","7,674,216"
"154","","はん用機械器具製造業","26","","全規模","20230","","2023年度","","507,562","2,087,776","355,903","494,807","808,380","8,219,883"
"154","","はん用機械器具製造業","26","","全規模","20240","","2024年度","","393,478","1,866,918","366,966","345,185","681,335","7,639,503"
"121","","生産用機械器具製造業","26","","全規模","20000","","2000年度","","2,203,061","6,239,728","1,197,805","2,745,735","3,038,555","28,123,989"
"121","","生産用機械器具製造業","26","","全規模","20010","","2001年度","","1,928,824","5,601,477","1,119,531","2,433,974","2,674,572","26,231,960"
"121","","生産用機械器具製造業","26","","全規模","20020","","2002年度","","1,755,256","5,909,128","1,211,228","1,700,876","3,274,837","27,082,611"
"121","","生産用機械器具製造業","26","","全規模","20030","","2003年度","","1,761,633","7,222,110","926,130","2,253,668","4,265,890","30,313,549"
"121","","生産用機械器具製造業","26","","全規模","20040","","2004年度","","1,707,901","8,026,278","1,302,235","1,966,585","4,338,709","32,241,037"
"121","","生産用機械器具製造業","26","","全規模","20050","","2005年度","","1,707,796","10,112,119","1,294,739","2,200,270","4,733,011","35,455,584"
"121","","生産用機械器具製造業","26","","全規模","20060","","2006年度","","1,873,129","8,705,112","1,489,258","2,020,953","5,046,437","37,038,298"
"121","","生産用機械器具製造業","26","","全規模","20070","","2007年度","","1,921,587","8,897,778","1,348,120","2,500,905","4,969,362","39,999,088"
"121","","生産用機械器具製造業","26","","全規模","20080","","2008年度","","1,494,721","7,080,419","1,532,501","1,752,990","4,091,004","37,573,546"
"121","","生産用機械器具製造業","26","","全規模","20090","","2009年度","","781,747","4,584,363","1,079,477","738,453","2,753,193","18,859,101"
"121","","生産用機械器具製造業","26","","全規模","20100","","2010年度","","702,688","4,669,252","910,172","891,914","3,039,132","20,629,595"
"121","","生産用機械器具製造業","26","","全規模","20110","","2011年度","","967,493","5,400,112","915,456","917,932","3,449,316","21,407,395"
"121","","生産用機械器具製造業","26","","全規模","20120","","2012年度","","1,450,712","4,985,199","1,311,044","1,084,626","3,149,773","21,180,306"
"121","","生産用機械器具製造業","26","","全規模","20130","","2013年度","","819,060","5,174,272","1,073,361","808,524","2,907,024","22,179,011"
"121","","生産用機械器具製造業","26","","全規模","20140","","2014年度","","940,733","5,279,705","976,566","1,339,638","2,733,229","23,298,047"
"121","","生産用機械器具製造業","26","","全規模","20150","","2015年度","","998,656","5,057,175","1,106,697","1,375,399","2,627,943","22,575,652"
"121","","生産用機械器具製造業","26","","全規模","20160","","2016年度","","1,049,037","4,758,936","1,091,076","1,209,253","2,529,947","22,432,960"
"121","","生産用機械器具製造業","26","","全規模","20170","","2017年度","","1,163,900","5,197,059","1,178,710","1,583,914","2,750,102","24,250,984"
"121","","生産用機械器具製造業","26","","全規模","20180","","2018年度","","1,129,024","5,542,712","1,249,176","1,608,412","2,897,110","26,883,481"
"121","","生産用機械器具製造業","26","","全規模","20190","","2019年度","","992,681","4,661,589","1,285,294","1,250,557","2,368,078","23,453,940"
"121","","生産用機械器具製造業","26","","全規模","20200","","2020年度","","890,780","4,543,291","1,167,882","955,381","2,342,366","21,367,266"
"121","","生産用機械器具製造業","26","","全規模","20210","","2021年度","","878,288","5,818,328","1,221,330","1,253,113","2,996,885","25,527,777"
"121","","生産用機械器具製造業","26","","全規模","20220","","2022年度","","776,129","6,331,346","1,608,245","1,351,821","3,356,829","29,802,331"
"121","","生産用機械器具製造業","26","","全規模","20230","","2023年度","","989,881","6,086,449","1,659,774","1,200,865","2,916,346","27,604,669"
"121","","生産用機械器具製造業","26","","全規模","20240","","2024年度","","872,409","6,279,787","1,719,670","1,094,620","2,740,863","28,673,449"
"124","","業務用機械器具製造業","26","","全規模","20000","","2000年度","","918,942","1,692,143","601,315","662,924","1,115,233","9,814,305"
"124","","業務用機械器具製造業","26","","全規模","20010","","2001年度","","704,059","1,523,586","535,358","489,715","879,385","9,521,121"
"124","","業務用機械器具製造業","26","","全規模","20020","","2002年度","","632,658","1,925,394","528,182","461,213","1,033,975","9,548,347"
"124","","業務用機械器具製造業","26","","全規模","20030","","2003年度","","591,402","2,045,779","506,897","442,231","1,238,664","9,950,969"
"124","","業務用機械器具製造業","26","","全規模","20040","","2004年度","","617,912","2,333,560","519,273","524,409","1,436,098","11,884,986"
"124","","業務用機械器具製造業","26","","全規模","20050","","2005年度","","598,100","2,356,246","525,292","413,537","1,455,520","11,246,448"
"124","","業務用機械器具製造業","26","","全規模","20060","","2006年度","","704,250","2,758,862","592,987","629,377","1,685,008","13,562,593"
"124","","業務用機械器具製造業","26","","全規模","20070","","2007年度","","553,673","3,278,521","601,219","380,043","2,382,146","12,752,398"
"124","","業務用機械器具製造業","26","","全規模","20080","","2008年度","","512,085","2,052,034","626,599","322,176","1,263,692","12,128,270"
"124","","業務用機械器具製造業","26","","全規模","20090","","2009年度","","475,677","2,697,854","594,269","277,792","1,799,991","13,447,298"
"124","","業務用機械器具製造業","26","","全規模","20100","","2010年度","","509,312","2,780,813","610,065","432,982","1,844,772","14,564,448"
"124","","業務用機械器具製造業","26","","全規模","20110","","2011年度","","483,806","2,614,118","626,455","396,355","1,647,737","13,354,874"
"124","","業務用機械器具製造業","26","","全規模","20120","","2012年度","","313,648","2,644,895","625,137","301,317","1,455,865","13,001,075"
"124","","業務用機械器具製造業","26","","全規模","20130","","2013年度","","370,534","3,029,337","657,887","295,189","1,659,467","14,137,603"
"124","","業務用機械器具製造業","26","","全規模","20140","","2014年度","","453,438","3,483,352","709,978","363,937","1,929,158","14,307,880"
"124","","業務用機械器具製造業","26","","全規模","20150","","2015年度","","436,247","3,021,859","753,780","465,940","1,757,396","15,540,943"
"124","","業務用機械器具製造業","26","","全規模","20160","","2016年度","","351,575","2,803,736","726,451","465,285","1,726,625","14,371,435"
"124","","業務用機械器具製造業","26","","全規模","20170","","2017年度","","405,154","2,738,487","682,915","492,848","1,597,742","13,549,628"
"124","","業務用機械器具製造業","26","","全規模","20180","","2018年度","","435,020","2,723,396","692,463","467,685","1,599,874","13,425,572"
"124","","業務用機械器具製造業","26","","全規模","20190","","2019年度","","411,964","2,545,920","725,111","409,512","1,555,166","13,474,180"
"124","","業務用機械器具製造業","26","","全規模","20200","","2020年度","","376,920","2,769,345","876,615","367,379","1,637,052","13,125,903"
"124","","業務用機械器具製造業","26","","全規模","20210","","2021年度","","300,634","2,630,662","853,768","434,129","1,622,031","13,210,744"
"124","","業務用機械器具製造業","26","","全規模","20220","","2022年度","","315,153","2,802,198","998,556","506,126","1,608,900","14,342,262"
"124","","業務用機械器具製造業","26","","全規模","20230","","2023年度","","310,267","3,040,424","1,096,671","387,176","1,736,488","14,452,793"
"124","","業務用機械器具製造業","26","","全規模","20240","","2024年度","","280,280","3,133,750","936,720","310,477","1,791,208","14,655,613"
"122","","電気機械器具製造業","26","","全規模","20000","","2000年度","","2,107,159","16,579,340","2,859,593","3,213,591","12,784,705","89,434,184"
"122","","電気機械器具製造業","26","","全規模","20010","","2001年度","","1,574,353","13,204,030","2,309,001","2,080,681","9,822,967","73,854,170"
"122","","電気機械器具製造業","26","","全規模","20020","","2002年度","","1,263,611","12,351,671","1,920,112","1,620,816","9,957,886","68,473,009"
"122","","電気機械器具製造業","26","","全規模","20030","","2003年度","","1,324,266","12,601,339","1,877,968","1,706,209","9,913,462","69,968,991"
"122","","電気機械器具製造業","26","","全規模","20040","","2004年度","","868,735","8,213,732","1,231,042","1,097,907","6,581,652","46,826,322"
"122","","電気機械器具製造業","26","","全規模","20050","","2005年度","","674,605","8,383,898","1,112,663","851,711","6,612,958","44,777,271"
"122","","電気機械器具製造業","26","","全規模","20060","","2006年度","","745,882","9,080,317","1,195,353","924,823","7,086,718","47,775,798"
"122","","電気機械器具製造業","26","","全規模","20070","","2007年度","","722,018","8,945,720","1,246,704","754,565","6,975,281","49,370,883"
"122","","電気機械器具製造業","26","","全規模","20080","","2008年度","","464,487","6,274,213","1,069,412","620,565","4,668,310","40,800,176"
"122","","電気機械器具製造業","26","","全規模","20090","","2009年度","","557,728","6,401,570","932,327","585,291","4,828,054","33,492,493"
"122","","電気機械器具製造業","26","","全規模","20100","","2010年度","","578,076","6,262,392","962,299","634,776","4,711,164","34,776,691"
"122","","電気機械器具製造業","26","","全規模","20110","","2011年度","","486,743","6,244,049","944,418","562,052","4,103,048","29,664,480"
"122","","電気機械器具製造業","26","","全規模","20120","","2012年度","","380,431","5,847,684","835,587","440,083","3,683,437","28,077,197"
"122","","電気機械器具製造業","26","","全規模","20130","","2013年度","","353,885","5,544,395","839,134","479,988","3,610,258","26,816,577"
"122","","電気機械器具製造業","26","","全規模","20140","","2014年度","","428,079","6,220,931","1,026,748","544,776","4,197,670","29,234,007"
"122","","電気機械器具製造業","26","","全規模","20150","","2015年度","","549,360","6,127,810","957,535","532,654","4,055,783","28,607,754"
"122","","電気機械器具製造業","26","","全規模","20160","","2016年度","","642,491","6,710,208","983,613","644,886","4,387,863","31,280,306"
"122","","電気機械器具製造業","26","","全規模","20170","","2017年度","","687,563","6,701,880","1,096,667","758,262","4,346,639","31,539,751"
"122","","電気機械器具製造業","26","","全規模","20180","","2018年度","","612,455","6,886,011","1,226,547","748,441","4,040,494","31,795,250"
"122","","電気機械器具製造業","26","","全規模","20190","","2019年度","","595,101","6,598,520","1,254,463","728,709","3,774,709","30,351,551"
"122","","電気機械器具製造業","26","","全規模","20200","","2020年度","","528,421","6,617,628","1,169,272","678,501","3,729,144","28,889,211"
"122","","電気機械器具製造業","26","","全規模","20210","","2021年度","","575,603","6,993,601","1,294,003","742,118","4,182,866","29,621,217"
"122","","電気機械器具製造業","26","","全規模","20220","","2022年度","","697,139","6,910,814","1,373,646","642,246","3,892,021","29,984,426"
"122","","電気機械器具製造業","26","","全規模","20230","","2023年度","","767,659","6,855,664","1,413,412","641,141","3,670,288","30,074,515"
"122","","電気機械器具製造業","26","","全規模","20240","","2024年度","","467,306","7,061,342","1,388,503","511,463","3,683,759","31,716,810"
"145","","情報通信機械器具製造業","26","","全規模","20040","","2004年度","","581,979","5,462,203","826,024","680,180","4,669,011","34,722,648"
"145","","情報通信機械器具製造業","26","","全規模","20050","","2005年度","","384,814","5,957,595","812,350","420,237","5,099,993","33,327,916"
"145","","情報通信機械器具製造業","26","","全規模","20060","","2006年度","","550,681","5,934,987","913,381","595,126","5,133,307","35,794,897"
"145","","情報通信機械器具製造業","26","","全規模","20070","","2007年度","","480,303","5,915,564","944,721","387,524","4,937,953","35,768,450"
"145","","情報通信機械器具製造業","26","","全規模","20080","","2008年度","","282,878","4,874,386","942,680","312,718","3,967,342","34,399,521"
"145","","情報通信機械器具製造業","26","","全規模","20090","","2009年度","","236,775","5,660,273","778,840","223,004","4,835,611","31,894,106"
"145","","情報通信機械器具製造業","26","","全規模","20100","","2010年度","","440,121","5,658,435","885,837","344,862","5,178,010","34,594,233"
"145","","情報通信機械器具製造業","26","","全規模","20110","","2011年度","","494,635","5,697,782","835,463","399,715","5,025,273","33,008,245"
"145","","情報通信機械器具製造業","26","","全規模","20120","","2012年度","","319,474","5,836,693","893,269","269,547","4,551,632","31,030,897"
"145","","情報通信機械器具製造業","26","","全規模","20130","","2013年度","","283,329","6,249,511","882,590","260,443","4,862,809","32,647,868"
"145","","情報通信機械器具製造業","26","","全規模","20140","","2014年度","","315,136","6,555,343","788,514","317,097","4,660,878","33,453,663"
"145","","情報通信機械器具製造業","26","","全規模","20150","","2015年度","","350,798","6,259,130","1,048,553","293,465","4,350,747","34,487,354"
"145","","情報通信機械器具製造業","26","","全規模","20160","","2016年度","","431,429","6,704,217","1,095,289","315,284","4,700,234","34,165,841"
"145","","情報通信機械器具製造業","26","","全規模","20170","","2017年度","","453,908","6,125,960","1,017,120","330,534","4,154,772","32,333,937"
"145","","情報通信機械器具製造業","26","","全規模","20180","","2018年度","","397,711","6,351,476","1,233,912","304,572","4,500,834","33,273,272"
"145","","情報通信機械器具製造業","26","","全規模","20190","","2019年度","","375,113","5,682,979","970,569","285,723","3,948,971","28,327,691"
"145","","情報通信機械器具製造業","26","","全規模","20200","","2020年度","","438,004","5,535,747","869,775","242,932","4,025,064","26,276,552"
"145","","情報通信機械器具製造業","26","","全規模","20210","","2021年度","","547,370","6,587,157","1,212,616","420,312","4,633,144","34,200,564"
"145","","情報通信機械器具製造業","26","","全規模","20220","","2022年度","","306,363","6,288,596","1,715,123","280,157","4,254,821","35,074,892"
"145","","情報通信機械器具製造業","26","","全規模","20230","","2023年度","","304,110","6,640,166","1,198,467","258,937","4,385,039","35,656,601"
"145","","情報通信機械器具製造業","26","","全規模","20240","","2024年度","","335,130","6,929,079","1,290,663","198,103","4,750,346","36,871,550"
"146","","輸送用機械器具製造業(集約)","26","","全規模","20040","","2004年度","","525,982","8,080,681","1,014,384","1,133,993","7,327,402","58,549,678"
"146","","輸送用機械器具製造業(集約)","26","","全規模","20050","","2005年度","","530,285","8,699,638","1,049,833","1,111,471","8,095,518","61,459,899"
"146","","輸送用機械器具製造業(集約)","26","","全規模","20060","","2006年度","","600,870","9,276,867","1,085,381","1,321,771","8,896,049","69,766,225"
"146","","輸送用機械器具製造業(集約)","26","","全規模","20070","","2007年度","","551,480","9,607,878","1,173,363","1,141,669","9,509,146","74,155,012"
"146","","輸送用機械器具製造業(集約)","26","","全規模","20080","","2008年度","","484,166","6,299,506","949,497","1,029,394","5,871,322","63,774,331"
"146","","輸送用機械器具製造業(集約)","26","","全規模","20090","","2009年度","","498,572","8,709,447","955,951","800,718","8,190,024","57,654,269"
"146","","輸送用機械器具製造業(集約)","26","","全規模","20100","","2010年度","","490,491","7,444,774","861,259","806,657","6,904,131","62,909,459"
"146","","輸送用機械器具製造業(集約)","26","","全規模","20110","","2011年度","","637,438","9,788,237","1,038,527","810,845","9,369,429","62,115,801"
"146","","輸送用機械器具製造業(集約)","26","","全規模","20120","","2012年度","","610,150","8,831,934","998,796","878,458","8,162,393","66,600,447"
"146","","輸送用機械器具製造業(集約)","26","","全規模","20130","","2013年度","","558,125","9,531,473","1,055,020","876,472","8,703,881","68,702,162"
"146","","輸送用機械器具製造業(集約)","26","","全規模","20140","","2014年度","","653,619","10,042,624","1,253,280","1,147,560","8,415,119","68,873,590"
"146","","輸送用機械器具製造業(集約)","26","","全規模","20150","","2015年度","","624,610","10,006,792","1,235,610","1,108,206","8,722,315","70,912,542"
"146","","輸送用機械器具製造業(集約)","26","","全規模","20160","","2016年度","","658,818","11,215,926","1,179,487","1,215,037","9,521,400","75,026,720"
"146","","輸送用機械器具製造業(集約)","26","","全規模","20170","","2017年度","","687,987","11,224,549","1,324,335","1,216,805","9,608,844","78,145,326"
"146","","輸送用機械器具製造業(集約)","26","","全規模","20180","","2018年度","","837,237","10,572,324","1,384,416","1,284,165","9,251,383","79,514,005"
"146","","輸送用機械器具製造業(集約)","26","","全規模","20190","","2019年度","","667,470","10,176,895","1,486,689","1,226,865","8,738,077","79,210,617"
"146","","輸送用機械器具製造業(集約)","26","","全規模","20200","","2020年度","","675,130","10,876,599","1,582,004","1,125,271","9,463,808","70,992,989"
"146","","輸送用機械器具製造業(集約)","26","","全規模","20210","","2021年度","","677,975","10,984,444","1,932,179","1,172,120","9,070,788","74,729,931"
"146","","輸送用機械器具製造業(集約)","26","","全規模","20220","","2022年度","","1,141,887","12,497,084","2,044,245","1,498,705","11,316,945","83,398,666"
"146","","輸送用機械器具製造業(集約)","26","","全規模","20230","","2023年度","","635,183","13,075,845","2,026,194","1,140,249","11,028,608","93,731,836"
"146","","輸送用機械器具製造業(集約)","26","","全規模","20240","","2024年度","","617,789","13,393,310","2,055,235","1,145,114","12,092,977","100,435,732"
"123","","自動車・同附属品製造業","26","","全規模","20000","","2000年度","","650,497","6,670,996","916,258","1,237,514","5,344,948","46,796,314"
"123","","自動車・同附属品製造業","26","","全規模","20010","","2001年度","","553,452","6,506,948","907,160","1,070,621","5,244,183","46,844,452"
"123","","自動車・同附属品製造業","26","","全規模","20020","","2002年度","","446,958","6,436,784","834,201","944,261","5,569,008","48,790,149"
"123","","自動車・同附属品製造業","26","","全規模","20030","","2003年度","","598,786","7,859,612","1,005,443","1,104,821","7,022,082","56,859,895"
"123","","自動車・同附属品製造業","26","","全規模","20040","","2004年度","","394,450","7,185,309","953,545","808,742","6,641,540","53,392,491"
"123","","自動車・同附属品製造業","26","","全規模","20050","","2005年度","","377,860","7,655,409","974,748","749,319","7,290,952","55,562,043"
"123","","自動車・同附属品製造業","26","","全規模","20060","","2006年度","","471,928","8,281,081","1,025,074","918,570","7,999,646","63,760,342"
"123","","自動車・同附属品製造業","26","","全規模","20070","","2007年度","","416,930","8,380,992","1,112,963","817,462","8,349,775","66,324,148"
"123","","自動車・同附属品製造業","26","","全規模","20080","","2008年度","","350,161","5,066,090","879,686","660,544","4,744,663","56,307,841"
"123","","自動車・同附属品製造業","26","","全規模","20090","","2009年度","","359,968","7,459,510","866,328","562,917","7,332,053","50,986,347"
"123","","自動車・同附属品製造業","26","","全規模","20100","","2010年度","","356,432","6,064,967","788,665","550,586","5,882,771","55,934,573"
"123","","自動車・同附属品製造業","26","","全規模","20110","","2011年度","","504,392","8,402,133","978,073","573,224","8,366,892","55,385,621"
"123","","自動車・同附属品製造業","26","","全規模","20120","","2012年度","","489,792","7,480,862","944,098","646,957","7,239,641","59,692,364"
"123","","自動車・同附属品製造業","26","","全規模","20130","","2013年度","","388,514","8,325,178","983,068","625,259","7,888,848","62,566,161"
"123","","自動車・同附属品製造業","26","","全規模","20140","","2014年度","","501,420","8,740,859","1,166,804","853,612","7,611,858","62,540,469"
"123","","自動車・同附属品製造業","26","","全規模","20150","","2015年度","","488,629","8,742,419","1,149,291","855,486","7,913,834","64,520,772"
"123","","自動車・同附属品製造業","26","","全規模","20160","","2016年度","","486,046","9,483,546","1,077,133","986,510","8,432,999","67,887,357"
"123","","自動車・同附属品製造業","26","","全規模","20170","","2017年度","","529,950","9,529,701","1,209,344","851,286","8,538,187","70,377,609"
"123","","自動車・同附属品製造業","26","","全規模","20180","","2018年度","","697,466","9,162,634","1,269,972","944,925","8,378,696","72,502,878"
"123","","自動車・同附属品製造業","26","","全規模","20190","","2019年度","","546,355","8,749,575","1,374,345","844,878","7,837,089","72,310,303"
"123","","自動車・同附属品製造業","26","","全規模","20200","","2020年度","","523,189","9,229,513","1,454,890","795,461","8,495,518","64,340,738"
"123","","自動車・同附属品製造業","26","","全規模","20210","","2021年度","","586,842","9,637,027","1,799,778","882,369","8,175,911","68,324,922"
"123","","自動車・同附属品製造業","26","","全規模","20220","","2022年度","","1,045,086","11,140,411","1,872,671","1,186,175","10,332,468","76,587,123"
"123","","自動車・同附属品製造業","26","","全規模","20230","","2023年度","","546,062","11,629,943","1,858,007","798,312","10,078,907","87,076,160"
"123","","自動車・同附属品製造業","26","","全規模","20240","","2024年度","","521,879","11,638,580","1,900,414","761,525","10,940,072","92,508,809"
"125","","その他の輸送用機械器具製造業","26","","全規模","20000","","2000年度","","124,107","1,969,221","124,069","475,220","1,213,262","6,627,407"
"125","","その他の輸送用機械器具製造業","26","","全規模","20010","","2001年度","","126,359","1,891,942","107,392","410,797","1,401,092","6,560,344"
"125","","その他の輸送用機械器具製造業","26","","全規模","20020","","2002年度","","98,838","1,769,770","77,515","307,746","1,311,511","6,329,450"
"125","","その他の輸送用機械器具製造業","26","","全規模","20030","","2003年度","","84,059","209,352","10,813","212,031","268,975","2,252,282"
"125","","その他の輸送用機械器具製造業","26","","全規模","20040","","2004年度","","131,532","895,372","60,839","325,251","685,862","5,157,187"
"125","","その他の輸送用機械器具製造業","26","","全規模","20050","","2005年度","","152,425","1,044,229","75,085","362,152","804,566","5,897,856"
"125","","その他の輸送用機械器具製造業","26","","全規模","20060","","2006年度","","128,942","995,786","60,307","403,201","896,403","6,005,883"
"125","","その他の輸送用機械器具製造業","26","","全規模","20070","","2007年度","","134,550","1,226,886","60,400","324,207","1,159,371","7,830,864"
"125","","その他の輸送用機械器具製造業","26","","全規模","20080","","2008年度","","134,005","1,233,416","69,811","368,850","1,126,659","7,466,490"
"125","","その他の輸送用機械器具製造業","26","","全規模","20090","","2009年度","","138,604","1,249,937","89,623","237,801","857,971","6,667,922"
"125","","その他の輸送用機械器具製造業","26","","全規模","20100","","2010年度","","134,059","1,379,807","72,594","256,071","1,021,360","6,974,886"
"125","","その他の輸送用機械器具製造業","26","","全規模","20110","","2011年度","","133,046","1,386,104","60,454","237,621","1,002,537","6,730,180"
"125","","その他の輸送用機械器具製造業","26","","全規模","20120","","2012年度","","120,358","1,351,072","54,698","231,501","922,752","6,908,083"
"125","","その他の輸送用機械器具製造業","26","","全規模","20130","","2013年度","","169,611","1,206,295","71,952","251,213","815,033","6,136,001"
"125","","その他の輸送用機械器具製造業","26","","全規模","20140","","2014年度","","152,199","1,301,765","86,476","293,948","803,261","6,333,121"
"125","","その他の輸送用機械器具製造業","26","","全規模","20150","","2015年度","","135,981","1,264,373","86,319","252,720","808,481","6,391,770"
"125","","その他の輸送用機械器具製造業","26","","全規模","20160","","2016年度","","172,772","1,732,380","102,354","228,527","1,088,401","7,139,363"
"125","","その他の輸送用機械器具製造業","26","","全規模","20170","","2017年度","","158,037","1,694,848","114,991","365,519","1,070,657","7,767,717"
"125","","その他の輸送用機械器具製造業","26","","全規模","20180","","2018年度","","139,771","1,409,690","114,444","339,240","872,687","7,011,127"
"125","","その他の輸送用機械器具製造業","26","","全規模","20190","","2019年度","","121,115","1,427,320","112,344","381,987","900,988","6,900,314"
"125","","その他の輸送用機械器具製造業","26","","全規模","20200","","2020年度","","151,941","1,647,086","127,114","329,810","968,290","6,652,251"
"125","","その他の輸送用機械器具製造業","26","","全規模","20210","","2021年度","","91,133","1,347,417","132,401","289,751","894,877","6,405,009"
"125","","その他の輸送用機械器具製造業","26","","全規模","20220","","2022年度","","96,801","1,356,673","171,574","312,530","984,477","6,811,543"
"125","","その他の輸送用機械器具製造業","26","","全規模","20230","","2023年度","","89,121","1,445,902","168,187","341,937","949,701","6,655,676"
"125","","その他の輸送用機械器具製造業","26","","全規模","20240","","2024年度","","95,910","1,754,730","154,821","383,589","1,152,905","7,926,923"
"126","","その他の製造業","26","","全規模","20000","","2000年度","","2,924,366","5,781,917","1,665,042","2,635,713","3,472,606","36,471,190"
"126","","その他の製造業","26","","全規模","20010","","2001年度","","2,026,432","4,932,996","1,494,776","1,947,596","2,724,908","30,947,848"
"126","","その他の製造業","26","","全規模","20020","","2002年度","","1,722,490","4,781,319","1,821,036","1,899,146","2,734,576","30,292,669"
"126","","その他の製造業","26","","全規模","20030","","2003年度","","1,539,725","5,665,783","1,774,269","1,629,904","2,912,676","32,031,055"
"126","","その他の製造業","26","","全規模","20040","","2004年度","","2,125,386","5,631,252","1,981,379","1,591,781","3,585,324","34,842,121"
"126","","その他の製造業","26","","全規模","20050","","2005年度","","1,873,475","5,673,530","1,608,595","1,654,313","3,694,101","34,752,553"
"126","","その他の製造業","26","","全規模","20060","","2006年度","","1,686,035","6,853,366","2,151,932","1,994,371","3,888,589","37,872,516"
"126","","その他の製造業","26","","全規模","20070","","2007年度","","1,814,725","7,650,807","1,837,375","1,761,331","4,655,350","42,580,904"
"126","","その他の製造業","26","","全規模","20080","","2008年度","","1,336,977","5,896,706","1,890,652","1,550,711","3,850,964","40,137,814"
"126","","その他の製造業","26","","全規模","20090","","2009年度","","1,743,893","5,481,461","1,759,980","1,612,549","3,168,896","33,677,463"
"126","","その他の製造業","26","","全規模","20100","","2010年度","","1,838,331","5,843,871","1,506,865","1,677,098","3,478,676","34,800,345"
"126","","その他の製造業","26","","全規模","20110","","2011年度","","1,374,841","6,114,628","1,818,937","1,115,891","3,876,962","34,483,154"
"126","","その他の製造業","26","","全規模","20120","","2012年度","","1,297,374","5,643,265","1,755,031","1,204,523","3,438,382","32,655,955"
"126","","その他の製造業","26","","全規模","20130","","2013年度","","1,231,536","6,128,423","1,606,264","1,141,896","3,910,214","33,561,511"
"126","","その他の製造業","26","","全規模","20140","","2014年度","","1,396,692","6,574,965","1,879,163","1,306,189","3,969,799","35,083,753"
"126","","その他の製造業","26","","全規模","20150","","2015年度","","1,551,816","5,602,714","1,673,911","1,115,240","3,044,305","32,618,954"
"126","","その他の製造業","26","","全規模","20160","","2016年度","","1,328,754","5,669,573","1,578,628","1,043,873","3,240,345","30,813,289"
"126","","その他の製造業","26","","全規模","20170","","2017年度","","1,652,315","6,514,525","1,825,859","1,430,151","3,605,959","35,220,838"
"126","","その他の製造業","26","","全規模","20180","","2018年度","","1,680,480","5,964,902","1,808,108","1,407,348","3,426,119","34,093,252"
"126","","その他の製造業","26","","全規模","20190","","2019年度","","1,415,576","5,848,661","1,859,698","1,155,009","3,533,852","34,497,652"
"126","","その他の製造業","26","","全規模","20200","","2020年度","","1,141,634","5,777,922","1,739,164","1,018,287","3,135,535","30,470,318"
"126","","その他の製造業","26","","全規模","20210","","2021年度","","1,331,869","6,129,838","1,845,277","1,051,397","3,375,700","33,354,613"
"126","","その他の製造業","26","","全規模","20220","","2022年度","","1,540,842","6,258,007","1,941,247","1,047,952","3,942,774","37,848,168"
"126","","その他の製造業","26","","全規模","20230","","2023年度","","1,516,454","6,433,244","2,388,952","911,360","3,750,704","39,643,101"
"126","","その他の製造業","26","","全規模","20240","","2024年度","","1,151,920","6,816,323","2,603,536","740,347","3,895,470","38,461,357"
"144","","非製造業","26","","全規模","20000","","2000年度","","28,112,413","119,509,982","42,403,478","41,449,166","91,934,657","1,014,046,097"
"144","","非製造業","26","","全規模","20010","","2001年度","","27,783,989","109,136,595","40,148,861","35,880,323","82,382,906","955,348,161"
"144","","非製造業","26","","全規模","20020","","2002年度","","22,439,242","106,523,603","41,515,988","33,067,738","81,524,969","949,270,748"
"144","","非製造業","26","","全規模","20030","","2003年度","","19,702,416","109,621,884","39,505,837","29,521,662","87,315,188","949,723,789"
"144","","非製造業","26","","全規模","20040","","2004年度","","20,465,659","117,096,757","39,378,006","29,734,281","90,133,047","1,010,667,343"
"144","","非製造業","26","","全規模","20050","","2005年度","","18,777,654","125,568,985","44,398,358","26,860,519","99,796,982","1,073,125,753"
"144","","非製造業","26","","全規模","20060","","2006年度","","21,307,988","132,570,547","44,603,092","28,867,726","102,824,627","1,116,097,046"
"144","","非製造業","26","","全規模","20070","","2007年度","","17,239,658","136,588,686","49,534,242","25,250,937","103,557,211","1,108,462,238"
"144","","非製造業","26","","全規模","20080","","2008年度","","18,761,709","118,637,015","43,633,882","21,628,930","84,002,900","1,063,154,615"
"144","","非製造業","26","","全規模","20090","","2009年度","","13,090,881","117,246,754","42,311,830","18,083,034","85,861,055","986,804,117"
"144","","非製造業","26","","全規模","20100","","2010年度","","13,991,253","117,012,963","41,284,351","17,896,193","86,489,880","982,428,962"
"144","","非製造業","26","","全規模","20110","","2011年度","","14,381,183","121,878,710","41,715,261","19,703,625","89,135,272","978,955,241"
"144","","非製造業","26","","全規模","20120","","2012年度","","13,897,133","124,153,144","41,422,710","17,925,348","91,851,820","988,001,938"
"144","","非製造業","26","","全規模","20130","","2013年度","","13,153,598","129,701,172","42,393,555","17,220,984","96,536,497","1,015,000,560"
"144","","非製造業","26","","全規模","20140","","2014年度","","16,338,030","134,832,536","45,718,532","20,153,819","101,081,707","1,042,760,076"
"144","","非製造業","26","","全規模","20150","","2015年度","","14,434,477","133,341,539","44,473,919","17,484,373","95,517,216","1,033,692,016"
"144","","非製造業","26","","全規模","20160","","2016年度","","13,099,867","135,190,268","43,684,063","16,276,895","96,325,980","1,060,194,857"
"144","","非製造業","26","","全規模","20170","","2017年度","","14,213,336","147,586,873","48,856,575","17,438,458","107,210,738","1,137,883,020"
"144","","非製造業","26","","全規模","20180","","2018年度","","14,912,740","143,455,742","51,823,071","17,872,291","102,038,505","1,120,941,649"
"144","","非製造業","26","","全規模","20190","","2019年度","","13,664,176","136,977,293","49,072,417","15,651,706","95,164,394","1,083,398,890"
"144","","非製造業","26","","全規模","20200","","2020年度","","12,996,731","131,661,192","48,069,783","13,707,247","89,944,305","997,374,831"
"144","","非製造業","26","","全規模","20210","","2021年度","","13,620,624","145,938,559","50,441,585","14,016,715","98,655,039","1,046,113,809"
"144","","非製造業","26","","全規模","20220","","2022年度","","14,524,228","154,111,836","55,609,899","13,916,503","103,995,749","1,142,097,695"
"144","","非製造業","26","","全規模","20230","","2023年度","","15,189,561","162,143,870","58,343,638","15,121,657","108,817,463","1,185,799,027"
"144","","非製造業","26","","全規模","20240","","2024年度","","12,782,695","171,012,454","61,906,871","14,384,489","112,195,624","1,224,606,630"
"105","","農林水産業(集約)","26","","全規模","20000","","2000年度","","20,567","293,940","328,310","138,943","326,213","3,730,286"
"105","","農林水産業(集約)","26","","全規模","20010","","2001年度","","14,514","267,475","374,498","106,688","355,151","3,800,178"
"105","","農林水産業(集約)","26","","全規模","20020","","2002年度","","33,498","302,857","316,901","168,640","318,209","4,207,298"
"105","","農林水産業(集約)","26","","全規模","20030","","2003年度","","10,429","333,716","523,305","88,334","309,263","3,626,354"
"105","","農林水産業(集約)","26","","全規模","20040","","2004年度","","26,072","260,009","381,178","141,333","386,692","3,525,899"
"105","","農林水産業(集約)","26","","全規模","20050","","2005年度","","27,184","218,384","733,220","108,586","539,870","4,579,275"
"105","","農林水産業(集約)","26","","全規模","20060","","2006年度","","11,083","161,930","280,790","85,358","204,925","2,796,220"
"105","","農林水産業(集約)","26","","全規模","20070","","2007年度","","21,844","227,694","290,341","97,284","228,319","3,200,027"
"105","","農林水産業(集約)","26","","全規模","20080","","2008年度","","27,318","247,443","309,110","68,102","399,016","4,110,765"
"105","","農林水産業(集約)","26","","全規模","20090","","2009年度","","21,577","260,031","358,061","89,066","478,376","3,639,217"
"105","","農林水産業(集約)","26","","全規模","20100","","2010年度","","11,877","250,820","293,044","70,054","429,839","3,872,047"
"105","","農林水産業(集約)","26","","全規模","20110","","2011年度","","6,608","293,822","430,318","44,667","306,563","4,252,695"
"105","","農林水産業(集約)","26","","全規模","20120","","2012年度","","10,088","295,428","447,287","49,015","425,809","3,809,359"
"105","","農林水産業(集約)","26","","全規模","20130","","2013年度","","8,413","283,575","284,216","42,445","324,757","3,867,274"
"105","","農林水産業(集約)","26","","全規模","20140","","2014年度","","7,989","266,877","355,411","67,531","341,197","4,109,776"
"105","","農林水産業(集約)","26","","全規模","20150","","2015年度","","9,464","248,090","426,604","23,788","322,369","3,975,774"
"105","","農林水産業(集約)","26","","全規模","20160","","2016年度","","6,488","227,508","347,338","17,421","458,646","3,748,632"
"105","","農林水産業(集約)","26","","全規模","20170","","2017年度","","11,461","306,338","1,735,544","40,665","368,845","5,897,808"
"105","","農林水産業(集約)","26","","全規模","20180","","2018年度","","9,589","403,376","1,263,574","40,997","295,103","6,488,707"
"105","","農林水産業(集約)","26","","全規模","20190","","2019年度","","11,410","393,705","614,072","28,944","523,390","5,652,964"
"105","","農林水産業(集約)","26","","全規模","20200","","2020年度","","10,530","374,829","583,295","25,078","560,592","4,735,633"
"105","","農林水産業(集約)","26","","全規模","20210","","2021年度","","12,223","367,276","393,623","15,274","396,462","5,086,996"
"105","","農林水産業(集約)","26","","全規模","20220","","2022年度","","8,925","393,596","435,219","35,422","425,200","5,640,360"
"105","","農林水産業(集約)","26","","全規模","20230","","2023年度","","12,202","421,466","402,526","38,695","476,987","6,001,638"
"105","","農林水産業(集約)","26","","全規模","20240","","2024年度","","43,007","499,084","377,381","42,990","393,992","6,848,226"
"101","","農業、林業","26","","全規模","20090","","2009年度","","21,160","210,647","268,654","68,604","399,849","2,625,177"
"101","","農業、林業","26","","全規模","20100","","2010年度","","10,432","206,788","215,058","56,798","385,242","2,997,224"
"101","","農業、林業","26","","全規模","20110","","2011年度","","5,268","233,822","279,542","29,608","194,209","3,159,932"
"101","","農業、林業","26","","全規模","20120","","2012年度","","9,238","229,773","276,382","24,622","301,761","2,781,066"
"101","","農業、林業","26","","全規模","20130","","2013年度","","8,372","192,767","136,535","9,918","228,989","2,808,329"
"101","","農業、林業","26","","全規模","20140","","2014年度","","6,882","200,800","186,207","10,531","268,190","2,982,783"
"101","","農業、林業","26","","全規模","20150","","2015年度","","9,372","189,578","320,658","10,522","239,447","2,780,354"
"101","","農業、林業","26","","全規模","20160","","2016年度","","6,349","175,130","290,433","8,120","419,016","2,646,247"
"101","","農業、林業","26","","全規模","20170","","2017年度","","4,720","233,743","1,642,356","30,910","305,341","4,493,424"
"101","","農業、林業","26","","全規模","20180","","2018年度","","9,589","302,263","1,178,498","30,118","227,660","4,885,895"
"101","","農業、林業","26","","全規模","20190","","2019年度","","11,410","294,238","494,413","8,944","441,383","4,318,128"
"101","","農業、林業","26","","全規模","20200","","2020年度","","10,524","296,214","427,189","6,410","480,336","3,662,566"
"101","","農業、林業","26","","全規模","20210","","2021年度","","11,059","297,761","291,029","3,971","290,481","3,943,215"
"101","","農業、林業","26","","全規模","20220","","2022年度","","8,925","295,435","320,982","24,173","335,760","4,379,841"
"101","","農業、林業","26","","全規模","20230","","2023年度","","12,202","348,960","152,223","31,075","381,407","4,695,338"
"101","","農業、林業","26","","全規模","20240","","2024年度","","42,958","412,369","230,676","31,656","323,654","5,475,817"
"162","","農業(H20年度まで)","26","","全規模","20000","","2000年度","","8,709","158,684","166,214","88,347","152,969","1,953,305"
"162","","農業(H20年度まで)","26","","全規模","20010","","2001年度","","6,366","134,216","167,569","43,428","237,468","2,017,886"
"162","","農業(H20年度まで)","26","","全規模","20020","","2002年度","","24,605","183,796","156,038","108,695","194,973","2,413,118"
"162","","農業(H20年度まで)","26","","全規模","20030","","2003年度","","3,172","217,909","405,836","55,124","191,274","2,093,600"
"162","","農業(H20年度まで)","26","","全規模","20040","","2004年度","","14,420","167,711","246,282","105,249","238,697","2,278,975"
"162","","農業(H20年度まで)","26","","全規模","20050","","2005年度","","16,299","138,630","558,334","50,668","446,657","3,266,489"
"162","","農業(H20年度まで)","26","","全規模","20060","","2006年度","","4,118","88,402","196,237","41,978","127,037","1,586,412"
"162","","農業(H20年度まで)","26","","全規模","20070","","2007年度","","11,269","140,789","186,602","56,507","123,644","1,779,936"
"162","","農業(H20年度まで)","26","","全規模","20080","","2008年度","","19,240","166,223","177,826","30,525","310,247","2,909,422"
"102","","林業(H20年度まで)","26","","全規模","20000","","2000年度","","5,585","21,468","18,861","8,514","13,484","220,266"
"102","","林業(H20年度まで)","26","","全規模","20010","","2001年度","","3,247","17,790","32,962","3,968","10,912","197,612"
"102","","林業(H20年度まで)","26","","全規模","20020","","2002年度","","3,557","16,691","14,746","5,196","11,683","219,620"
"102","","林業(H20年度まで)","26","","全規模","20030","","2003年度","","4,299","22,176","24,090","3,421","10,744","191,368"
"102","","林業(H20年度まで)","26","","全規模","20040","","2004年度","","9,118","24,875","9,975","7,366","11,463","247,205"
"102","","林業(H20年度まで)","26","","全規模","20050","","2005年度","","9,936","26,419","28,965","7,205","12,236","243,683"
"102","","林業(H20年度まで)","26","","全規模","20060","","2006年度","","6,347","23,625","7,975","6,243","10,921","214,290"
"102","","林業(H20年度まで)","26","","全規模","20070","","2007年度","","10,244","24,069","9,388","6,460","14,625","239,000"
"102","","林業(H20年度まで)","26","","全規模","20080","","2008年度","","4,438","23,677","13,351","4,735","11,528","241,500"
"103","","漁業","26","","全規模","20000","","2000年度","","6,273","113,788","143,235","42,082","159,760","1,556,715"
"103","","漁業","26","","全規模","20010","","2001年度","","4,901","115,469","173,967","59,292","106,771","1,584,680"
"103","","漁業","26","","全規模","20020","","2002年度","","5,336","102,370","146,117","54,749","111,553","1,574,560"
"103","","漁業","26","","全規模","20030","","2003年度","","2,958","93,631","93,379","29,789","107,245","1,341,386"
"103","","漁業","26","","全規模","20040","","2004年度","","2,534","67,423","124,921","28,718","136,532","999,719"
"103","","漁業","26","","全規模","20050","","2005年度","","949","53,335","145,921","50,713","80,977","1,069,103"
"103","","漁業","26","","全規模","20060","","2006年度","","618","49,903","76,578","37,137","66,967","995,518"
"103","","漁業","26","","全規模","20070","","2007年度","","331","62,836","94,351","34,317","90,050","1,181,091"
"103","","漁業","26","","全規模","20080","","2008年度","","3,640","57,543","117,933","32,842","77,241","959,843"
"103","","漁業","26","","全規模","20090","","2009年度","","417","49,384","89,407","20,462","78,527","1,014,040"
"103","","漁業","26","","全規模","20100","","2010年度","","1,445","44,032","77,986","13,256","44,597","874,823"
"103","","漁業","26","","全規模","20110","","2011年度","","1,340","60,000","150,776","15,059","112,354","1,092,763"
"103","","漁業","26","","全規模","20120","","2012年度","","850","65,655","170,905","24,393","124,048","1,028,293"
"103","","漁業","26","","全規模","20130","","2013年度","","41","90,808","147,681","32,527","95,768","1,058,945"
"103","","漁業","26","","全規模","20140","","2014年度","","1,107","66,077","169,204","57,000","73,007","1,126,993"
"103","","漁業","26","","全規模","20150","","2015年度","","92","58,512","105,946","13,266","82,922","1,195,420"
"103","","漁業","26","","全規模","20160","","2016年度","","139","52,378","56,905","9,301","39,630","1,102,385"
"103","","漁業","26","","全規模","20170","","2017年度","","6,741","72,595","93,188","9,755","63,504","1,404,384"
"103","","漁業","26","","全規模","20180","","2018年度","","0","101,113","85,076","10,879","67,443","1,602,812"
"103","","漁業","26","","全規模","20190","","2019年度","","0","99,467","119,659","20,000","82,007","1,334,836"
"103","","漁業","26","","全規模","20200","","2020年度","","6","78,615","156,106","18,668","80,256","1,073,067"
"103","","漁業","26","","全規模","20210","","2021年度","","1,164","69,515","102,594","11,303","105,981","1,143,781"
"103","","漁業","26","","全規模","20220","","2022年度","","0","98,161","114,237","11,249","89,440","1,260,519"
"103","","漁業","26","","全規模","20230","","2023年度","","0","72,506","250,303","7,620","95,580","1,306,300"
"103","","漁業","26","","全規模","20240","","2024年度","","49","86,715","146,705","11,334","70,338","1,372,409"
"106","","鉱業、採石業、砂利採取業","26","","全規模","20000","","2000年度","","162,802","346,190","134,797","191,059","164,785","2,921,113"
"106","","鉱業、採石業、砂利採取業","26","","全規模","20010","","2001年度","","173,385","325,961","106,192","219,910","161,566","2,938,410"
"106","","鉱業、採石業、砂利採取業","26","","全規模","20020","","2002年度","","153,003","339,935","91,514","152,010","175,007","2,844,147"
"106","","鉱業、採石業、砂利採取業","26","","全規模","20030","","2003年度","","189,998","374,037","82,569","216,907","188,749","3,122,910"
"106","","鉱業、採石業、砂利採取業","26","","全規模","20040","","2004年度","","67,154","298,893","77,369","96,435","127,912","2,397,554"
"106","","鉱業、採石業、砂利採取業","26","","全規模","20050","","2005年度","","92,022","391,897","90,056","95,293","172,096","3,195,796"
"106","","鉱業、採石業、砂利採取業","26","","全規模","20060","","2006年度","","79,029","360,068","90,161","102,669","226,518","3,226,455"
"106","","鉱業、採石業、砂利採取業","26","","全規模","20070","","2007年度","","95,696","471,373","115,214","88,630","140,181","3,882,449"
"106","","鉱業、採石業、砂利採取業","26","","全規模","20080","","2008年度","","96,272","408,666","116,147","130,833","133,606","3,946,965"
"106","","鉱業、採石業、砂利採取業","26","","全規模","20090","","2009年度","","89,232","340,624","103,674","71,531","123,875","2,932,813"
"106","","鉱業、採石業、砂利採取業","26","","全規模","20100","","2010年度","","98,830","370,182","114,395","63,919","135,688","3,287,666"
"106","","鉱業、採石業、砂利採取業","26","","全規模","20110","","2011年度","","73,697","435,831","93,212","70,098","147,593","3,428,309"
"106","","鉱業、採石業、砂利採取業","26","","全規模","20120","","2012年度","","60,327","433,588","82,672","68,656","158,342","3,514,507"
"106","","鉱業、採石業、砂利採取業","26","","全規模","20130","","2013年度","","78,206","431,639","76,541","76,336","166,846","3,692,488"
"106","","鉱業、採石業、砂利採取業","26","","全規模","20140","","2014年度","","74,924","322,022","58,580","78,824","165,434","3,501,750"
"106","","鉱業、採石業、砂利採取業","26","","全規模","20150","","2015年度","","66,986","331,659","76,996","57,130","247,553","3,053,288"
"106","","鉱業、採石業、砂利採取業","26","","全規模","20160","","2016年度","","62,890","337,512","71,200","56,463","173,696","2,676,979"
"106","","鉱業、採石業、砂利採取業","26","","全規模","20170","","2017年度","","44,052","287,601","65,674","34,181","148,506","2,457,900"
"106","","鉱業、採石業、砂利採取業","26","","全規模","20180","","2018年度","","55,569","277,655","63,688","28,375","129,316","2,558,930"
"106","","鉱業、採石業、砂利採取業","26","","全規模","20190","","2019年度","","49,077","308,123","79,607","26,820","134,803","2,637,214"
"106","","鉱業、採石業、砂利採取業","26","","全規模","20200","","2020年度","","51,113","303,477","85,616","36,420","132,534","2,106,144"
"106","","鉱業、採石業、砂利採取業","26","","全規模","20210","","2021年度","","54,006","356,345","98,916","42,233","120,501","2,436,889"
"106","","鉱業、採石業、砂利採取業","26","","全規模","20220","","2022年度","","52,719","401,510","82,850","47,403","160,068","3,265,341"
"106","","鉱業、採石業、砂利採取業","26","","全規模","20230","","2023年度","","50,055","376,999","77,395","31,921","162,535","3,079,234"
"106","","鉱業、採石業、砂利採取業","26","","全規模","20240","","2024年度","","44,567","273,972","73,813","34,156","156,986","2,503,866"
"107","","建設業","26","","全規模","20000","","2000年度","","4,775,734","21,277,890","4,053,819","10,767,335","14,858,594","144,545,411"
"107","","建設業","26","","全規模","20010","","2001年度","","4,024,107","20,187,275","4,710,946","9,271,187","13,587,206","139,353,666"
"107","","建設業","26","","全規模","20020","","2002年度","","3,733,251","19,402,163","4,544,236","8,214,083","13,848,571","135,446,428"
"107","","建設業","26","","全規模","20030","","2003年度","","3,288,981","18,221,030","3,638,022","6,563,870","13,224,096","127,455,370"
"107","","建設業","26","","全規模","20040","","2004年度","","2,889,188","17,895,219","3,254,203","5,994,225","13,487,718","124,800,681"
"107","","建設業","26","","全規模","20050","","2005年度","","3,129,189","19,890,644","3,060,199","6,461,107","15,124,101","128,856,215"
"107","","建設業","26","","全規模","20060","","2006年度","","3,109,127","19,896,122","3,097,820","6,472,160","15,484,638","134,990,845"
"107","","建設業","26","","全規模","20070","","2007年度","","3,166,141","20,550,942","3,974,067","6,331,139","15,203,036","135,015,542"
"107","","建設業","26","","全規模","20080","","2008年度","","2,730,307","18,549,451","3,776,700","5,180,310","13,449,235","126,277,563"
"107","","建設業","26","","全規模","20090","","2009年度","","2,056,436","18,042,564","2,713,791","4,120,115","11,810,919","120,700,516"
"107","","建設業","26","","全規模","20100","","2010年度","","2,202,628","17,651,272","3,657,573","4,067,880","11,829,870","111,299,608"
"107","","建設業","26","","全規模","20110","","2011年度","","1,917,514","18,678,035","3,175,356","4,068,332","12,857,191","109,453,339"
"107","","建設業","26","","全規模","20120","","2012年度","","2,060,783","18,936,625","2,461,934","4,048,528","13,758,192","114,991,717"
"107","","建設業","26","","全規模","20130","","2013年度","","2,313,525","20,380,544","2,184,625","4,490,587","14,161,008","122,500,418"
"107","","建設業","26","","全規模","20140","","2014年度","","2,554,612","20,147,082","2,509,401","4,645,715","14,202,276","128,514,826"
"107","","建設業","26","","全規模","20150","","2015年度","","2,260,375","20,307,141","2,205,348","4,152,013","13,488,402","122,713,468"
"107","","建設業","26","","全規模","20160","","2016年度","","2,468,934","22,008,853","3,057,791","4,802,665","13,447,709","128,966,154"
"107","","建設業","26","","全規模","20170","","2017年度","","2,581,391","22,278,757","3,106,930","5,235,611","14,960,447","141,115,273"
"107","","建設業","26","","全規模","20180","","2018年度","","2,455,788","24,193,924","7,861,995","4,815,962","15,826,307","144,959,886"
"107","","建設業","26","","全規模","20190","","2019年度","","2,427,659","25,035,952","3,003,165","3,605,273","14,706,685","143,325,285"
"107","","建設業","26","","全規模","20200","","2020年度","","2,302,505","22,985,165","2,656,463","3,572,867","12,486,534","133,870,021"
"107","","建設業","26","","全規模","20210","","2021年度","","1,919,672","23,261,274","2,793,641","3,706,094","13,587,807","136,668,563"
"107","","建設業","26","","全規模","20220","","2022年度","","2,124,890","25,974,156","3,361,134","3,925,666","15,115,024","149,827,760"
"107","","建設業","26","","全規模","20230","","2023年度","","1,822,038","26,852,219","4,036,679","3,784,741","13,816,782","150,982,004"
"107","","建設業","26","","全規模","20240","","2024年度","","1,531,954","28,493,836","4,096,308","2,899,087","14,401,202","154,268,463"
"135","","電気業","26","","全規模","20000","","2000年度","","1","946,427","2,166","0","454,140","16,370,191"
"135","","電気業","26","","全規模","20010","","2001年度","","20","923,496","2,885","1,015","384,141","16,065,803"
"135","","電気業","26","","全規模","20020","","2002年度","","81","865,989","124","896","439,868","15,555,325"
"135","","電気業","26","","全規模","20030","","2003年度","","1","822,326","215","0","418,381","15,145,894"
"135","","電気業","26","","全規模","20040","","2004年度","","89","920,242","237","53","479,090","16,134,456"
"135","","電気業","26","","全規模","20050","","2005年度","","126","1,014,114","835","169","625,963","16,545,460"
"135","","電気業","26","","全規模","20060","","2006年度","","109","1,036,874","849","1,181","605,025","16,782,174"
"135","","電気業","26","","全規模","20070","","2007年度","","172","1,166,894","471","1,357","1,042,172","17,502,763"
"135","","電気業","26","","全規模","20080","","2008年度","","1,761","1,170,018","1,487","771","727,934","18,848,529"
"135","","電気業","26","","全規模","20090","","2009年度","","2,707","980,684","1,687","0","696,512","16,521,549"
"135","","電気業","26","","全規模","20100","","2010年度","","4,777","1,057,471","2,110","0","746,749","17,883,006"
"135","","電気業","26","","全規模","20110","","2011年度","","194","1,303,008","2,263","315","1,123,908","18,151,519"
"135","","電気業","26","","全規模","20120","","2012年度","","8","1,360,641","3,862","266","1,116,451","19,222,937"
"135","","電気業","26","","全規模","20130","","2013年度","","905","1,568,674","2,278","2,988","1,138,098","21,343,563"
"135","","電気業","26","","全規模","20140","","2014年度","","1,262","1,636,132","3,133","780","1,023,583","22,162,328"
"135","","電気業","26","","全規模","20150","","2015年度","","1,159","1,521,171","3,317","2,684","812,185","20,517,969"
"135","","電気業","26","","全規模","20160","","2016年度","","775","2,046,821","23,870","1,792","1,233,667","23,535,419"
"135","","電気業","26","","全規模","20170","","2017年度","","1,455","2,344,308","35,959","2,137","1,378,295","25,894,007"
"135","","電気業","26","","全規模","20180","","2018年度","","58","2,583,347","9,749","3,337","1,482,785","27,585,319"
"135","","電気業","26","","全規模","20190","","2019年度","","2,620","2,634,699","17,523","540","1,516,781","28,103,771"
"135","","電気業","26","","全規模","20200","","2020年度","","269,058","2,790,892","7,188","6,743","1,714,248","27,793,455"
"135","","電気業","26","","全規模","20210","","2021年度","","3,290","3,328,226","26,481","0","2,505,045","28,517,238"
"135","","電気業","26","","全規模","20220","","2022年度","","3,100","3,970,686","38,199","499","2,851,675","41,158,720"
"135","","電気業","26","","全規模","20230","","2023年度","","832","3,771,360","12,962","372","2,735,682","37,884,700"
"135","","電気業","26","","全規模","20240","","2024年度","","35,338","4,535,729","19,357","0","3,403,041","42,505,700"
"136","","ガス・熱供給・水道業","26","","全規模","20000","","2000年度","","17,524","275,817","3,467","18,421","92,545","2,986,399"
"136","","ガス・熱供給・水道業","26","","全規模","20010","","2001年度","","13,392","260,624","1,693","12,340","74,640","2,919,066"
"136","","ガス・熱供給・水道業","26","","全規模","20020","","2002年度","","11,807","296,515","3,541","8,684","98,267","3,025,423"
"136","","ガス・熱供給・水道業","26","","全規模","20030","","2003年度","","13,431","285,415","3,697","14,550","88,131","3,128,709"
"136","","ガス・熱供給・水道業","26","","全規模","20040","","2004年度","","13,441","294,777","3,278","14,727","114,289","3,140,941"
"136","","ガス・熱供給・水道業","26","","全規模","20050","","2005年度","","13,945","320,210","3,609","10,705","154,897","3,315,362"
"136","","ガス・熱供給・水道業","26","","全規模","20060","","2006年度","","17,273","363,797","5,970","11,999","145,991","3,705,588"
"136","","ガス・熱供給・水道業","26","","全規模","20070","","2007年度","","11,709","403,274","8,708","13,068","256,999","3,990,686"
"136","","ガス・熱供給・水道業","26","","全規模","20080","","2008年度","","8,270","379,228","5,849","6,210","260,792","4,373,715"
"136","","ガス・熱供給・水道業","26","","全規模","20090","","2009年度","","11,889","346,202","4,834","6,430","271,597","3,714,604"
"136","","ガス・熱供給・水道業","26","","全規模","20100","","2010年度","","6,593","373,184","3,409","6,627","172,255","4,046,663"
"136","","ガス・熱供給・水道業","26","","全規模","20110","","2011年度","","15,733","510,720","5,866","11,675","223,814","4,773,188"
"136","","ガス・熱供給・水道業","26","","全規模","20120","","2012年度","","15,258","510,860","5,186","8,684","216,168","4,886,815"
"136","","ガス・熱供給・水道業","26","","全規模","20130","","2013年度","","7,441","558,963","6,478","8,443","263,831","5,518,186"
"136","","ガス・熱供給・水道業","26","","全規模","20140","","2014年度","","10,038","557,860","7,190","8,761","256,480","5,909,087"
"136","","ガス・熱供給・水道業","26","","全規模","20150","","2015年度","","9,936","464,401","3,692","8,087","205,298","5,066,616"
"136","","ガス・熱供給・水道業","26","","全規模","20160","","2016年度","","11,324","445,390","7,941","4,248","209,287","4,323,437"
"136","","ガス・熱供給・水道業","26","","全規模","20170","","2017年度","","14,664","522,971","9,010","15,823","233,920","4,861,331"
"136","","ガス・熱供給・水道業","26","","全規模","20180","","2018年度","","12,478","590,819","4,138","7,182","238,208","5,081,065"
"136","","ガス・熱供給・水道業","26","","全規模","20190","","2019年度","","10,948","519,590","3,614","3,771","231,012","5,119,577"
"136","","ガス・熱供給・水道業","26","","全規模","20200","","2020年度","","9,663","497,374","3,014","2,002","223,461","4,853,102"
"136","","ガス・熱供給・水道業","26","","全規模","20210","","2021年度","","19,687","720,777","5,344","6,002","295,649","5,584,803"
"136","","ガス・熱供給・水道業","26","","全規模","20220","","2022年度","","12,721","1,066,576","12,607","5,314","362,304","8,881,458"
"136","","ガス・熱供給・水道業","26","","全規模","20230","","2023年度","","13,659","941,970","8,927","1,202","320,916","7,430,787"
"136","","ガス・熱供給・水道業","26","","全規模","20240","","2024年度","","14,047","984,647","14,303","4,617","335,318","7,630,368"
"142","","情報通信業","26","","全規模","20000","","2000年度","","231,684","503,316","59,322","44,519","260,006","3,417,849"
"142","","情報通信業","26","","全規模","20010","","2001年度","","204,079","501,791","59,687","36,014","257,813","3,608,595"
"142","","情報通信業","26","","全規模","20020","","2002年度","","147,131","559,611","64,021","25,306","302,345","3,649,069"
"142","","情報通信業","26","","全規模","20030","","2003年度","","129,374","628,161","67,611","32,643","292,768","3,877,435"
"142","","情報通信業","26","","全規模","20040","","2004年度","","259,586","7,776,060","593,031","277,114","3,864,701","52,756,855"
"142","","情報通信業","26","","全規模","20050","","2005年度","","226,141","8,141,646","699,909","149,165","3,925,847","55,895,460"
"142","","情報通信業","26","","全規模","20060","","2006年度","","351,418","9,071,728","596,007","136,795","4,721,450","58,986,486"
"142","","情報通信業","26","","全規模","20070","","2007年度","","250,399","8,733,364","611,211","200,685","4,170,702","55,836,702"
"142","","情報通信業","26","","全規模","20080","","2008年度","","260,253","9,627,742","577,669","130,184","3,528,014","57,494,285"
"142","","情報通信業","26","","全規模","20090","","2009年度","","213,253","9,541,682","508,862","349,516","3,720,192","58,038,781"
"142","","情報通信業","26","","全規模","20100","","2010年度","","227,208","9,752,436","837,520","288,092","3,980,449","58,454,663"
"142","","情報通信業","26","","全規模","20110","","2011年度","","212,583","9,691,717","1,303,962","225,891","4,211,493","54,683,655"
"142","","情報通信業","26","","全規模","20120","","2012年度","","210,686","10,563,595","880,212","202,693","4,451,681","57,925,875"
"142","","情報通信業","26","","全規模","20130","","2013年度","","191,750","11,030,303","824,341","148,658","5,571,265","59,813,847"
"142","","情報通信業","26","","全規模","20140","","2014年度","","183,188","9,780,618","656,915","140,330","4,128,425","59,575,572"
"142","","情報通信業","26","","全規模","20150","","2015年度","","160,116","12,850,874","1,073,792","203,544","4,249,181","66,451,013"
"142","","情報通信業","26","","全規模","20160","","2016年度","","190,353","11,750,286","873,019","243,485","3,863,039","68,819,539"
"142","","情報通信業","26","","全規模","20170","","2017年度","","165,508","12,341,710","702,646","122,052","4,671,478","72,903,542"
"142","","情報通信業","26","","全規模","20180","","2018年度","","197,439","13,484,668","765,922","138,412","4,919,996","76,179,443"
"142","","情報通信業","26","","全規模","20190","","2019年度","","159,777","13,895,700","1,076,602","175,931","4,942,909","78,054,497"
"142","","情報通信業","26","","全規模","20200","","2020年度","","130,686","14,748,916","903,928","136,128","4,989,697","77,373,703"
"142","","情報通信業","26","","全規模","20210","","2021年度","","145,240","14,777,824","861,141","97,137","5,369,652","79,981,288"
"142","","情報通信業","26","","全規模","20220","","2022年度","","232,016","15,586,183","1,071,449","50,393","6,218,681","82,602,347"
"142","","情報通信業","26","","全規模","20230","","2023年度","","392,519","15,961,682","1,428,496","49,455","5,370,665","81,803,447"
"142","","情報通信業","26","","全規模","20240","","2024年度","","426,445","18,240,563","1,803,962","46,896","6,498,623","87,413,759"
"134","","運輸業、郵便業(集約)","26","","全規模","20000","","2000年度","","659,134","10,975,731","1,357,795","1,103,085","6,106,788","76,458,473"
"134","","運輸業、郵便業(集約)","26","","全規模","20010","","2001年度","","1,779,522","8,757,238","1,131,959","1,033,738","5,150,008","74,869,766"
"134","","運輸業、郵便業(集約)","26","","全規模","20020","","2002年度","","1,573,747","8,849,226","1,109,828","1,309,400","5,657,765","76,938,161"
"134","","運輸業、郵便業(集約)","26","","全規模","20030","","2003年度","","512,787","9,763,310","954,133","741,723","5,807,718","79,410,724"
"134","","運輸業、郵便業(集約)","26","","全規模","20040","","2004年度","","447,902","7,119,222","765,427","716,331","4,117,474","58,803,453"
"134","","運輸業、郵便業(集約)","26","","全規模","20050","","2005年度","","409,002","6,943,597","652,197","632,457","4,086,909","57,673,509"
"134","","運輸業、郵便業(集約)","26","","全規模","20060","","2006年度","","591,696","7,627,188","1,375,755","732,202","5,141,516","67,695,053"
"134","","運輸業、郵便業(集約)","26","","全規模","20070","","2007年度","","519,357","7,698,368","477,545","551,982","5,455,864","67,360,874"
"134","","運輸業、郵便業(集約)","26","","全規模","20080","","2008年度","","387,092","6,396,446","502,232","475,021","4,107,019","62,182,540"
"134","","運輸業、郵便業(集約)","26","","全規模","20090","","2009年度","","255,345","6,383,750","478,831","322,226","4,154,865","56,725,816"
"134","","運輸業、郵便業(集約)","26","","全規模","20100","","2010年度","","345,049","6,207,030","484,562","359,952","4,060,609","57,293,490"
"134","","運輸業、郵便業(集約)","26","","全規模","20110","","2011年度","","389,724","7,346,758","440,136","482,179","4,975,908","63,115,154"
"134","","運輸業、郵便業(集約)","26","","全規模","20120","","2012年度","","401,588","7,383,594","434,405","384,116","5,678,369","67,571,439"
"134","","運輸業、郵便業(集約)","26","","全規模","20130","","2013年度","","423,630","7,745,078","510,805","302,563","5,119,130","65,393,801"
"134","","運輸業、郵便業(集約)","26","","全規模","20140","","2014年度","","435,272","7,810,572","432,016","377,630","5,154,514","69,406,713"
"134","","運輸業、郵便業(集約)","26","","全規模","20150","","2015年度","","381,736","8,025,725","244,964","348,055","5,351,329","69,773,616"
"134","","運輸業、郵便業(集約)","26","","全規模","20160","","2016年度","","392,934","7,571,632","275,395","240,342","5,102,750","65,298,168"
"134","","運輸業、郵便業(集約)","26","","全規模","20170","","2017年度","","354,674","7,702,442","281,432","278,501","5,391,367","66,041,540"
"134","","運輸業、郵便業(集約)","26","","全規模","20180","","2018年度","","324,357","8,491,192","293,798","280,837","6,041,515","71,862,499"
"134","","運輸業、郵便業(集約)","26","","全規模","20190","","2019年度","","266,216","7,769,634","422,828","240,576","5,028,800","67,085,121"
"134","","運輸業、郵便業(集約)","26","","全規模","20200","","2020年度","","350,962","7,667,136","442,769","132,507","4,772,938","57,354,490"
"134","","運輸業、郵便業(集約)","26","","全規模","20210","","2021年度","","448,031","9,206,568","269,243","225,963","6,482,127","66,002,340"
"134","","運輸業、郵便業(集約)","26","","全規模","20220","","2022年度","","334,675","9,718,032","284,432","161,999","6,818,095","71,117,666"
"134","","運輸業、郵便業(集約)","26","","全規模","20230","","2023年度","","324,563","9,088,737","315,416","275,342","6,120,938","73,157,602"
"134","","運輸業、郵便業(集約)","26","","全規模","20240","","2024年度","","236,321","8,595,592","401,334","260,101","5,909,130","73,192,758"
"131","","陸運業","26","","全規模","20000","","2000年度","","469,705","3,291,327","1,222,409","827,352","1,971,409","33,030,673"
"131","","陸運業","26","","全規模","20010","","2001年度","","527,466","3,186,797","1,080,031","775,547","1,788,493","33,337,920"
"131","","陸運業","26","","全規模","20020","","2002年度","","414,576","3,599,203","1,011,139","1,092,961","2,111,478","37,025,396"
"131","","陸運業","26","","全規模","20030","","2003年度","","364,246","3,308,453","830,168","580,215","2,106,333","33,992,267"
"131","","陸運業","26","","全規模","20040","","2004年度","","306,712","3,500,504","746,839","560,291","2,186,357","35,296,675"
"131","","陸運業","26","","全規模","20050","","2005年度","","275,728","3,568,927","629,584","506,012","2,153,422","35,141,523"
"131","","陸運業","26","","全規模","20060","","2006年度","","471,051","4,160,648","1,342,034","542,857","2,653,602","42,215,061"
"131","","陸運業","26","","全規模","20070","","2007年度","","372,914","4,209,489","456,138","432,092","2,983,819","39,803,894"
"131","","陸運業","26","","全規模","20080","","2008年度","","288,515","3,508,790","455,013","364,915","2,208,269","36,034,017"
"131","","陸運業","26","","全規模","20090","","2009年度","","185,479","3,310,436","411,919","248,487","2,088,566","32,124,982"
"131","","陸運業","26","","全規模","20100","","2010年度","","236,722","3,153,065","380,958","242,006","2,143,617","33,018,807"
"131","","陸運業","26","","全規模","20110","","2011年度","","278,234","4,101,205","373,974","352,351","2,693,254","38,566,752"
"131","","陸運業","26","","全規模","20120","","2012年度","","297,032","4,551,279","363,859","264,263","2,885,273","41,155,301"
"131","","陸運業","26","","全規模","20130","","2013年度","","339,652","4,391,734","443,719","220,803","2,586,732","39,289,111"
"131","","陸運業","26","","全規模","20140","","2014年度","","355,900","4,619,407","357,780","279,842","2,623,747","42,989,938"
"131","","陸運業","26","","全規模","20150","","2015年度","","266,894","4,492,349","171,230","223,850","2,600,344","40,667,826"
"131","","陸運業","26","","全規模","20160","","2016年度","","287,919","4,323,932","218,360","159,211","2,518,969","40,238,307"
"131","","陸運業","26","","全規模","20170","","2017年度","","197,837","4,311,224","222,455","166,879","2,593,816","39,599,517"
"131","","陸運業","26","","全規模","20180","","2018年度","","224,847","4,951,442","222,003","182,383","2,821,632","43,660,961"
"131","","陸運業","26","","全規模","20190","","2019年度","","197,017","4,721,909","189,445","182,188","2,610,140","43,667,844"
"131","","陸運業","26","","全規模","20200","","2020年度","","293,684","4,350,971","215,512","87,688","2,559,951","36,846,749"
"131","","陸運業","26","","全規模","20210","","2021年度","","356,559","5,785,538","204,376","163,968","3,848,029","40,967,395"
"131","","陸運業","26","","全規模","20220","","2022年度","","260,333","6,340,512","215,562","111,127","4,071,999","44,733,046"
"131","","陸運業","26","","全規模","20230","","2023年度","","219,271","5,511,373","220,714","191,520","3,125,579","46,972,201"
"131","","陸運業","26","","全規模","20240","","2024年度","","130,323","5,068,351","276,984","216,746","2,852,659","43,643,808"
"132","","水運業","26","","全規模","20000","","2000年度","","45,584","775,242","1,252","100,458","604,071","6,963,085"
"132","","水運業","26","","全規模","20010","","2001年度","","44,135","541,785","3,473","63,277","504,013","5,968,640"
"132","","水運業","26","","全規模","20020","","2002年度","","53,428","559,283","1,175","98,989","497,041","5,795,263"
"132","","水運業","26","","全規模","20030","","2003年度","","38,260","709,199","2,104","55,034","607,554","7,127,919"
"132","","水運業","26","","全規模","20040","","2004年度","","31,175","560,706","1,576","54,912","476,552","6,352,039"
"132","","水運業","26","","全規模","20050","","2005年度","","32,453","732,935","2,747","31,179","532,641","6,574,337"
"132","","水運業","26","","全規模","20060","","2006年度","","21,317","753,905","1,639","59,806","688,853","7,749,859"
"132","","水運業","26","","全規模","20070","","2007年度","","31,246","829,670","3,629","40,911","755,548","8,828,966"
"132","","水運業","26","","全規模","20080","","2008年度","","18,472","622,129","5,056","22,744","558,653","8,740,936"
"132","","水運業","26","","全規模","20090","","2009年度","","21,058","642,536","2,517","25,101","616,985","6,619,532"
"132","","水運業","26","","全規模","20100","","2010年度","","21,434","668,981","41,750","46,424","644,955","7,277,075"
"132","","水運業","26","","全規模","20110","","2011年度","","24,067","599,828","3,832","35,063","794,443","6,288,360"
"132","","水運業","26","","全規模","20120","","2012年度","","20,726","629,185","3,630","38,909","796,701","6,505,167"
"132","","水運業","26","","全規模","20130","","2013年度","","16,235","610,225","2,882","26,560","604,403","7,032,259"
"132","","水運業","26","","全規模","20140","","2014年度","","28,461","682,490","1,847","42,056","659,065","8,073,297"
"132","","水運業","26","","全規模","20150","","2015年度","","38,109","563,741","4,202","45,824","592,829","7,718,916"
"132","","水運業","26","","全規模","20160","","2016年度","","34,082","668,433","5,317","33,670","644,498","7,496,256"
"132","","水運業","26","","全規模","20170","","2017年度","","38,459","732,724","4,826","45,884","678,708","8,210,517"
"132","","水運業","26","","全規模","20180","","2018年度","","32,809","661,581","13,812","38,587","736,406","7,019,551"
"132","","水運業","26","","全規模","20190","","2019年度","","13,938","568,725","168,242","10,348","498,693","6,300,350"
"132","","水運業","26","","全規模","20200","","2020年度","","12,002","582,515","169,781","14,517","457,110","5,676,389"
"132","","水運業","26","","全規模","20210","","2021年度","","14,407","737,476","4,967","19,126","521,082","6,916,467"
"132","","水運業","26","","全規模","20220","","2022年度","","12,395","764,691","1,185","10,121","520,249","7,817,459"
"132","","水運業","26","","全規模","20230","","2023年度","","19,942","908,936","686","8,687","652,470","7,596,170"
"132","","水運業","26","","全規模","20240","","2024年度","","9,511","886,848","8,326","11,006","742,070","8,314,442"
"133","","その他の運輸業","26","","全規模","20000","","2000年度","","143,845","6,909,162","134,134","175,275","3,531,308","36,464,715"
"133","","その他の運輸業","26","","全規模","20010","","2001年度","","1,207,921","5,028,656","48,455","194,914","2,857,502","35,563,206"
"133","","その他の運輸業","26","","全規模","20020","","2002年度","","1,105,743","4,690,740","97,514","117,450","3,049,246","34,117,502"
"133","","その他の運輸業","26","","全規模","20030","","2003年度","","110,281","5,745,658","121,861","106,474","3,093,831","38,290,538"
"133","","その他の運輸業","26","","全規模","20040","","2004年度","","110,015","3,058,012","17,012","101,128","1,454,565","17,154,739"
"133","","その他の運輸業","26","","全規模","20050","","2005年度","","100,821","2,641,735","19,866","95,266","1,400,846","15,957,649"
"133","","その他の運輸業","26","","全規模","20060","","2006年度","","99,328","2,712,635","32,082","129,539","1,799,061","17,730,133"
"133","","その他の運輸業","26","","全規模","20070","","2007年度","","115,197","2,659,209","17,778","78,979","1,716,497","18,728,014"
"133","","その他の運輸業","26","","全規模","20080","","2008年度","","80,105","2,265,527","42,163","87,362","1,340,097","17,407,587"
"133","","その他の運輸業","26","","全規模","20090","","2009年度","","48,808","2,430,778","64,395","48,638","1,449,314","17,981,302"
"133","","その他の運輸業","26","","全規模","20100","","2010年度","","86,893","2,384,984","61,854","71,522","1,272,037","16,997,608"
"133","","その他の運輸業","26","","全規模","20110","","2011年度","","87,423","2,645,725","62,330","94,765","1,488,211","18,260,042"
"133","","その他の運輸業","26","","全規模","20120","","2012年度","","83,830","2,203,130","66,916","80,944","1,996,395","19,910,971"
"133","","その他の運輸業","26","","全規模","20130","","2013年度","","67,743","2,743,119","64,204","55,200","1,927,995","19,072,431"
"133","","その他の運輸業","26","","全規模","20140","","2014年度","","50,911","2,508,675","72,389","55,732","1,871,702","18,343,478"
"133","","その他の運輸業","26","","全規模","20150","","2015年度","","76,733","2,969,635","69,532","78,381","2,158,156","21,386,874"
"133","","その他の運輸業","26","","全規模","20160","","2016年度","","70,933","2,579,267","51,718","47,461","1,939,283","17,563,605"
"133","","その他の運輸業","26","","全規模","20170","","2017年度","","118,378","2,658,494","54,151","65,738","2,118,843","18,231,506"
"133","","その他の運輸業","26","","全規模","20180","","2018年度","","66,701","2,878,169","57,983","59,867","2,483,477","21,181,987"
"133","","その他の運輸業","26","","全規模","20190","","2019年度","","55,261","2,479,000","65,141","48,040","1,919,967","17,116,927"
"133","","その他の運輸業","26","","全規模","20200","","2020年度","","45,276","2,733,650","57,476","30,302","1,755,877","14,831,352"
"133","","その他の運輸業","26","","全規模","20210","","2021年度","","77,065","2,683,554","59,900","42,869","2,113,016","18,118,478"
"133","","その他の運輸業","26","","全規模","20220","","2022年度","","61,947","2,612,829","67,685","40,751","2,225,847","18,567,161"
"133","","その他の運輸業","26","","全規模","20230","","2023年度","","85,350","2,668,428","94,016","75,135","2,342,889","18,589,231"
"133","","その他の運輸業","26","","全規模","20240","","2024年度","","96,487","2,640,393","116,024","32,349","2,314,401","21,234,508"
"129","","卸売業・小売業(集約)","26","","全規模","20000","","2000年度","","20,417,193","61,915,488","28,102,822","25,831,121","59,075,925","553,582,438"
"129","","卸売業・小売業(集約)","26","","全規模","20010","","2001年度","","19,602,993","56,943,166","24,764,238","22,181,652","52,546,214","527,624,897"
"129","","卸売業・小売業(集約)","26","","全規模","20020","","2002年度","","15,408,326","53,720,465","26,246,577","20,846,022","50,006,674","516,440,347"
"129","","卸売業・小売業(集約)","26","","全規模","20030","","2003年度","","14,401,363","55,642,211","25,410,001","18,591,005","54,059,514","510,309,818"
"129","","卸売業・小売業(集約)","26","","全規模","20040","","2004年度","","15,338,507","59,945,801","26,936,326","19,735,967","54,958,645","534,447,041"
"129","","卸売業・小売業(集約)","26","","全規模","20050","","2005年度","","13,502,841","63,790,832","29,353,845","16,264,078","61,966,989","537,033,190"
"129","","卸売業・小売業(集約)","26","","全規模","20060","","2006年度","","16,067,986","68,311,170","29,826,655","18,984,854","63,434,907","584,516,136"
"129","","卸売業・小売業(集約)","26","","全規模","20070","","2007年度","","12,217,787","68,425,354","26,872,908","14,892,407","63,975,726","597,286,175"
"129","","卸売業・小売業(集約)","26","","全規模","20080","","2008年度","","14,111,726","56,278,879","28,726,728","13,524,155","50,898,650","562,288,473"
"129","","卸売業・小売業(集約)","26","","全規模","20090","","2009年度","","9,296,621","55,339,093","27,515,949","11,583,097","51,881,520","499,520,088"
"129","","卸売業・小売業(集約)","26","","全規模","20100","","2010年度","","9,838,439","56,505,581","27,705,617","11,641,559","53,835,684","514,816,795"
"129","","卸売業・小売業(集約)","26","","全規模","20110","","2011年度","","10,958,117","57,822,239","28,638,769","13,403,793","53,328,188","511,395,304"
"129","","卸売業・小売業(集約)","26","","全規模","20120","","2012年度","","9,874,653","58,729,234","28,704,130","11,941,410","53,269,417","507,882,910"
"129","","卸売業・小売業(集約)","26","","全規模","20130","","2013年度","","9,404,484","59,703,524","29,773,408","10,981,549","56,329,925","519,881,791"
"129","","卸売業・小売業(集約)","26","","全規模","20140","","2014年度","","12,188,261","65,802,231","33,528,900","13,419,389","62,138,279","534,690,806"
"129","","卸売業・小売業(集約)","26","","全規模","20150","","2015年度","","10,776,760","62,208,750","32,322,166","11,508,277","57,878,144","526,380,943"
"129","","卸売業・小売業(集約)","26","","全規模","20160","","2016年度","","9,047,797","61,124,812","29,213,103","9,708,787","56,729,442","531,586,377"
"129","","卸売業・小売業(集約)","26","","全規模","20170","","2017年度","","10,073,637","71,634,964","32,827,363","10,535,953","64,467,304","582,263,825"
"129","","卸売業・小売業(集約)","26","","全規模","20180","","2018年度","","10,948,890","64,977,614","31,733,362","11,353,305","60,566,687","547,570,520"
"129","","卸売業・小売業(集約)","26","","全規模","20190","","2019年度","","9,873,842","58,658,291","32,220,186","10,124,997","53,838,214","522,016,472"
"129","","卸売業・小売業(集約)","26","","全規模","20200","","2020年度","","9,124,867","55,566,968","30,875,190","8,744,496","52,200,782","482,160,878"
"129","","卸売業・小売業(集約)","26","","全規模","20210","","2021年度","","10,189,245","65,385,579","33,305,363","8,773,930","58,015,686","496,740,081"
"129","","卸売業・小売業(集約)","26","","全規模","20220","","2022年度","","11,012,273","66,070,757","37,171,274","8,446,210","58,483,337","539,764,613"
"129","","卸売業・小売業(集約)","26","","全規模","20230","","2023年度","","11,259,551","71,178,846","37,081,684","9,967,776","64,888,391","559,014,273"
"129","","卸売業・小売業(集約)","26","","全規模","20240","","2024年度","","9,568,394","74,944,399","37,483,494","9,908,227","66,770,674","563,662,761"
"127","","卸売業","26","","全規模","20000","","2000年度","","17,729,426","51,941,871","16,905,276","21,870,516","45,534,940","380,364,290"
"127","","卸売業","26","","全規模","20010","","2001年度","","17,109,690","47,005,829","14,090,811","19,178,703","39,309,420","361,233,898"
"127","","卸売業","26","","全規模","20020","","2002年度","","13,605,753","43,689,993","14,682,263","17,485,889","36,227,280","340,913,878"
"127","","卸売業","26","","全規模","20030","","2003年度","","12,360,468","44,568,052","14,081,216","15,578,927","36,890,342","328,151,732"
"127","","卸売業","26","","全規模","20040","","2004年度","","13,867,098","50,294,462","15,938,188","17,551,619","42,249,932","377,676,048"
"127","","卸売業","26","","全規模","20050","","2005年度","","12,219,060","54,656,099","16,535,619","14,418,678","47,186,523","372,306,822"
"127","","卸売業","26","","全規模","20060","","2006年度","","12,721,849","57,847,736","17,785,524","16,759,862","47,194,914","401,924,802"
"127","","卸売業","26","","全規模","20070","","2007年度","","11,146,320","58,046,475","16,161,105","13,030,906","50,644,598","431,934,308"
"127","","卸売業","26","","全規模","20080","","2008年度","","10,080,229","46,793,387","16,729,851","11,923,337","37,802,047","391,788,550"
"127","","卸売業","26","","全規模","20090","","2009年度","","8,511,926","45,964,127","15,073,295","10,292,127","37,593,787","326,693,940"
"127","","卸売業","26","","全規模","20100","","2010年度","","8,611,159","47,190,906","15,617,040","10,612,591","40,209,759","342,872,260"
"127","","卸売業","26","","全規模","20110","","2011年度","","9,528,123","48,550,719","16,252,603","12,198,170","40,077,200","342,524,884"
"127","","卸売業","26","","全規模","20120","","2012年度","","8,861,916","49,612,897","17,333,049","10,782,751","40,327,091","334,752,483"
"127","","卸売業","26","","全規模","20130","","2013年度","","8,220,305","49,440,872","17,115,069","9,465,577","41,025,784","347,751,581"
"127","","卸売業","26","","全規模","20140","","2014年度","","10,476,033","53,027,426","18,544,897","11,624,012","44,801,537","361,132,162"
"127","","卸売業","26","","全規模","20150","","2015年度","","9,506,207","48,327,340","18,142,635","10,605,215","40,599,446","350,610,005"
"127","","卸売業","26","","全規模","20160","","2016年度","","7,983,120","50,169,970","16,663,808","8,609,558","43,080,011","355,972,131"
"127","","卸売業","26","","全規模","20170","","2017年度","","9,252,448","57,733,805","19,081,624","9,607,717","48,758,074","382,325,373"
"127","","卸売業","26","","全規模","20180","","2018年度","","9,199,100","52,522,023","18,201,135","10,347,175","45,683,284","360,684,084"
"127","","卸売業","26","","全規模","20190","","2019年度","","8,083,157","45,750,083","17,397,501","9,185,922","39,202,933","332,614,779"
"127","","卸売業","26","","全規模","20200","","2020年度","","7,946,470","44,706,098","17,022,338","7,841,663","38,014,783","300,214,046"
"127","","卸売業","26","","全規模","20210","","2021年度","","8,910,965","52,139,445","19,221,165","7,975,885","43,628,707","316,839,372"
"127","","卸売業","26","","全規模","20220","","2022年度","","8,464,381","53,859,394","21,703,908","7,608,464","43,868,190","342,243,571"
"127","","卸売業","26","","全規模","20230","","2023年度","","9,266,352","54,291,119","20,868,106","9,220,475","45,211,290","342,715,921"
"127","","卸売業","26","","全規模","20240","","2024年度","","8,939,806","59,530,321","23,720,919","9,092,177","50,906,579","357,659,879"
"128","","小売業","26","","全規模","20000","","2000年度","","2,687,767","9,973,617","11,197,546","3,960,605","13,540,985","173,218,148"
"128","","小売業","26","","全規模","20010","","2001年度","","2,493,303","9,937,337","10,673,427","3,002,949","13,236,794","166,390,999"
"128","","小売業","26","","全規模","20020","","2002年度","","1,802,573","10,030,472","11,564,314","3,360,133","13,779,394","175,526,469"
"128","","小売業","26","","全規模","20030","","2003年度","","2,040,895","11,074,159","11,328,785","3,012,078","17,169,172","182,158,086"
"128","","小売業","26","","全規模","20040","","2004年度","","1,471,409","9,651,339","10,998,138","2,184,348","12,708,713","156,770,993"
"128","","小売業","26","","全規模","20050","","2005年度","","1,283,781","9,134,733","12,818,226","1,845,400","14,780,466","164,726,368"
"128","","小売業","26","","全規模","20060","","2006年度","","3,346,137","10,463,434","12,041,131","2,224,992","16,239,993","182,591,334"
"128","","小売業","26","","全規模","20070","","2007年度","","1,071,467","10,378,879","10,711,803","1,861,501","13,331,128","165,351,867"
"128","","小売業","26","","全規模","20080","","2008年度","","4,031,497","9,485,492","11,996,877","1,600,818","13,096,603","170,499,923"
"128","","小売業","26","","全規模","20090","","2009年度","","784,695","9,374,966","12,442,654","1,290,970","14,287,733","172,826,148"
"128","","小売業","26","","全規模","20100","","2010年度","","1,227,280","9,314,675","12,088,577","1,028,968","13,625,925","171,944,535"
"128","","小売業","26","","全規模","20110","","2011年度","","1,429,994","9,271,520","12,386,166","1,205,623","13,250,988","168,870,420"
"128","","小売業","26","","全規模","20120","","2012年度","","1,012,737","9,116,337","11,371,081","1,158,659","12,942,326","173,130,427"
"128","","小売業","26","","全規模","20130","","2013年度","","1,184,179","10,262,652","12,658,339","1,515,972","15,304,141","172,130,210"
"128","","小売業","26","","全規模","20140","","2014年度","","1,712,228","12,774,805","14,984,003","1,795,377","17,336,742","173,558,644"
"128","","小売業","26","","全規模","20150","","2015年度","","1,270,553","13,881,410","14,179,531","903,062","17,278,698","175,770,938"
"128","","小売業","26","","全規模","20160","","2016年度","","1,064,677","10,954,842","12,549,295","1,099,229","13,649,431","175,614,246"
"128","","小売業","26","","全規模","20170","","2017年度","","821,189","13,901,159","13,745,739","928,236","15,709,230","199,938,452"
"128","","小売業","26","","全規模","20180","","2018年度","","1,749,790","12,455,591","13,532,227","1,006,130","14,883,403","186,886,436"
"128","","小売業","26","","全規模","20190","","2019年度","","1,790,685","12,908,208","14,822,685","939,075","14,635,281","189,401,693"
"128","","小売業","26","","全規模","20200","","2020年度","","1,178,397","10,860,870","13,852,852","902,833","14,185,999","181,946,832"
"128","","小売業","26","","全規模","20210","","2021年度","","1,278,280","13,246,134","14,084,198","798,045","14,386,979","179,900,709"
"128","","小売業","26","","全規模","20220","","2022年度","","2,547,892","12,211,363","15,467,366","837,746","14,615,147","197,521,042"
"128","","小売業","26","","全規模","20230","","2023年度","","1,993,199","16,887,727","16,213,578","747,301","19,677,101","216,298,352"
"128","","小売業","26","","全規模","20240","","2024年度","","628,588","15,414,078","13,762,575","816,050","15,864,095","206,002,882"
"155","","不動産業、物品賃貸業(集約)","26","","全規模","20090","","2009年度","","392,038","11,697,939","9,176,278","663,846","3,676,028","54,774,832"
"155","","不動産業、物品賃貸業(集約)","26","","全規模","20100","","2010年度","","441,793","10,284,575","6,806,274","540,698","3,276,315","50,781,828"
"155","","不動産業、物品賃貸業(集約)","26","","全規模","20110","","2011年度","","290,499","9,862,893","6,304,026","672,680","3,306,155","49,285,821"
"155","","不動産業、物品賃貸業(集約)","26","","全規模","20120","","2012年度","","448,950","9,760,341","6,722,233","555,199","3,527,331","46,597,720"
"155","","不動産業、物品賃貸業(集約)","26","","全規模","20130","","2013年度","","201,511","11,129,095","6,909,235","487,521","3,815,819","51,808,081"
"155","","不動産業、物品賃貸業(集約)","26","","全規模","20140","","2014年度","","293,653","12,332,590","7,035,191","729,712","4,302,632","53,067,819"
"155","","不動産業、物品賃貸業(集約)","26","","全規模","20150","","2015年度","","291,033","10,594,200","6,842,361","531,620","3,684,667","55,085,381"
"155","","不動産業、物品賃貸業(集約)","26","","全規模","20160","","2016年度","","420,268","10,724,039","8,381,067","590,161","3,107,327","58,743,935"
"155","","不動産業、物品賃貸業(集約)","26","","全規模","20170","","2017年度","","408,523","10,543,548","8,654,536","538,465","3,078,781","58,719,826"
"155","","不動産業、物品賃貸業(集約)","26","","全規模","20180","","2018年度","","206,790","11,276,806","8,304,502","643,815","3,330,662","62,665,130"
"155","","不動産業、物品賃貸業(集約)","26","","全規模","20190","","2019年度","","164,220","11,749,181","9,471,014","629,069","5,049,428","62,007,761"
"155","","不動産業、物品賃貸業(集約)","26","","全規模","20200","","2020年度","","227,014","10,856,551","10,680,029","463,095","3,795,613","60,040,920"
"155","","不動産業、物品賃貸業(集約)","26","","全規模","20210","","2021年度","","252,552","10,925,843","11,375,484","560,677","3,026,038","65,965,746"
"155","","不動産業、物品賃貸業(集約)","26","","全規模","20220","","2022年度","","258,818","11,170,792","11,252,973","575,703","3,552,971","64,006,957"
"155","","不動産業、物品賃貸業(集約)","26","","全規模","20230","","2023年度","","340,458","12,227,115","12,742,375","449,814","3,497,488","73,320,281"
"155","","不動産業、物品賃貸業(集約)","26","","全規模","20240","","2024年度","","344,289","12,543,557","14,280,378","559,875","3,477,377","76,753,075"
"130","","不動産業","26","","全規模","20000","","2000年度","","228,429","2,275,886","6,976,146","745,440","1,400,867","29,905,425"
"130","","不動産業","26","","全規模","20010","","2001年度","","115,224","2,122,661","7,488,377","746,477","1,495,992","31,858,207"
"130","","不動産業","26","","全規模","20020","","2002年度","","161,944","2,615,825","7,213,714","770,272","2,143,766","33,476,116"
"130","","不動産業","26","","全規模","20030","","2003年度","","30,308","2,109,719","7,268,160","711,593","2,178,493","33,628,281"
"130","","不動産業","26","","全規模","20040","","2004年度","","80,576","1,963,923","5,522,858","625,863","1,920,269","33,250,693"
"130","","不動産業","26","","全規模","20050","","2005年度","","97,122","1,132,243","8,162,942","636,273","1,612,447","34,499,671"
"130","","不動産業","26","","全規模","20060","","2006年度","","79,398","1,396,658","7,530,575","626,155","1,651,303","33,858,648"
"130","","不動産業","26","","全規模","20070","","2007年度","","85,054","2,587,320","15,851,946","903,628","2,493,490","37,094,649"
"130","","不動産業","26","","全規模","20080","","2008年度","","307,817","1,441,534","8,179,608","383,532","1,547,226","38,667,119"
"130","","不動産業","26","","全規模","20090","","2009年度","","216,947","1,664,086","8,912,475","303,165","2,110,405","40,976,404"
"130","","不動産業","26","","全規模","20100","","2010年度","","336,476","1,036,326","6,684,761","285,541","1,667,985","36,631,517"
"130","","不動産業","26","","全規模","20110","","2011年度","","107,014","1,716,920","5,995,605","236,074","1,466,135","35,712,374"
"130","","不動産業","26","","全規模","20120","","2012年度","","31,019","1,287,655","6,423,284","176,079","1,655,522","32,681,659"
"130","","不動産業","26","","全規模","20130","","2013年度","","42,418","1,447,523","6,683,100","197,679","1,460,668","37,704,848"
"130","","不動産業","26","","全規模","20140","","2014年度","","29,612","1,605,150","6,662,449","192,094","2,226,543","36,981,191"
"130","","不動産業","26","","全規模","20150","","2015年度","","64,165","1,833,389","6,663,272","213,420","1,930,523","39,383,523"
"130","","不動産業","26","","全規模","20160","","2016年度","","230,292","1,232,999","8,174,256","265,193","1,479,771","42,982,410"
"130","","不動産業","26","","全規模","20170","","2017年度","","198,226","1,241,082","8,427,354","149,121","1,594,531","43,433,543"
"130","","不動産業","26","","全規模","20180","","2018年度","","31,755","1,424,640","8,104,234","300,997","1,689,595","46,536,349"
"130","","不動産業","26","","全規模","20190","","2019年度","","31,755","1,669,036","9,223,937","374,470","3,374,008","45,383,525"
"130","","不動産業","26","","全規模","20200","","2020年度","","64,164","1,562,869","10,400,806","178,761","2,345,681","44,318,236"
"130","","不動産業","26","","全規模","20210","","2021年度","","79,068","1,321,478","10,913,771","233,124","1,638,551","48,582,235"
"130","","不動産業","26","","全規模","20220","","2022年度","","104,554","1,768,963","10,735,900","286,339","2,037,367","46,268,201"
"130","","不動産業","26","","全規模","20230","","2023年度","","220,027","1,992,203","12,254,985","204,044","2,085,222","56,453,861"
"130","","不動産業","26","","全規模","20240","","2024年度","","197,797","2,370,483","13,882,710","163,422","1,981,182","58,824,479"
"149","","物品賃貸業(集約)","26","","全規模","20040","","2004年度","","423,297","5,589,140","91,554","526,536","1,652,610","13,917,227"
"149","","物品賃貸業(集約)","26","","全規模","20050","","2005年度","","476,695","6,281,905","132,695","637,434","1,929,216","15,496,029"
"149","","物品賃貸業(集約)","26","","全規模","20060","","2006年度","","386,138","8,266,361","125,153","564,655","2,369,958","15,679,993"
"149","","物品賃貸業(集約)","26","","全規模","20070","","2007年度","","215,693","10,806,605","129,243","409,051","2,231,560","14,519,944"
"149","","物品賃貸業(集約)","26","","全規模","20080","","2008年度","","141,913","10,444,513","104,821","358,127","1,361,378","13,234,746"
"149","","物品賃貸業(集約)","26","","全規模","20090","","2009年度","","175,091","10,033,853","263,803","360,681","1,565,623","13,798,428"
"149","","物品賃貸業(集約)","26","","全規模","20100","","2010年度","","105,317","9,248,249","121,513","255,157","1,608,330","14,150,311"
"149","","物品賃貸業(集約)","26","","全規模","20110","","2011年度","","183,485","8,145,973","308,421","436,606","1,840,020","13,573,447"
"149","","物品賃貸業(集約)","26","","全規模","20120","","2012年度","","417,931","8,472,686","298,949","379,120","1,871,809","13,916,061"
"149","","物品賃貸業(集約)","26","","全規模","20130","","2013年度","","159,093","9,681,572","226,135","289,842","2,355,151","14,103,233"
"149","","物品賃貸業(集約)","26","","全規模","20140","","2014年度","","264,041","10,727,440","372,742","537,618","2,076,089","16,086,628"
"149","","物品賃貸業(集約)","26","","全規模","20150","","2015年度","","226,868","8,760,811","179,089","318,200","1,754,144","15,701,858"
"149","","物品賃貸業(集約)","26","","全規模","20160","","2016年度","","189,976","9,491,040","206,811","324,968","1,627,556","15,761,525"
"149","","物品賃貸業(集約)","26","","全規模","20170","","2017年度","","210,297","9,302,466","227,182","389,344","1,484,250","15,286,283"
"149","","物品賃貸業(集約)","26","","全規模","20180","","2018年度","","175,035","9,852,166","200,268","342,818","1,641,067","16,128,781"
"149","","物品賃貸業(集約)","26","","全規模","20190","","2019年度","","132,465","10,080,145","247,077","254,599","1,675,420","16,624,236"
"149","","物品賃貸業(集約)","26","","全規模","20200","","2020年度","","162,850","9,293,682","279,223","284,334","1,449,932","15,722,684"
"149","","物品賃貸業(集約)","26","","全規模","20210","","2021年度","","173,484","9,604,365","461,713","327,553","1,387,487","17,383,511"
"149","","物品賃貸業(集約)","26","","全規模","20220","","2022年度","","154,264","9,401,829","517,073","289,364","1,515,604","17,738,756"
"149","","物品賃貸業(集約)","26","","全規模","20230","","2023年度","","120,431","10,234,912","487,390","245,770","1,412,266","16,866,420"
"149","","物品賃貸業(集約)","26","","全規模","20240","","2024年度","","146,492","10,173,074","397,668","396,453","1,496,195","17,928,596"
"150","","リース業","26","","全規模","20040","","2004年度","","362,337","5,208,641","70,647","395,952","1,440,064","11,853,216"
"150","","リース業","26","","全規模","20050","","2005年度","","386,962","5,963,247","117,863","497,713","1,736,542","13,463,564"
"150","","リース業","26","","全規模","20060","","2006年度","","271,386","7,715,117","85,477","465,916","2,101,925","13,156,818"
"150","","リース業","26","","全規模","20070","","2007年度","","144,558","10,508,596","82,481","313,720","1,976,660","12,030,108"
"150","","リース業","26","","全規模","20080","","2008年度","","114,514","9,590,206","58,291","259,326","1,185,172","10,396,722"
"150","","リース業","26","","全規模","20090","","2009年度","","117,033","9,309,229","117,633","235,491","1,185,672","10,594,701"
"150","","リース業","26","","全規模","20100","","2010年度","","90,621","8,881,391","57,041","185,820","1,369,492","11,480,729"
"150","","リース業","26","","全規模","20110","","2011年度","","170,458","7,710,137","252,834","248,081","1,493,693","10,450,948"
"150","","リース業","26","","全規模","20120","","2012年度","","400,147","7,974,214","242,508","235,121","1,564,466","10,681,212"
"150","","リース業","26","","全規模","20130","","2013年度","","133,896","9,110,952","163,574","219,078","2,082,692","11,379,008"
"150","","リース業","26","","全規模","20140","","2014年度","","238,447","10,084,628","268,711","320,555","1,770,707","13,264,957"
"150","","リース業","26","","全規模","20150","","2015年度","","195,327","8,317,497","127,690","294,188","1,427,702","12,823,515"
"150","","リース業","26","","全規模","20160","","2016年度","","158,508","8,970,297","111,721","275,200","1,257,954","12,067,695"
"150","","リース業","26","","全規模","20170","","2017年度","","180,975","8,900,831","126,906","360,908","1,134,257","11,778,544"
"150","","リース業","26","","全規模","20180","","2018年度","","165,473","9,369,697","138,959","313,483","1,218,764","12,290,784"
"150","","リース業","26","","全規模","20190","","2019年度","","124,118","9,448,491","80,757","239,412","1,178,652","12,269,320"
"150","","リース業","26","","全規模","20200","","2020年度","","144,659","8,838,473","98,941","263,626","1,177,896","12,793,244"
"150","","リース業","26","","全規模","20210","","2021年度","","150,381","9,218,031","196,001","304,519","1,131,671","14,377,416"
"150","","リース業","26","","全規模","20220","","2022年度","","134,096","8,974,690","212,000","259,553","1,210,578","14,475,755"
"150","","リース業","26","","全規模","20230","","2023年度","","98,105","9,587,487","224,962","215,777","1,128,438","13,228,760"
"150","","リース業","26","","全規模","20240","","2024年度","","120,092","9,728,263","158,556","373,351","1,228,090","14,586,858"
"151","","その他の物品賃貸業","26","","全規模","20040","","2004年度","","60,960","380,499","20,907","130,584","212,546","2,064,011"
"151","","その他の物品賃貸業","26","","全規模","20050","","2005年度","","89,733","318,658","14,832","139,721","192,674","2,032,465"
"151","","その他の物品賃貸業","26","","全規模","20060","","2006年度","","114,752","551,244","39,676","98,739","268,033","2,523,175"
"151","","その他の物品賃貸業","26","","全規模","20070","","2007年度","","71,135","298,009","46,762","95,331","254,900","2,489,836"
"151","","その他の物品賃貸業","26","","全規模","20080","","2008年度","","27,399","854,307","46,530","98,801","176,206","2,838,024"
"151","","その他の物品賃貸業","26","","全規模","20090","","2009年度","","58,058","724,624","146,170","125,190","379,951","3,203,727"
"151","","その他の物品賃貸業","26","","全規模","20100","","2010年度","","14,696","366,858","64,472","69,337","238,838","2,669,582"
"151","","その他の物品賃貸業","26","","全規模","20110","","2011年度","","13,027","435,836","55,587","188,525","346,327","3,122,499"
"151","","その他の物品賃貸業","26","","全規模","20120","","2012年度","","17,784","498,472","56,441","143,999","307,343","3,234,849"
"151","","その他の物品賃貸業","26","","全規模","20130","","2013年度","","25,197","570,620","62,561","70,764","272,459","2,724,225"
"151","","その他の物品賃貸業","26","","全規模","20140","","2014年度","","25,594","642,812","104,031","217,063","305,382","2,821,671"
"151","","その他の物品賃貸業","26","","全規模","20150","","2015年度","","31,541","443,314","51,399","24,012","326,442","2,878,343"
"151","","その他の物品賃貸業","26","","全規模","20160","","2016年度","","31,468","520,743","95,090","49,768","369,602","3,693,830"
"151","","その他の物品賃貸業","26","","全規模","20170","","2017年度","","29,322","401,635","100,276","28,436","349,993","3,507,739"
"151","","その他の物品賃貸業","26","","全規模","20180","","2018年度","","9,562","482,469","61,309","29,335","422,303","3,837,997"
"151","","その他の物品賃貸業","26","","全規模","20190","","2019年度","","8,347","631,654","166,320","15,187","496,768","4,354,916"
"151","","その他の物品賃貸業","26","","全規模","20200","","2020年度","","18,191","455,209","180,282","20,708","272,036","2,929,440"
"151","","その他の物品賃貸業","26","","全規模","20210","","2021年度","","23,103","386,334","265,712","23,034","255,816","3,006,095"
"151","","その他の物品賃貸業","26","","全規模","20220","","2022年度","","20,168","427,139","305,073","29,811","305,026","3,263,001"
"151","","その他の物品賃貸業","26","","全規模","20230","","2023年度","","22,326","647,425","262,428","29,993","283,828","3,637,660"
"151","","その他の物品賃貸業","26","","全規模","20240","","2024年度","","26,400","444,811","239,112","23,102","268,105","3,341,738"
"137","","サービス業(集約)","26","","全規模","20000","","2000年度","","1,831,029","21,202,613","1,444,156","2,653,762","9,454,800","183,546,361"
"137","","サービス業(集約)","26","","全規模","20010","","2001年度","","2,060,832","19,348,699","1,568,073","2,307,316","8,627,988","155,918,168"
"137","","サービス業(集約)","26","","全規模","20020","","2002年度","","1,363,585","20,130,628","1,989,553","1,597,731","8,836,842","161,337,503"
"137","","サービス業(集約)","26","","全規模","20030","","2003年度","","1,255,118","22,070,120","1,625,735","2,593,680","11,040,843","173,895,729"
"137","","サービス業(集約)","26","","全規模","20040","","2004年度","","1,338,093","19,958,924","1,558,011","2,110,712","9,772,707","153,115,881"
"137","","サービス業(集約)","26","","全規模","20050","","2005年度","","1,272,404","22,994,016","1,444,191","2,478,976","10,643,701","206,193,381"
"137","","サービス業(集約)","26","","全規模","20060","","2006年度","","997,574","23,685,814","1,661,040","1,658,025","10,220,862","184,674,563"
"137","","サービス業(集約)","26","","全規模","20070","","2007年度","","859,593","25,678,209","1,144,000","2,135,742","9,785,745","164,682,650"
"137","","サービス業(集約)","26","","全規模","20080","","2008年度","","826,964","23,508,888","1,262,762","1,688,988","8,141,081","160,736,504"
"137","","サービス業(集約)","26","","全規模","20090","","2009年度","","751,783","14,314,185","1,449,863","877,207","9,047,171","170,235,901"
"137","","サービス業(集約)","26","","全規模","20100","","2010年度","","814,059","14,560,412","1,379,847","857,412","8,022,422","160,693,196"
"137","","サービス業(集約)","26","","全規模","20110","","2011年度","","516,514","15,933,687","1,321,353","723,995","8,654,459","160,416,257"
"137","","サービス業(集約)","26","","全規模","20120","","2012年度","","814,792","16,179,238","1,680,789","666,781","9,250,060","161,598,659"
"137","","サービス業(集約)","26","","全規模","20130","","2013年度","","523,733","16,869,777","1,821,628","679,894","9,645,818","161,181,111"
"137","","サービス業(集約)","26","","全規模","20140","","2014年度","","588,831","16,176,552","1,131,795","685,147","9,368,887","161,821,399"
"137","","サービス業(集約)","26","","全規模","20150","","2015年度","","476,912","16,789,528","1,274,679","649,175","9,278,088","160,673,948"
"137","","サービス業(集約)","26","","全規模","20160","","2016年度","","498,104","18,953,415","1,433,339","611,531","12,000,417","172,496,217"
"137","","サービス業(集約)","26","","全規模","20170","","2017年度","","557,971","19,624,234","1,437,481","635,070","12,511,795","177,727,968"
"137","","サービス業(集約)","26","","全規模","20180","","2018年度","","701,782","17,176,341","1,522,343","560,069","9,207,926","175,990,150"
"137","","サービス業(集約)","26","","全規模","20190","","2019年度","","698,407","16,012,418","2,163,806","815,785","9,192,372","169,396,228"
"137","","サービス業(集約)","26","","全規模","20200","","2020年度","","520,333","15,869,884","1,832,291","587,911","9,067,906","147,086,485"
"137","","サービス業(集約)","26","","全規模","20210","","2021年度","","576,678","17,608,847","1,312,349","589,405","8,856,072","159,129,865"
"137","","サービス業(集約)","26","","全規模","20220","","2022年度","","484,091","19,759,548","1,899,762","667,894","10,008,394","175,832,473"
"137","","サービス業(集約)","26","","全規模","20230","","2023年度","","973,684","21,323,476","2,237,178","522,339","11,427,079","193,125,061"
"137","","サービス業(集約)","26","","全規模","20240","","2024年度","","538,333","21,901,075","3,356,541","628,540","10,849,281","209,827,654"
"156","","宿泊業、飲食サービス業(集約)","26","","全規模","20090","","2009年度","","6,180","1,055,110","200,567","57,468","1,184,383","33,601,315"
"156","","宿泊業、飲食サービス業(集約)","26","","全規模","20100","","2010年度","","6,500","849,896","221,641","94,568","977,937","27,539,472"
"156","","宿泊業、飲食サービス業(集約)","26","","全規模","20110","","2011年度","","36,469","859,560","197,201","37,651","947,352","24,159,898"
"156","","宿泊業、飲食サービス業(集約)","26","","全規模","20120","","2012年度","","4,701","829,982","316,977","15,941","926,314","24,921,130"
"156","","宿泊業、飲食サービス業(集約)","26","","全規模","20130","","2013年度","","1,720","908,214","294,072","27,350","1,009,196","26,119,986"
"156","","宿泊業、飲食サービス業(集約)","26","","全規模","20140","","2014年度","","33,645","1,078,797","112,738","11,483","991,168","24,566,888"
"156","","宿泊業、飲食サービス業(集約)","26","","全規模","20150","","2015年度","","24,400","1,541,561","187,780","8,302","1,140,368","29,051,120"
"156","","宿泊業、飲食サービス業(集約)","26","","全規模","20160","","2016年度","","5,404","1,320,203","247,857","7,634","1,247,918","30,648,195"
"156","","宿泊業、飲食サービス業(集約)","26","","全規模","20170","","2017年度","","4,723","1,117,805","196,744","5,480","1,199,580","30,679,883"
"156","","宿泊業、飲食サービス業(集約)","26","","全規模","20180","","2018年度","","59,352","915,602","226,989","13,871","945,667","28,315,057"
"156","","宿泊業、飲食サービス業(集約)","26","","全規模","20190","","2019年度","","50,373","795,731","145,382","12,354","830,368","27,679,817"
"156","","宿泊業、飲食サービス業(集約)","26","","全規模","20200","","2020年度","","995","703,370","177,758","8,619","1,165,754","20,311,398"
"156","","宿泊業、飲食サービス業(集約)","26","","全規模","20210","","2021年度","","2,353","922,433","270,608","2,289","954,308","22,834,682"
"156","","宿泊業、飲食サービス業(集約)","26","","全規模","20220","","2022年度","","6,221","1,303,000","448,652","24,388","980,707","25,904,015"
"156","","宿泊業、飲食サービス業(集約)","26","","全規模","20230","","2023年度","","14,300","1,580,383","198,341","5,106","1,123,471","29,624,871"
"156","","宿泊業、飲食サービス業(集約)","26","","全規模","20240","","2024年度","","11,328","1,606,958","403,315","6,700","1,084,538","34,166,398"
"139","","宿泊業","26","","全規模","20000","","2000年度","","4,054","299,332","59,885","46,201","258,760","7,951,022"
"139","","宿泊業","26","","全規模","20010","","2001年度","","2,741","266,422","42,316","41,884","232,205","6,442,882"
"139","","宿泊業","26","","全規模","20020","","2002年度","","2,525","240,077","69,775","15,366","203,047","6,811,092"
"139","","宿泊業","26","","全規模","20030","","2003年度","","2,670","241,149","52,152","183,453","380,852","6,496,567"
"139","","宿泊業","26","","全規模","20040","","2004年度","","3,191","307,351","115,099","8,155","256,987","6,935,624"
"139","","宿泊業","26","","全規模","20050","","2005年度","","3,823","285,213","56,872","10,412","267,855","7,821,045"
"139","","宿泊業","26","","全規模","20060","","2006年度","","2,405","373,538","48,173","47,751","486,152","9,765,880"
"139","","宿泊業","26","","全規模","20070","","2007年度","","5,176","314,077","97,764","22,174","262,338","7,392,261"
"139","","宿泊業","26","","全規模","20080","","2008年度","","3,494","302,348","66,804","20,392","238,183","7,846,320"
"139","","宿泊業","26","","全規模","20090","","2009年度","","1,624","375,505","22,684","48,449","277,601","9,064,319"
"139","","宿泊業","26","","全規模","20100","","2010年度","","2,059","195,894","62,239","60,897","190,812","6,339,626"
"139","","宿泊業","26","","全規模","20110","","2011年度","","36,108","188,293","25,961","11,805","169,710","5,060,689"
"139","","宿泊業","26","","全規模","20120","","2012年度","","676","269,855","155,795","1,701","222,900","5,847,628"
"139","","宿泊業","26","","全規模","20130","","2013年度","","1,263","286,885","137,303","12,064","304,933","7,199,780"
"139","","宿泊業","26","","全規模","20140","","2014年度","","551","292,327","22,331","1,025","205,868","6,261,864"
"139","","宿泊業","26","","全規模","20150","","2015年度","","1,124","392,599","19,571","796","256,085","6,878,113"
"139","","宿泊業","26","","全規模","20160","","2016年度","","958","388,835","16,990","3,791","253,781","7,809,578"
"139","","宿泊業","26","","全規模","20170","","2017年度","","1,073","407,440","54,020","3,681","220,035","8,690,169"
"139","","宿泊業","26","","全規模","20180","","2018年度","","935","366,525","61,596","6,067","208,974","8,031,433"
"139","","宿泊業","26","","全規模","20190","","2019年度","","1,705","259,027","21,330","1,286","145,494","6,833,300"
"139","","宿泊業","26","","全規模","20200","","2020年度","","321","217,594","24,479","342","168,712","4,161,259"
"139","","宿泊業","26","","全規模","20210","","2021年度","","1,420","294,583","42,458","1,832","200,998","4,524,720"
"139","","宿泊業","26","","全規模","20220","","2022年度","","2,445","470,948","38,722","2,562","242,230","5,795,492"
"139","","宿泊業","26","","全規模","20230","","2023年度","","13,844","617,779","38,897","2,419","278,072","7,965,932"
"139","","宿泊業","26","","全規模","20240","","2024年度","","10,903","729,391","181,409","257","313,184","10,179,084"
"148","","飲食サービス業","26","","全規模","20040","","2004年度","","1,860","356,336","170,989","13,366","646,563","21,358,265"
"148","","飲食サービス業","26","","全規模","20050","","2005年度","","3,855","446,189","140,483","13,298","676,307","17,517,389"
"148","","飲食サービス業","26","","全規模","20060","","2006年度","","890","285,660","89,297","8,577","501,340","15,098,998"
"148","","飲食サービス業","26","","全規模","20070","","2007年度","","6,730","331,817","90,067","12,841","542,639","15,217,460"
"148","","飲食サービス業","26","","全規模","20080","","2008年度","","435","326,372","108,786","20,432","572,144","16,381,837"
"148","","飲食サービス業","26","","全規模","20090","","2009年度","","4,556","679,605","177,883","9,019","906,782","24,536,996"
"148","","飲食サービス業","26","","全規模","20100","","2010年度","","4,441","654,002","159,402","33,671","787,125","21,199,846"
"148","","飲食サービス業","26","","全規模","20110","","2011年度","","361","671,267","171,240","25,846","777,642","19,099,209"
"148","","飲食サービス業","26","","全規模","20120","","2012年度","","4,025","560,127","161,182","14,240","703,414","19,073,502"
"148","","飲食サービス業","26","","全規模","20130","","2013年度","","457","621,329","156,769","15,286","704,263","18,920,206"
"148","","飲食サービス業","26","","全規模","20140","","2014年度","","33,094","786,470","90,407","10,458","785,300","18,305,024"
"148","","飲食サービス業","26","","全規模","20150","","2015年度","","23,276","1,148,962","168,209","7,506","884,283","22,173,007"
"148","","飲食サービス業","26","","全規模","20160","","2016年度","","4,446","931,368","230,867","3,843","994,137","22,838,617"
"148","","飲食サービス業","26","","全規模","20170","","2017年度","","3,650","710,365","142,724","1,799","979,545","21,989,714"
"148","","飲食サービス業","26","","全規模","20180","","2018年度","","58,417","549,077","165,393","7,804","736,693","20,283,624"
"148","","飲食サービス業","26","","全規模","20190","","2019年度","","48,668","536,704","124,052","11,068","684,874","20,846,517"
"148","","飲食サービス業","26","","全規模","20200","","2020年度","","674","485,776","153,279","8,277","997,042","16,150,139"
"148","","飲食サービス業","26","","全規模","20210","","2021年度","","933","627,850","228,150","457","753,310","18,309,962"
"148","","飲食サービス業","26","","全規模","20220","","2022年度","","3,776","832,052","409,930","21,826","738,477","20,108,523"
"148","","飲食サービス業","26","","全規模","20230","","2023年度","","456","962,604","159,444","2,687","845,399","21,658,939"
"148","","飲食サービス業","26","","全規模","20240","","2024年度","","425","877,567","221,906","6,443","771,354","23,987,314"
"157","","生活関連サービス業、娯楽業(集約)","26","","全規模","20090","","2009年度","","42,748","1,839,725","335,486","274,394","1,529,847","47,402,820"
"157","","生活関連サービス業、娯楽業(集約)","26","","全規模","20100","","2010年度","","41,053","1,427,385","281,728","150,593","1,457,936","39,651,263"
"157","","生活関連サービス業、娯楽業(集約)","26","","全規模","20110","","2011年度","","6,248","1,504,967","267,489","139,344","1,281,198","40,981,642"
"157","","生活関連サービス業、娯楽業(集約)","26","","全規模","20120","","2012年度","","11,902","1,520,247","412,076","113,164","1,340,405","41,420,149"
"157","","生活関連サービス業、娯楽業(集約)","26","","全規模","20130","","2013年度","","5,873","1,589,072","460,765","205,153","1,479,650","37,399,521"
"157","","生活関連サービス業、娯楽業(集約)","26","","全規模","20140","","2014年度","","20,475","1,762,853","297,000","271,497","1,464,324","35,444,337"
"157","","生活関連サービス業、娯楽業(集約)","26","","全規模","20150","","2015年度","","33,488","1,701,178","366,701","171,213","1,205,497","35,543,324"
"157","","生活関連サービス業、娯楽業(集約)","26","","全規模","20160","","2016年度","","10,380","1,720,750","372,985","128,261","1,235,170","35,815,790"
"157","","生活関連サービス業、娯楽業(集約)","26","","全規模","20170","","2017年度","","29,076","1,884,353","366,443","117,812","1,334,490","37,415,621"
"157","","生活関連サービス業、娯楽業(集約)","26","","全規模","20180","","2018年度","","30,350","1,743,260","360,848","68,318","1,112,294","34,496,748"
"157","","生活関連サービス業、娯楽業(集約)","26","","全規模","20190","","2019年度","","33,463","1,487,372","287,400","88,119","790,035","29,788,379"
"157","","生活関連サービス業、娯楽業(集約)","26","","全規模","20200","","2020年度","","9,944","1,562,158","440,387","51,995","827,986","20,688,166"
"157","","生活関連サービス業、娯楽業(集約)","26","","全規模","20210","","2021年度","","9,984","1,732,038","295,249","49,194","803,281","22,620,654"
"157","","生活関連サービス業、娯楽業(集約)","26","","全規模","20220","","2022年度","","7,217","2,222,341","328,882","37,107","973,361","28,603,008"
"157","","生活関連サービス業、娯楽業(集約)","26","","全規模","20230","","2023年度","","12,278","2,481,208","306,938","18,339","1,727,788","33,904,087"
"157","","生活関連サービス業、娯楽業(集約)","26","","全規模","20240","","2024年度","","9,906","2,391,001","389,395","35,087","1,517,530","34,363,453"
"140","","生活関連サービス業","26","","全規模","20000","","2000年度","","117,111","796,899","162,976","165,281","509,859","11,463,860"
"140","","生活関連サービス業","26","","全規模","20010","","2001年度","","47,505","420,927","178,842","102,167","338,395","8,867,576"
"140","","生活関連サービス業","26","","全規模","20020","","2002年度","","17,625","440,193","147,492","59,579","396,030","8,493,035"
"140","","生活関連サービス業","26","","全規模","20030","","2003年度","","13,497","687,226","257,389","97,847","502,089","9,492,092"
"140","","生活関連サービス業","26","","全規模","20040","","2004年度","","25,044","902,749","116,366","49,299","888,175","14,434,665"
"140","","生活関連サービス業","26","","全規模","20050","","2005年度","","19,679","1,111,637","144,170","43,847","870,914","14,050,275"
"140","","生活関連サービス業","26","","全規模","20060","","2006年度","","9,437","772,081","146,588","88,336","746,036","14,090,514"
"140","","生活関連サービス業","26","","全規模","20070","","2007年度","","8,886","1,358,857","151,722","20,153","1,205,395","14,568,533"
"140","","生活関連サービス業","26","","全規模","20080","","2008年度","","80,163","1,103,253","277,546","47,530","959,567","18,162,019"
"140","","生活関連サービス業","26","","全規模","20090","","2009年度","","24,543","1,504,534","139,752","23,225","1,164,038","16,239,934"
"140","","生活関連サービス業","26","","全規模","20100","","2010年度","","35,609","993,838","126,296","25,795","985,171","14,520,566"
"140","","生活関連サービス業","26","","全規模","20110","","2011年度","","3,577","1,208,372","133,774","11,168","905,618","13,345,799"
"140","","生活関連サービス業","26","","全規模","20120","","2012年度","","6,153","1,271,627","255,436","17,072","965,402","14,781,005"
"140","","生活関連サービス業","26","","全規模","20130","","2013年度","","4,799","1,279,570","206,777","20,448","1,081,302","15,491,854"
"140","","生活関連サービス業","26","","全規模","20140","","2014年度","","10,063","1,306,305","112,012","79,028","997,591","15,656,634"
"140","","生活関連サービス業","26","","全規模","20150","","2015年度","","4,450","1,225,884","146,207","4,917","811,241","14,177,146"
"140","","生活関連サービス業","26","","全規模","20160","","2016年度","","3,793","1,278,669","165,935","11,504","723,693","15,205,623"
"140","","生活関連サービス業","26","","全規模","20170","","2017年度","","16,869","1,196,252","135,374","25,926","863,035","16,106,172"
"140","","生活関連サービス業","26","","全規模","20180","","2018年度","","26,273","1,294,488","190,715","13,725","834,900","17,389,017"
"140","","生活関連サービス業","26","","全規模","20190","","2019年度","","3,433","1,061,161","141,789","15,289","508,657","14,808,812"
"140","","生活関連サービス業","26","","全規模","20200","","2020年度","","5,346","908,829","269,260","5,833","427,046","11,882,601"
"140","","生活関連サービス業","26","","全規模","20210","","2021年度","","6,471","1,341,309","188,868","24,100","516,712","13,015,356"
"140","","生活関連サービス業","26","","全規模","20220","","2022年度","","5,952","1,733,735","198,947","32,534","666,423","17,178,035"
"140","","生活関連サービス業","26","","全規模","20230","","2023年度","","9,184","1,941,411","147,910","4,306","1,233,882","20,545,985"
"140","","生活関連サービス業","26","","全規模","20240","","2024年度","","2,098","1,595,902","204,595","2,374","923,060","19,726,173"
"141","","娯楽業","26","","全規模","20000","","2000年度","","32,502","705,668","216,397","330,382","879,576","46,425,950"
"141","","娯楽業","26","","全規模","20010","","2001年度","","458,987","580,661","421,106","351,740","997,336","27,326,752"
"141","","娯楽業","26","","全規模","20020","","2002年度","","54,804","587,417","697,501","330,174","666,306","41,535,614"
"141","","娯楽業","26","","全規模","20030","","2003年度","","16,441","570,792","301,354","349,774","613,280","39,110,120"
"141","","娯楽業","26","","全規模","20040","","2004年度","","41,649","601,712","339,690","447,621","667,375","35,152,993"
"141","","娯楽業","26","","全規模","20050","","2005年度","","16,976","641,515","340,345","628,716","638,983","78,159,642"
"141","","娯楽業","26","","全規模","20060","","2006年度","","31,613","346,467","210,978","229,483","325,473","56,532,977"
"141","","娯楽業","26","","全規模","20070","","2007年度","","4,304","329,142","165,922","905,831","379,643","42,216,945"
"141","","娯楽業","26","","全規模","20080","","2008年度","","23,109","368,270","199,319","477,706","481,718","37,942,822"
"141","","娯楽業","26","","全規模","20090","","2009年度","","18,205","335,191","195,734","251,169","365,809","31,162,886"
"141","","娯楽業","26","","全規模","20100","","2010年度","","5,444","433,547","155,432","124,798","472,765","25,130,697"
"141","","娯楽業","26","","全規模","20110","","2011年度","","2,671","296,595","133,715","128,176","375,580","27,635,843"
"141","","娯楽業","26","","全規模","20120","","2012年度","","5,749","248,620","156,640","96,092","375,003","26,639,144"
"141","","娯楽業","26","","全規模","20130","","2013年度","","1,074","309,502","253,988","184,705","398,348","21,907,667"
"141","","娯楽業","26","","全規模","20140","","2014年度","","10,412","456,548","184,988","192,469","466,733","19,787,703"
"141","","娯楽業","26","","全規模","20150","","2015年度","","29,038","475,294","220,494","166,296","394,256","21,366,178"
"141","","娯楽業","26","","全規模","20160","","2016年度","","6,587","442,081","207,050","116,757","511,477","20,610,167"
"141","","娯楽業","26","","全規模","20170","","2017年度","","12,207","688,101","231,069","91,886","471,455","21,309,449"
"141","","娯楽業","26","","全規模","20180","","2018年度","","4,077","448,772","170,133","54,593","277,394","17,107,731"
"141","","娯楽業","26","","全規模","20190","","2019年度","","30,030","426,211","145,611","72,830","281,378","14,979,567"
"141","","娯楽業","26","","全規模","20200","","2020年度","","4,598","653,329","171,127","46,162","400,940","8,805,565"
"141","","娯楽業","26","","全規模","20210","","2021年度","","3,513","390,729","106,381","25,094","286,569","9,605,298"
"141","","娯楽業","26","","全規模","20220","","2022年度","","1,265","488,606","129,935","4,573","306,938","11,424,973"
"141","","娯楽業","26","","全規模","20230","","2023年度","","3,094","539,797","159,028","14,033","493,906","13,358,102"
"141","","娯楽業","26","","全規模","20240","","2024年度","","7,808","795,099","184,800","32,713","594,470","14,637,280"
"161","","学術研究、専門・技術サービス業(集約)","26","","全規模","20090","","2009年度","","196,068","5,777,161","352,428","332,308","3,952,355","39,608,167"
"161","","学術研究、専門・技術サービス業(集約)","26","","全規模","20100","","2010年度","","264,503","5,929,162","357,132","253,973","3,202,177","40,011,960"
"161","","学術研究、専門・技術サービス業(集約)","26","","全規模","20110","","2011年度","","240,451","7,020,763","406,903","320,514","3,841,878","40,964,472"
"161","","学術研究、専門・技術サービス業(集約)","26","","全規模","20120","","2012年度","","529,536","7,222,003","350,310","326,703","4,123,787","42,436,667"
"161","","学術研究、専門・技術サービス業(集約)","26","","全規模","20130","","2013年度","","173,470","7,637,010","281,384","181,805","3,828,137","43,071,495"
"161","","学術研究、専門・技術サービス業(集約)","26","","全規模","20140","","2014年度","","205,090","6,651,759","247,296","119,660","4,038,183","45,432,322"
"161","","学術研究、専門・技術サービス業(集約)","26","","全規模","20150","","2015年度","","194,671","6,833,950","250,397","199,497","3,941,884","42,685,694"
"161","","学術研究、専門・技術サービス業(集約)","26","","全規模","20160","","2016年度","","201,714","8,758,918","305,413","230,956","6,797,315","45,015,535"
"161","","学術研究、専門・技術サービス業(集約)","26","","全規模","20170","","2017年度","","208,231","8,941,434","219,316","236,877","7,266,680","46,289,048"
"161","","学術研究、専門・技術サービス業(集約)","26","","全規模","20180","","2018年度","","274,624","6,914,685","243,532","223,276","4,233,918","49,771,214"
"161","","学術研究、専門・技術サービス業(集約)","26","","全規模","20190","","2019年度","","301,451","6,445,407","811,956","395,441","4,385,787","49,346,390"
"161","","学術研究、専門・技術サービス業(集約)","26","","全規模","20200","","2020年度","","224,445","6,882,617","564,100","315,271","4,028,124","48,200,996"
"161","","学術研究、専門・技術サービス業(集約)","26","","全規模","20210","","2021年度","","230,057","7,417,895","190,770","307,282","4,230,197","52,021,219"
"161","","学術研究、専門・技術サービス業(集約)","26","","全規模","20220","","2022年度","","190,317","7,654,581","301,936","227,766","4,424,824","56,704,088"
"161","","学術研究、専門・技術サービス業(集約)","26","","全規模","20230","","2023年度","","223,543","7,852,433","755,061","142,088","4,112,454","58,877,222"
"161","","学術研究、専門・技術サービス業(集約)","26","","全規模","20240","","2024年度","","171,261","8,132,332","888,638","166,642","3,909,110","64,061,960"
"138","","広告業","26","","全規模","20000","","2000年度","","988,534","14,388,740","499,690","1,373,936","5,601,130","80,100,886"
"138","","広告業","26","","全規模","20010","","2001年度","","743,338","13,240,023","419,906","1,052,788","4,786,545","72,773,750"
"138","","広告業","26","","全規模","20020","","2002年度","","772,136","14,989,014","575,252","656,020","5,417,833","72,234,354"
"138","","広告業","26","","全規模","20030","","2003年度","","700,469","15,219,054","385,222","864,982","6,871,058","78,213,102"
"138","","広告業","26","","全規模","20040","","2004年度","","366,758","7,554,871","259,274","480,056","3,702,759","49,079,739"
"138","","広告業","26","","全規模","20050","","2005年度","","303,134","8,578,785","223,913","420,059","4,066,155","48,062,901"
"138","","広告業","26","","全規模","20060","","2006年度","","233,383","8,066,964","265,235","294,411","3,623,032","46,651,863"
"138","","広告業","26","","全規模","20070","","2007年度","","248,183","6,652,648","120,471","363,710","3,250,354","43,879,656"
"138","","広告業","26","","全規模","20080","","2008年度","","271,807","5,620,901","187,491","325,670","2,835,931","42,804,367"
"138","","広告業","26","","全規模","20090","","2009年度","","125,165","3,360,703","115,440","139,382","2,748,884","19,087,744"
"138","","広告業","26","","全規模","20100","","2010年度","","108,084","2,679,159","45,967","184,895","2,013,650","17,398,481"
"138","","広告業","26","","全規模","20110","","2011年度","","120,090","2,452,526","32,309","265,683","1,961,867","12,763,198"
"138","","広告業","26","","全規模","20120","","2012年度","","124,688","2,696,123","99,012","186,414","2,192,709","15,257,783"
"138","","広告業","26","","全規模","20130","","2013年度","","68,378","2,538,008","25,749","109,779","2,014,592","14,826,081"
"138","","広告業","26","","全規模","20140","","2014年度","","90,613","2,622,947","27,251","75,625","2,137,468","14,070,774"
"138","","広告業","26","","全規模","20150","","2015年度","","107,219","2,983,206","32,030","120,398","1,943,605","13,347,318"
"138","","広告業","26","","全規模","20160","","2016年度","","90,543","2,901,201","44,785","116,500","1,854,614","14,623,176"
"138","","広告業","26","","全規模","20170","","2017年度","","84,437","2,327,564","13,395","126,124","1,962,041","13,574,771"
"138","","広告業","26","","全規模","20180","","2018年度","","98,737","2,490,687","27,579","143,960","1,979,688","14,408,700"
"138","","広告業","26","","全規模","20190","","2019年度","","102,149","2,238,587","15,341","272,802","1,777,512","14,360,137"
"138","","広告業","26","","全規模","20200","","2020年度","","94,739","2,365,143","20,931","202,727","1,922,162","12,931,340"
"138","","広告業","26","","全規模","20210","","2021年度","","119,756","2,887,243","25,940","184,373","2,182,290","15,027,134"
"138","","広告業","26","","全規模","20220","","2022年度","","108,487","2,323,692","22,413","120,224","1,800,071","13,017,866"
"138","","広告業","26","","全規模","20230","","2023年度","","75,776","2,274,955","48,518","86,406","1,721,654","12,555,066"
"138","","広告業","26","","全規模","20240","","2024年度","","63,960","2,435,871","99,430","73,962","1,685,178","12,219,039"
"158","","純粋持株会社","26","","全規模","20090","","2009年度","","728","151,567","9,076","4,735","120,366","1,652,502"
"158","","純粋持株会社","26","","全規模","20100","","2010年度","","412","180,888","13,466","4,905","158,023","2,396,163"
"158","","純粋持株会社","26","","全規模","20110","","2011年度","","9,790","309,634","27,568","5,568","326,797","3,018,694"
"158","","純粋持株会社","26","","全規模","20120","","2012年度","","9,304","339,617","32,116","4,812","239,641","3,711,155"
"158","","純粋持株会社","26","","全規模","20130","","2013年度","","9,936","433,934","32,066","5,521","329,689","4,731,308"
"158","","純粋持株会社","26","","全規模","20140","","2014年度","","6,876","473,553","28,450","8,912","355,268","6,495,963"
"158","","純粋持株会社","26","","全規模","20150","","2015年度","","17,345","422,388","56,516","39,321","281,141","6,503,467"
"158","","純粋持株会社","26","","全規模","20160","","2016年度","","21,074","471,972","106,496","21,909","323,034","7,524,992"
"158","","純粋持株会社","26","","全規模","20170","","2017年度","","20,724","563,842","92,685","29,872","325,705","8,236,026"
"158","","純粋持株会社","26","","全規模","20180","","2018年度","","13,317","441,848","70,911","15,732","322,693","10,414,533"
"158","","純粋持株会社","26","","全規模","20190","","2019年度","","42,995","774,573","50,378","17,730","677,497","10,384,247"
"158","","純粋持株会社","26","","全規模","20200","","2020年度","","27,852","635,168","55,571","16,101","390,405","10,105,873"
"158","","純粋持株会社","26","","全規模","20210","","2021年度","","16,674","500,940","36,310","24,795","443,330","10,524,226"
"158","","純粋持株会社","26","","全規模","20220","","2022年度","","2,866","594,266","33,306","13,468","615,747","12,643,008"
"158","","純粋持株会社","26","","全規模","20230","","2023年度","","18,747","840,688","98,542","12,238","575,170","13,161,617"
"158","","純粋持株会社","26","","全規模","20240","","2024年度","","18,777","930,385","198,139","7,350","549,842","17,491,794"
"159","","その他の学術研究、専門・技術サービス業","26","","全規模","20090","","2009年度","","70,175","2,264,891","227,912","188,191","1,083,105","18,867,921"
"159","","その他の学術研究、専門・技術サービス業","26","","全規模","20100","","2010年度","","156,007","3,069,115","297,699","64,173","1,030,504","20,217,316"
"159","","その他の学術研究、専門・技術サービス業","26","","全規模","20110","","2011年度","","110,571","4,258,603","347,026","49,263","1,553,214","25,182,580"
"159","","その他の学術研究、専門・技術サービス業","26","","全規模","20120","","2012年度","","395,544","4,186,263","219,182","135,477","1,691,437","23,467,729"
"159","","その他の学術研究、専門・技術サービス業","26","","全規模","20130","","2013年度","","95,156","4,665,068","223,569","66,505","1,483,856","23,514,106"
"159","","その他の学術研究、専門・技術サービス業","26","","全規模","20140","","2014年度","","107,601","3,555,259","191,595","35,123","1,545,447","24,865,585"
"159","","その他の学術研究、専門・技術サービス業","26","","全規模","20150","","2015年度","","70,107","3,428,356","161,851","39,778","1,717,138","22,834,909"
"159","","その他の学術研究、専門・技術サービス業","26","","全規模","20160","","2016年度","","90,097","5,385,745","154,132","92,547","4,619,667","22,867,367"
"159","","その他の学術研究、専門・技術サービス業","26","","全規模","20170","","2017年度","","103,070","6,050,028","113,236","80,881","4,978,934","24,478,251"
"159","","その他の学術研究、専門・技術サービス業","26","","全規模","20180","","2018年度","","162,570","3,982,150","145,042","63,584","1,931,537","24,947,981"
"159","","その他の学術研究、専門・技術サービス業","26","","全規模","20190","","2019年度","","156,307","3,432,247","746,237","104,909","1,930,778","24,602,006"
"159","","その他の学術研究、専門・技術サービス業","26","","全規模","20200","","2020年度","","101,854","3,882,306","487,598","96,443","1,715,557","25,163,783"
"159","","その他の学術研究、専門・技術サービス業","26","","全規模","20210","","2021年度","","93,627","4,029,712","128,520","98,114","1,604,577","26,469,859"
"159","","その他の学術研究、専門・技術サービス業","26","","全規模","20220","","2022年度","","78,964","4,736,623","246,217","94,074","2,009,006","31,043,214"
"159","","その他の学術研究、専門・技術サービス業","26","","全規模","20230","","2023年度","","129,020","4,736,790","608,001","43,444","1,815,630","33,160,539"
"159","","その他の学術研究、専門・技術サービス業","26","","全規模","20240","","2024年度","","88,524","4,766,076","591,069","85,330","1,674,090","34,351,127"
"153","","教育、学習支援業","26","","全規模","20040","","2004年度","","1,097","145,111","45,406","6,791","72,013","2,813,655"
"153","","教育、学習支援業","26","","全規模","20050","","2005年度","","213","118,381","31,673","630","90,091","3,296,711"
"153","","教育、学習支援業","26","","全規模","20060","","2006年度","","76","121,109","30,969","6,008","68,536","2,847,344"
"153","","教育、学習支援業","26","","全規模","20070","","2007年度","","1,142","109,773","33,990","2,812","69,114","2,978,094"
"153","","教育、学習支援業","26","","全規模","20080","","2008年度","","254","125,339","77,434","2,177","59,890","3,499,393"
"153","","教育、学習支援業","26","","全規模","20090","","2009年度","","166","96,252","37,978","2,652","37,505","2,288,739"
"153","","教育、学習支援業","26","","全規模","20100","","2010年度","","159","76,730","39,526","3,480","44,431","2,588,667"
"153","","教育、学習支援業","26","","全規模","20110","","2011年度","","752","129,646","57,654","2,924","73,344","3,012,673"
"153","","教育、学習支援業","26","","全規模","20120","","2012年度","","141","288,396","104,566","2,939","119,361","3,200,047"
"153","","教育、学習支援業","26","","全規模","20130","","2013年度","","488","229,278","103,708","3,368","90,134","2,900,809"
"153","","教育、学習支援業","26","","全規模","20140","","2014年度","","172","86,468","74,362","1,739","100,724","3,262,949"
"153","","教育、学習支援業","26","","全規模","20150","","2015年度","","861","128,581","51,345","1,982","62,425","3,182,268"
"153","","教育、学習支援業","26","","全規模","20160","","2016年度","","3,719","220,751","101,560","5,562","101,276","4,295,072"
"153","","教育、学習支援業","26","","全規模","20170","","2017年度","","3,237","153,145","84,427","1,693","135,288","3,662,372"
"153","","教育、学習支援業","26","","全規模","20180","","2018年度","","23","158,766","41,865","1,859","41,598","2,560,551"
"153","","教育、学習支援業","26","","全規模","20190","","2019年度","","5","148,071","41,428","2,180","51,740","3,127,223"
"153","","教育、学習支援業","26","","全規模","20200","","2020年度","","19","102,876","44,030","1,595","38,359","2,734,460"
"153","","教育、学習支援業","26","","全規模","20210","","2021年度","","6","126,902","52,697","1,639","60,104","3,207,271"
"153","","教育、学習支援業","26","","全規模","20220","","2022年度","","24","103,980","55,696","1,574","51,070","2,744,436"
"153","","教育、学習支援業","26","","全規模","20230","","2023年度","","548","149,118","67,463","1,798","79,494","3,602,596"
"153","","教育、学習支援業","26","","全規模","20240","","2024年度","","509","160,022","23,809","2,979","65,423","3,652,792"
"152","","医療、福祉業","26","","全規模","20040","","2004年度","","43,836","489,804","30,540","47,535","174,635","3,215,655"
"152","","医療、福祉業","26","","全規模","20050","","2005年度","","15,037","518,910","44,582","14,787","215,340","3,399,483"
"152","","医療、福祉業","26","","全規模","20060","","2006年度","","12,611","382,699","54,031","30,232","197,967","3,089,846"
"152","","医療、福祉業","26","","全規模","20070","","2007年度","","5,493","475,106","77,988","5,316","215,488","3,980,621"
"152","","医療、福祉業","26","","全規模","20080","","2008年度","","2,395","428,068","19,651","5,542","110,437","2,719,851"
"152","","医療、福祉業","26","","全規模","20090","","2009年度","","13,136","551,027","38,928","3,574","189,644","4,240,019"
"152","","医療、福祉業","26","","全規模","20100","","2010年度","","5,455","546,514","18,515","3,669","150,602","4,383,667"
"152","","医療、福祉業","26","","全規模","20110","","2011年度","","1,909","675,749","23,000","21,950","196,132","5,068,351"
"152","","医療、福祉業","26","","全規模","20120","","2012年度","","3,760","718,756","43,923","1,406","296,303","5,274,616"
"152","","医療、福祉業","26","","全規模","20130","","2013年度","","4,003","817,401","86,174","2,007","414,966","6,441,135"
"152","","医療、福祉業","26","","全規模","20140","","2014年度","","3,128","864,127","45,316","1,677","238,128","7,597,438"
"152","","医療、福祉業","26","","全規模","20150","","2015年度","","9,742","964,919","34,991","11,745","351,319","6,064,393"
"152","","医療、福祉業","26","","全規模","20160","","2016年度","","10,570","1,052,985","39,330","9,471","267,053","6,624,715"
"152","","医療、福祉業","26","","全規模","20170","","2017年度","","10,678","1,062,142","35,236","6,445","228,744","7,710,390"
"152","","医療、福祉業","26","","全規模","20180","","2018年度","","6,498","1,036,061","112,872","56,265","473,052","8,448,140"
"152","","医療、福祉業","26","","全規模","20190","","2019年度","","3,837","1,163,094","102,520","63,529","545,788","8,644,360"
"152","","医療、福祉業","26","","全規模","20200","","2020年度","","16,794","991,192","111,845","554","348,814","8,155,157"
"152","","医療、福祉業","26","","全規模","20210","","2021年度","","24,462","1,112,331","96,406","633","381,803","9,664,137"
"152","","医療、福祉業","26","","全規模","20220","","2022年度","","3,688","1,293,581","72,216","10,882","265,362","10,376,922"
"152","","医療、福祉業","26","","全規模","20230","","2023年度","","5,487","1,605,093","73,019","15,257","362,328","12,423,518"
"152","","医療、福祉業","26","","全規模","20240","","2024年度","","57,407","1,692,653","565,559","72,630","967,013","13,172,037"
"160","","職業紹介・労働者派遣業","26","","全規模","20090","","2009年度","","197,884","522,740","2,730","0","63,850","5,772,073"
"160","","職業紹介・労働者派遣業","26","","全規模","20100","","2010年度","","158,391","673,042","16,757","1,031","143,630","6,499,059"
"160","","職業紹介・労働者派遣業","26","","全規模","20110","","2011年度","","20,317","748,830","12,351","316","140,737","7,108,663"
"160","","職業紹介・労働者派遣業","26","","全規模","20120","","2012年度","","10,509","997,965","2,695","136","180,821","5,815,750"
"160","","職業紹介・労働者派遣業","26","","全規模","20130","","2013年度","","5,370","692,124","1,570","396","243,242","6,479,837"
"160","","職業紹介・労働者派遣業","26","","全規模","20140","","2014年度","","4,956","808,308","19,251","2,673","209,982","6,815,791"
"160","","職業紹介・労働者派遣業","26","","全規模","20150","","2015年度","","3,128","903,399","1,642","0","167,134","7,759,043"
"160","","職業紹介・労働者派遣業","26","","全規模","20160","","2016年度","","2,983","1,074,336","1,761","0","216,565","9,004,630"
"160","","職業紹介・労働者派遣業","26","","全規模","20170","","2017年度","","31,739","1,105,884","29,227","2,076","225,745","9,312,179"
"160","","職業紹介・労働者派遣業","26","","全規模","20180","","2018年度","","21,911","1,041,327","20,351","0","163,573","9,546,711"
"160","","職業紹介・労働者派遣業","26","","全規模","20190","","2019年度","","11,029","957,841","2,397","0","142,665","9,090,441"
"160","","職業紹介・労働者派遣業","26","","全規模","20200","","2020年度","","7,597","796,248","2,982","1,058","179,309","7,653,661"
"160","","職業紹介・労働者派遣業","26","","全規模","20210","","2021年度","","5,501","1,264,410","15,631","2,278","285,408","9,981,025"
"160","","職業紹介・労働者派遣業","26","","全規模","20220","","2022年度","","5,263","1,177,151","1,524","17","265,772","9,626,134"
"160","","職業紹介・労働者派遣業","26","","全規模","20230","","2023年度","","5,944","1,269,253","4,934","620","303,438","11,119,011"
"160","","職業紹介・労働者派遣業","26","","全規模","20240","","2024年度","","975","1,297,848","7,602","164","307,156","11,124,352"
"143","","その他のサービス業","26","","全規模","20000","","2000年度","","457,144","4,508,658","445,886","693,443","1,945,469","34,186,794"
"143","","その他のサービス業","26","","全規模","20010","","2001年度","","604,182","4,338,875","446,216","722,723","2,015,694","36,898,613"
"143","","その他のサービス業","26","","全規模","20020","","2002年度","","369,364","3,314,316","435,512","511,286","1,851,281","28,614,339"
"143","","その他のサービス業","26","","全規模","20030","","2003年度","","392,667","4,723,738","562,007","1,064,981","2,380,796","36,706,413"
"143","","その他のサービス業","26","","全規模","20040","","2004年度","","436,412","4,675,537","675,181","552,874","2,615,140","34,501,947"
"143","","その他のサービス業","26","","全規模","20050","","2005年度","","440,670","5,742,883","526,813","733,503","2,833,002","43,728,340"
"143","","その他のサービス業","26","","全規模","20060","","2006年度","","324,316","5,730,133","828,086","444,900","2,889,860","45,782,026"
"143","","その他のサービス業","26","","全規模","20070","","2007年度","","375,892","5,946,078","464,664","428,869","2,434,191","42,538,857"
"143","","その他のサービス業","26","","全規模","20080","","2008年度","","307,323","5,418,544","396,500","472,236","2,332,160","42,373,306"
"143","","その他のサービス業","26","","全規模","20090","","2009年度","","295,601","4,472,170","481,746","206,811","2,089,587","37,322,768"
"143","","その他のサービス業","26","","全規模","20100","","2010年度","","337,998","5,057,683","444,548","350,098","2,045,709","40,019,108"
"143","","その他のサービス業","26","","全規模","20110","","2011年度","","210,368","4,994,172","356,755","201,296","2,173,818","39,120,558"
"143","","その他のサービス業","26","","全規模","20120","","2012年度","","254,243","4,601,889","450,242","206,492","2,263,069","38,530,300"
"143","","その他のサービス業","26","","全規模","20130","","2013年度","","332,809","4,996,678","593,955","259,815","2,580,493","38,768,328"
"143","","その他のサービス業","26","","全規模","20140","","2014年度","","321,365","4,924,240","335,832","276,418","2,326,378","38,701,674"
"143","","その他のサービス業","26","","全規模","20150","","2015年度","","210,622","4,715,940","381,823","256,436","2,409,461","36,388,106"
"143","","その他のサービス業","26","","全規模","20160","","2016年度","","263,334","4,805,472","364,433","229,647","2,135,120","41,092,280"
"143","","その他のサービス業","26","","全規模","20170","","2017年度","","270,287","5,359,471","506,088","264,687","2,121,268","42,658,475"
"143","","その他のサービス業","26","","全規模","20180","","2018年度","","309,024","5,366,640","515,886","196,480","2,237,824","42,851,729"
"143","","その他のサービス業","26","","全規模","20190","","2019年度","","298,249","5,014,902","772,723","254,162","2,445,989","41,719,618"
"143","","その他のサービス業","26","","全規模","20200","","2020年度","","260,539","4,831,423","491,189","208,819","2,479,560","39,342,647"
"143","","その他のサービス業","26","","全規模","20210","","2021年度","","304,315","5,032,838","390,988","226,090","2,140,971","38,800,877"
"143","","その他のサービス業","26","","全規模","20220","","2022年度","","271,361","6,004,914","690,856","366,160","3,047,298","41,873,870"
"143","","その他のサービス業","26","","全規模","20230","","2023年度","","711,584","6,385,988","831,422","339,131","3,718,106","43,573,756"
"143","","その他のサービス業","26","","全規模","20240","","2024年度","","286,947","6,620,261","1,078,223","344,338","2,998,511","49,286,662"
