"統計名：","法人企業統計調査 時系列データ"
"表番号：","1"
"表題：","[時系列データ] 金融業、保険業以外の業種(原数値)"
"実施年月：","2024年度","-"

"*","計算結果が値を持たない項目"
"***","数字が得られないもの"

"","","","","","","","","","/調査項目 (金融業、保険業以外の業種) コード","045","046","047","048"
"","","","","","","","","","/調査項目 (金融業、保険業以外の業種) 補助コード","-","-","-","-"
"業種 (金融業、保険業以外の業種) コード","業種 (金融業、保険業以外の業種) 補助コード","業種 (金融業、保険業以外の業種)","規模 (金融業、保険業以外の業種) コード","規模 (金融業、保険業以外の業種) 補助コード","規模 (金融業、保険業以外の業種)","年  期 コード","年  期 補助コード","年  期","/調査項目 (金融業、保険業以外の業種)","売上高(当期末)【百万円】","売上原価(当期末)【百万円】","販売費及び一般管理費(当期末)【百万円】","営業利益(当期末)【百万円】"
"104","","全産業（除く金融保険業）","26","","全規模","20150","","2015年度","","1,431,534,143","1,074,639,887","300,400,501","56,493,755"
"104","","全産業（除く金融保険業）","26","","全規模","20160","","2016年度","","1,455,756,301","1,086,792,811","310,235,157","58,728,333"
"104","","全産業（除く金融保険業）","26","","全規模","20170","","2017年度","","1,544,142,808","1,157,919,796","318,778,980","67,444,032"
"104","","全産業（除く金融保険業）","26","","全規模","20180","","2018年度","","1,535,211,424","1,153,726,994","313,754,914","67,729,516"
"104","","全産業（除く金融保険業）","26","","全規模","20190","","2019年度","","1,481,898,587","1,111,391,760","315,344,185","55,162,642"
"104","","全産業（除く金融保険業）","26","","全規模","20200","","2020年度","","1,362,469,609","1,016,235,677","304,601,911","41,632,021"
"104","","全産業（除く金融保険業）","26","","全規模","20210","","2021年度","","1,447,887,788","1,072,206,795","321,465,410","54,215,583"
"104","","全産業（除く金融保険業）","26","","全規模","20220","","2022年度","","1,578,439,646","1,173,171,525","342,003,143","63,264,978"
"104","","全産業（除く金融保険業）","26","","全規模","20230","","2023年度","","1,633,331,387","1,201,523,906","356,222,036","75,585,445"
"104","","全産業（除く金融保険業）","26","","全規模","20240","","2024年度","","1,692,401,786","1,234,438,303","373,160,564","84,802,919"
"104","","全産業（除く金融保険業）","25","","10億円以上","20150","","2015年度","","547,178,363","425,420,420","89,652,830","32,105,113"
"104","","全産業（除く金融保険業）","25","","10億円以上","20160","","2016年度","","537,203,021","417,283,816","88,789,547","31,129,658"
"104","","全産業（除く金融保険業）","25","","10億円以上","20170","","2017年度","","568,667,315","441,265,654","91,396,845","36,004,816"
"104","","全産業（除く金融保険業）","25","","10億円以上","20180","","2018年度","","589,823,356","463,831,224","88,465,427","37,526,705"
"104","","全産業（除く金融保険業）","25","","10億円以上","20190","","2019年度","","564,219,254","441,697,569","91,671,364","30,850,321"
"104","","全産業（除く金融保険業）","25","","10億円以上","20200","","2020年度","","512,262,125","400,135,941","86,344,271","25,781,913"
"104","","全産業（除く金融保険業）","25","","10億円以上","20210","","2021年度","","543,614,687","420,672,595","88,148,903","34,793,189"
"104","","全産業（除く金融保険業）","25","","10億円以上","20220","","2022年度","","599,877,130","472,592,035","89,604,044","37,681,051"
"104","","全産業（除く金融保険業）","25","","10億円以上","20230","","2023年度","","600,357,719","464,204,055","92,687,515","43,466,149"
"104","","全産業（除く金融保険業）","25","","10億円以上","20240","","2024年度","","620,754,172","474,321,895","97,936,898","48,495,379"
"104","","全産業（除く金融保険業）","24","","1億円以上 - 10億円未満","20150","","2015年度","","255,016,551","204,481,761","41,298,173","9,236,617"
"104","","全産業（除く金融保険業）","24","","1億円以上 - 10億円未満","20160","","2016年度","","268,962,589","215,345,117","43,292,747","10,324,725"
"104","","全産業（除く金融保険業）","24","","1億円以上 - 10億円未満","20170","","2017年度","","287,092,424","230,330,324","45,266,440","11,495,660"
"104","","全産業（除く金融保険業）","24","","1億円以上 - 10億円未満","20180","","2018年度","","298,015,127","240,591,977","45,252,060","12,171,090"
"104","","全産業（除く金融保険業）","24","","1億円以上 - 10億円未満","20190","","2019年度","","290,423,769","234,958,314","45,216,687","10,248,768"
"104","","全産業（除く金融保険業）","24","","1億円以上 - 10億円未満","20200","","2020年度","","264,985,308","211,442,254","44,683,724","8,859,330"
"104","","全産業（除く金融保険業）","24","","1億円以上 - 10億円未満","20210","","2021年度","","282,576,344","222,186,455","48,465,518","11,924,371"
"104","","全産業（除く金融保険業）","24","","1億円以上 - 10億円未満","20220","","2022年度","","300,081,626","237,167,548","49,943,540","12,970,538"
"104","","全産業（除く金融保険業）","24","","1億円以上 - 10億円未満","20230","","2023年度","","329,957,721","258,398,300","56,016,307","15,543,114"
"104","","全産業（除く金融保険業）","24","","1億円以上 - 10億円未満","20240","","2024年度","","346,681,860","271,972,882","58,219,091","16,489,887"
"104","","全産業（除く金融保険業）","21","","5千万円以上 - 1億円未満","20150","","2015年度","","165,408,919","129,506,313","30,479,199","5,423,407"
"104","","全産業（除く金融保険業）","21","","5千万円以上 - 1億円未満","20160","","2016年度","","170,399,059","133,110,030","31,723,321","5,565,708"
"104","","全産業（除く金融保険業）","21","","5千万円以上 - 1億円未満","20170","","2017年度","","169,100,763","131,021,725","32,236,784","5,842,254"
"104","","全産業（除く金融保険業）","21","","5千万円以上 - 1億円未満","20180","","2018年度","","166,872,543","130,225,771","31,063,029","5,583,743"
"104","","全産業（除く金融保険業）","21","","5千万円以上 - 1億円未満","20190","","2019年度","","170,469,360","131,637,875","34,037,865","4,793,620"
"104","","全産業（除く金融保険業）","21","","5千万円以上 - 1億円未満","20200","","2020年度","","161,561,143","123,860,257","34,878,417","2,822,469"
"104","","全産業（除く金融保険業）","21","","5千万円以上 - 1億円未満","20210","","2021年度","","158,567,373","121,506,401","33,930,385","3,130,587"
"104","","全産業（除く金融保険業）","21","","5千万円以上 - 1億円未満","20220","","2022年度","","181,812,470","139,240,577","37,665,343","4,906,550"
"104","","全産業（除く金融保険業）","21","","5千万円以上 - 1億円未満","20230","","2023年度","","198,464,049","152,249,035","39,932,821","6,282,193"
"104","","全産業（除く金融保険業）","21","","5千万円以上 - 1億円未満","20240","","2024年度","","203,275,764","150,671,824","44,680,587","7,923,353"
"104","","全産業（除く金融保険業）","19","","1千万円以上 - 1億円未満","20150","","2015年度","","509,065,011","377,004,932","118,421,894","13,638,185"
"104","","全産業（除く金融保険業）","19","","1千万円以上 - 1億円未満","20160","","2016年度","","528,037,507","387,187,886","124,926,120","15,923,501"
"104","","全産業（除く金融保険業）","19","","1千万円以上 - 1億円未満","20170","","2017年度","","549,290,873","406,117,282","125,750,247","17,423,344"
"104","","全産業（除く金融保険業）","19","","1千万円以上 - 1億円未満","20180","","2018年度","","513,687,892","375,096,817","123,375,312","15,215,763"
"104","","全産業（除く金融保険業）","19","","1千万円以上 - 1億円未満","20190","","2019年度","","499,223,662","365,308,513","121,753,798","12,161,351"
"104","","全産業（除く金融保険業）","19","","1千万円以上 - 1億円未満","20200","","2020年度","","463,999,221","338,457,483","117,921,927","7,619,811"
"104","","全産業（除く金融保険業）","19","","1千万円以上 - 1億円未満","20210","","2021年度","","495,986,927","359,939,893","126,033,673","10,013,361"
"104","","全産業（除く金融保険業）","19","","1千万円以上 - 1億円未満","20220","","2022年度","","533,002,148","384,377,539","135,919,819","12,704,790"
"104","","全産業（除く金融保険業）","19","","1千万円以上 - 1億円未満","20230","","2023年度","","540,398,212","391,863,759","135,100,877","13,433,576"
"104","","全産業（除く金融保険業）","19","","1千万円以上 - 1億円未満","20240","","2024年度","","555,358,340","397,054,741","141,040,183","17,263,416"
"104","","全産業（除く金融保険業）","18","","1千万円以上 - 5千万円未満","20150","","2015年度","","343,656,092","247,498,619","87,942,695","8,214,778"
"104","","全産業（除く金融保険業）","18","","1千万円以上 - 5千万円未満","20160","","2016年度","","357,638,448","254,077,856","93,202,799","10,357,793"
"104","","全産業（除く金融保険業）","18","","1千万円以上 - 5千万円未満","20170","","2017年度","","380,190,110","275,095,557","93,513,463","11,581,090"
"104","","全産業（除く金融保険業）","18","","1千万円以上 - 5千万円未満","20180","","2018年度","","346,815,349","244,871,046","92,312,283","9,632,020"
"104","","全産業（除く金融保険業）","18","","1千万円以上 - 5千万円未満","20190","","2019年度","","328,754,302","233,670,638","87,715,933","7,367,731"
"104","","全産業（除く金融保険業）","18","","1千万円以上 - 5千万円未満","20200","","2020年度","","302,438,078","214,597,226","83,043,510","4,797,342"
"104","","全産業（除く金融保険業）","18","","1千万円以上 - 5千万円未満","20210","","2021年度","","337,419,554","238,433,492","92,103,288","6,882,774"
"104","","全産業（除く金融保険業）","18","","1千万円以上 - 5千万円未満","20220","","2022年度","","351,189,678","245,136,962","98,254,476","7,798,240"
"104","","全産業（除く金融保険業）","18","","1千万円以上 - 5千万円未満","20230","","2023年度","","341,934,163","239,614,724","95,168,056","7,151,383"
"104","","全産業（除く金融保険業）","18","","1千万円以上 - 5千万円未満","20240","","2024年度","","352,082,576","246,382,917","96,359,596","9,340,063"
"104","","全産業（除く金融保険業）","16","","1千万円未満","20150","","2015年度","","120,274,218","67,732,774","51,027,604","1,513,840"
"104","","全産業（除く金融保険業）","16","","1千万円未満","20160","","2016年度","","121,553,184","66,975,992","53,226,743","1,350,449"
"104","","全産業（除く金融保険業）","16","","1千万円未満","20170","","2017年度","","139,092,196","80,206,536","56,365,448","2,520,212"
"104","","全産業（除く金融保険業）","16","","1千万円未満","20180","","2018年度","","133,685,049","74,206,976","56,662,115","2,815,958"
"104","","全産業（除く金融保険業）","16","","1千万円未満","20190","","2019年度","","128,031,902","69,427,364","56,702,336","1,902,202"
"104","","全産業（除く金融保険業）","16","","1千万円未満","20200","","2020年度","","121,222,955","66,199,999","55,651,989","-629,033"
"104","","全産業（除く金融保険業）","16","","1千万円未満","20210","","2021年度","","125,709,830","69,407,852","58,817,316","-2,515,338"
"104","","全産業（除く金融保険業）","16","","1千万円未満","20220","","2022年度","","145,478,742","79,034,403","66,535,740","-91,401"
"104","","全産業（除く金融保険業）","16","","1千万円未満","20230","","2023年度","","162,617,735","87,057,792","72,417,337","3,142,606"
"104","","全産業（除く金融保険業）","16","","1千万円未満","20240","","2024年度","","169,607,414","91,088,785","75,964,392","2,554,237"
"104","","全産業（除く金融保険業）","23","","1億円以上","20150","","2015年度","","802,194,914","629,902,181","130,951,003","41,341,730"
"104","","全産業（除く金融保険業）","23","","1億円以上","20160","","2016年度","","806,165,610","632,628,933","132,082,294","41,454,383"
"104","","全産業（除く金融保険業）","23","","1億円以上","20170","","2017年度","","855,759,739","671,595,978","136,663,285","47,500,476"
"104","","全産業（除く金融保険業）","23","","1億円以上","20180","","2018年度","","887,838,483","704,423,201","133,717,487","49,697,795"
"104","","全産業（除く金融保険業）","23","","1億円以上","20190","","2019年度","","854,643,023","676,655,883","136,888,051","41,099,089"
"104","","全産業（除く金融保険業）","23","","1億円以上","20200","","2020年度","","777,247,433","611,578,195","131,027,995","34,641,243"
"104","","全産業（除く金融保険業）","23","","1億円以上","20210","","2021年度","","826,191,031","642,859,050","136,614,421","46,717,560"
"104","","全産業（除く金融保険業）","23","","1億円以上","20220","","2022年度","","899,958,756","709,759,583","139,547,584","50,651,589"
"104","","全産業（除く金融保険業）","23","","1億円以上","20230","","2023年度","","930,315,440","722,602,355","148,703,822","59,009,263"
"104","","全産業（除く金融保険業）","23","","1億円以上","20240","","2024年度","","967,436,032","746,294,777","156,155,989","64,985,266"
"104","","全産業（除く金融保険業）","22","","1億円未満","20150","","2015年度","","629,339,229","444,737,706","169,449,498","15,152,025"
"104","","全産業（除く金融保険業）","22","","1億円未満","20160","","2016年度","","649,590,691","454,163,878","178,152,863","17,273,950"
"104","","全産業（除く金融保険業）","22","","1億円未満","20170","","2017年度","","688,383,069","486,323,818","182,115,695","19,943,556"
"104","","全産業（除く金融保険業）","22","","1億円未満","20180","","2018年度","","647,372,941","449,303,793","180,037,427","18,031,721"
"104","","全産業（除く金融保険業）","22","","1億円未満","20190","","2019年度","","627,255,564","434,735,877","178,456,134","14,063,553"
"104","","全産業（除く金融保険業）","22","","1億円未満","20200","","2020年度","","585,222,176","404,657,482","173,573,916","6,990,778"
"104","","全産業（除く金融保険業）","22","","1億円未満","20210","","2021年度","","621,696,757","429,347,745","184,850,989","7,498,023"
"104","","全産業（除く金融保険業）","22","","1億円未満","20220","","2022年度","","678,480,890","463,411,942","202,455,559","12,613,389"
"104","","全産業（除く金融保険業）","22","","1億円未満","20230","","2023年度","","703,015,947","478,921,551","207,518,214","16,576,182"
"104","","全産業（除く金融保険業）","22","","1億円未満","20240","","2024年度","","724,965,754","488,143,526","217,004,575","19,817,653"
"104","","全産業（除く金融保険業）","20","","2千万円以上 - 5千万円未満","20150","","2015年度","","161,192,021","124,051,398","32,606,605","4,534,018"
"104","","全産業（除く金融保険業）","20","","2千万円以上 - 5千万円未満","20160","","2016年度","","154,319,750","117,184,061","32,107,513","5,028,176"
"104","","全産業（除く金融保険業）","20","","2千万円以上 - 5千万円未満","20170","","2017年度","","171,153,637","129,318,854","36,185,074","5,649,709"
"104","","全産業（除く金融保険業）","20","","2千万円以上 - 5千万円未満","20180","","2018年度","","174,184,968","130,619,102","37,793,207","5,772,659"
"104","","全産業（除く金融保険業）","20","","2千万円以上 - 5千万円未満","20190","","2019年度","","163,140,255","122,055,541","36,814,298","4,270,416"
"104","","全産業（除く金融保険業）","20","","2千万円以上 - 5千万円未満","20200","","2020年度","","154,498,995","115,702,983","35,435,417","3,360,595"
"104","","全産業（除く金融保険業）","20","","2千万円以上 - 5千万円未満","20210","","2021年度","","165,487,124","123,683,063","36,848,680","4,955,381"
"104","","全産業（除く金融保険業）","20","","2千万円以上 - 5千万円未満","20220","","2022年度","","174,368,031","129,929,481","39,432,845","5,005,705"
"104","","全産業（除く金融保険業）","20","","2千万円以上 - 5千万円未満","20230","","2023年度","","176,630,269","133,369,021","37,928,127","5,333,121"
"104","","全産業（除く金融保険業）","20","","2千万円以上 - 5千万円未満","20240","","2024年度","","170,964,102","126,567,066","38,334,763","6,062,273"
"104","","全産業（除く金融保険業）","17","","1千万円以上 - 2千万円未満","20150","","2015年度","","182,464,071","123,447,221","55,336,090","3,680,760"
"104","","全産業（除く金融保険業）","17","","1千万円以上 - 2千万円未満","20160","","2016年度","","203,318,698","136,893,795","61,095,286","5,329,617"
"104","","全産業（除く金融保険業）","17","","1千万円以上 - 2千万円未満","20170","","2017年度","","209,036,473","145,776,703","57,328,389","5,931,381"
"104","","全産業（除く金融保険業）","17","","1千万円以上 - 2千万円未満","20180","","2018年度","","172,630,381","114,251,944","54,519,076","3,859,361"
"104","","全産業（除く金融保険業）","17","","1千万円以上 - 2千万円未満","20190","","2019年度","","165,614,047","111,615,097","50,901,635","3,097,315"
"104","","全産業（除く金融保険業）","17","","1千万円以上 - 2千万円未満","20200","","2020年度","","147,939,083","98,894,243","47,608,093","1,436,747"
"104","","全産業（除く金融保険業）","17","","1千万円以上 - 2千万円未満","20210","","2021年度","","171,932,430","114,750,429","55,254,608","1,927,393"
"104","","全産業（除く金融保険業）","17","","1千万円以上 - 2千万円未満","20220","","2022年度","","176,821,647","115,207,481","58,821,631","2,792,535"
"104","","全産業（除く金融保険業）","17","","1千万円以上 - 2千万円未満","20230","","2023年度","","165,303,894","106,245,703","57,239,929","1,818,262"
"104","","全産業（除く金融保険業）","17","","1千万円以上 - 2千万円未満","20240","","2024年度","","181,118,474","119,815,851","58,024,833","3,277,790"
"108","","製造業","26","","全規模","20150","","2015年度","","397,842,127","314,529,086","66,273,469","17,039,572"
"108","","製造業","26","","全規模","20160","","2016年度","","395,561,444","311,459,164","66,870,386","17,231,894"
"108","","製造業","26","","全規模","20170","","2017年度","","406,259,788","316,642,695","69,080,454","20,536,639"
"108","","製造業","26","","全規模","20180","","2018年度","","414,269,775","326,483,459","68,634,663","19,151,653"
"108","","製造業","26","","全規模","20190","","2019年度","","398,499,697","316,040,008","68,454,999","14,004,690"
"108","","製造業","26","","全規模","20200","","2020年度","","365,094,778","289,052,694","64,630,525","11,411,559"
"108","","製造業","26","","全規模","20210","","2021年度","","401,773,979","315,091,192","65,938,787","20,744,000"
"108","","製造業","26","","全規模","20220","","2022年度","","436,341,951","347,355,933","69,411,650","19,574,368"
"108","","製造業","26","","全規模","20230","","2023年度","","447,532,360","352,807,612","72,108,243","22,616,505"
"108","","製造業","26","","全規模","20240","","2024年度","","467,795,156","365,395,046","77,186,073","25,214,037"
"108","","製造業","25","","10億円以上","20150","","2015年度","","228,976,147","180,744,632","36,871,922","11,359,593"
"108","","製造業","25","","10億円以上","20160","","2016年度","","219,801,873","172,548,997","36,881,161","10,371,715"
"108","","製造業","25","","10億円以上","20170","","2017年度","","230,786,314","179,185,113","37,921,767","13,679,434"
"108","","製造業","25","","10億円以上","20180","","2018年度","","237,795,596","186,652,876","38,721,031","12,421,689"
"108","","製造業","25","","10億円以上","20190","","2019年度","","230,419,567","182,762,014","38,929,209","8,728,344"
"108","","製造業","25","","10億円以上","20200","","2020年度","","209,960,185","166,319,669","36,037,893","7,602,623"
"108","","製造業","25","","10億円以上","20210","","2021年度","","230,967,403","179,787,657","36,550,425","14,629,321"
"108","","製造業","25","","10億円以上","20220","","2022年度","","253,945,331","201,145,191","38,461,102","14,339,038"
"108","","製造業","25","","10億円以上","20230","","2023年度","","258,151,968","202,434,336","39,736,789","15,980,843"
"108","","製造業","25","","10億円以上","20240","","2024年度","","266,587,497","208,059,153","40,809,204","17,719,140"
"108","","製造業","24","","1億円以上 - 10億円未満","20150","","2015年度","","63,867,961","53,202,439","8,144,504","2,521,018"
"108","","製造業","24","","1億円以上 - 10億円未満","20160","","2016年度","","65,436,004","53,840,283","8,281,996","3,313,725"
"108","","製造業","24","","1億円以上 - 10億円未満","20170","","2017年度","","66,075,006","53,370,595","9,294,337","3,410,074"
"108","","製造業","24","","1億円以上 - 10億円未満","20180","","2018年度","","68,069,986","55,752,874","9,129,161","3,187,951"
"108","","製造業","24","","1億円以上 - 10億円未満","20190","","2019年度","","64,121,780","53,058,649","8,490,073","2,573,058"
"108","","製造業","24","","1億円以上 - 10億円未満","20200","","2020年度","","63,672,664","52,136,482","8,869,314","2,666,868"
"108","","製造業","24","","1億円以上 - 10億円未満","20210","","2021年度","","73,241,110","60,332,795","8,923,662","3,984,653"
"108","","製造業","24","","1億円以上 - 10億円未満","20220","","2022年度","","74,818,913","62,227,692","9,289,667","3,301,554"
"108","","製造業","24","","1億円以上 - 10億円未満","20230","","2023年度","","79,797,415","65,861,254","10,159,589","3,776,572"
"108","","製造業","24","","1億円以上 - 10億円未満","20240","","2024年度","","84,871,648","69,311,997","11,462,132","4,097,519"
"108","","製造業","21","","5千万円以上 - 1億円未満","20150","","2015年度","","37,206,575","30,100,569","5,661,177","1,444,829"
"108","","製造業","21","","5千万円以上 - 1億円未満","20160","","2016年度","","38,336,548","31,769,049","5,078,904","1,488,595"
"108","","製造業","21","","5千万円以上 - 1億円未満","20170","","2017年度","","36,014,382","29,524,769","4,925,715","1,563,898"
"108","","製造業","21","","5千万円以上 - 1億円未満","20180","","2018年度","","34,684,259","28,265,131","4,950,437","1,468,691"
"108","","製造業","21","","5千万円以上 - 1億円未満","20190","","2019年度","","33,689,104","27,242,779","5,231,354","1,214,971"
"108","","製造業","21","","5千万円以上 - 1億円未満","20200","","2020年度","","29,821,011","24,122,365","4,855,201","843,445"
"108","","製造業","21","","5千万円以上 - 1億円未満","20210","","2021年度","","32,083,042","26,168,520","4,761,781","1,152,741"
"108","","製造業","21","","5千万円以上 - 1億円未満","20220","","2022年度","","36,200,102","30,180,547","5,068,702","950,853"
"108","","製造業","21","","5千万円以上 - 1億円未満","20230","","2023年度","","40,382,374","32,363,780","6,722,743","1,295,851"
"108","","製造業","21","","5千万円以上 - 1億円未満","20240","","2024年度","","43,749,132","34,564,212","7,422,573","1,762,347"
"108","","製造業","19","","1千万円以上 - 1億円未満","20150","","2015年度","","92,284,477","72,774,821","16,712,729","2,796,927"
"108","","製造業","19","","1千万円以上 - 1億円未満","20160","","2016年度","","97,834,648","77,399,819","17,219,943","3,214,886"
"108","","製造業","19","","1千万円以上 - 1億円未満","20170","","2017年度","","96,558,452","76,341,294","16,844,054","3,373,104"
"108","","製造業","19","","1千万円以上 - 1億円未満","20180","","2018年度","","95,624,456","75,871,701","16,444,671","3,308,084"
"108","","製造業","19","","1千万円以上 - 1億円未満","20190","","2019年度","","92,194,434","72,914,546","16,691,168","2,588,720"
"108","","製造業","19","","1千万円以上 - 1億円未満","20200","","2020年度","","81,017,820","64,108,522","15,561,928","1,347,370"
"108","","製造業","19","","1千万円以上 - 1億円未満","20210","","2021年度","","86,562,142","68,022,095","16,209,931","2,330,116"
"108","","製造業","19","","1千万円以上 - 1億円未満","20220","","2022年度","","95,513,593","76,147,918","17,446,741","1,918,934"
"108","","製造業","19","","1千万円以上 - 1億円未満","20230","","2023年度","","97,208,392","76,364,241","18,190,155","2,653,996"
"108","","製造業","19","","1千万円以上 - 1億円未満","20240","","2024年度","","104,048,794","80,394,663","20,204,669","3,449,462"
"108","","製造業","18","","1千万円以上 - 5千万円未満","20150","","2015年度","","55,077,902","42,674,252","11,051,552","1,352,098"
"108","","製造業","18","","1千万円以上 - 5千万円未満","20160","","2016年度","","59,498,100","45,630,770","12,141,039","1,726,291"
"108","","製造業","18","","1千万円以上 - 5千万円未満","20170","","2017年度","","60,544,070","46,816,525","11,918,339","1,809,206"
"108","","製造業","18","","1千万円以上 - 5千万円未満","20180","","2018年度","","60,940,197","47,606,570","11,494,234","1,839,393"
"108","","製造業","18","","1千万円以上 - 5千万円未満","20190","","2019年度","","58,505,330","45,671,767","11,459,814","1,373,749"
"108","","製造業","18","","1千万円以上 - 5千万円未満","20200","","2020年度","","51,196,809","39,986,157","10,706,727","503,925"
"108","","製造業","18","","1千万円以上 - 5千万円未満","20210","","2021年度","","54,479,100","41,853,575","11,448,150","1,177,375"
"108","","製造業","18","","1千万円以上 - 5千万円未満","20220","","2022年度","","59,313,491","45,967,371","12,378,039","968,081"
"108","","製造業","18","","1千万円以上 - 5千万円未満","20230","","2023年度","","56,826,018","44,000,461","11,467,412","1,358,145"
"108","","製造業","18","","1千万円以上 - 5千万円未満","20240","","2024年度","","60,299,662","45,830,451","12,782,096","1,687,115"
"108","","製造業","16","","1千万円未満","20150","","2015年度","","12,713,542","7,807,194","4,544,314","362,034"
"108","","製造業","16","","1千万円未満","20160","","2016年度","","12,488,919","7,670,065","4,487,286","331,568"
"108","","製造業","16","","1千万円未満","20170","","2017年度","","12,840,016","7,745,693","5,020,296","74,027"
"108","","製造業","16","","1千万円未満","20180","","2018年度","","12,779,737","8,206,008","4,339,800","233,929"
"108","","製造業","16","","1千万円未満","20190","","2019年度","","11,763,916","7,304,799","4,344,549","114,568"
"108","","製造業","16","","1千万円未満","20200","","2020年度","","10,444,109","6,488,021","4,161,390","-205,302"
"108","","製造業","16","","1千万円未満","20210","","2021年度","","11,003,324","6,948,645","4,254,769","-200,090"
"108","","製造業","16","","1千万円未満","20220","","2022年度","","12,064,114","7,835,132","4,214,140","14,842"
"108","","製造業","16","","1千万円未満","20230","","2023年度","","12,374,585","8,147,781","4,021,710","205,094"
"108","","製造業","16","","1千万円未満","20240","","2024年度","","12,287,217","7,629,233","4,710,068","-52,084"
"108","","製造業","23","","1億円以上","20150","","2015年度","","292,844,108","233,947,071","45,016,426","13,880,611"
"108","","製造業","23","","1億円以上","20160","","2016年度","","285,237,877","226,389,280","45,163,157","13,685,440"
"108","","製造業","23","","1億円以上","20170","","2017年度","","296,861,320","232,555,708","47,216,104","17,089,508"
"108","","製造業","23","","1億円以上","20180","","2018年度","","305,865,582","242,405,750","47,850,192","15,609,640"
"108","","製造業","23","","1億円以上","20190","","2019年度","","294,541,347","235,820,663","47,419,282","11,301,402"
"108","","製造業","23","","1億円以上","20200","","2020年度","","273,632,849","218,456,151","44,907,207","10,269,491"
"108","","製造業","23","","1億円以上","20210","","2021年度","","304,208,513","240,120,452","45,474,087","18,613,974"
"108","","製造業","23","","1億円以上","20220","","2022年度","","328,764,244","263,372,883","47,750,769","17,640,592"
"108","","製造業","23","","1億円以上","20230","","2023年度","","337,949,383","268,295,590","49,896,378","19,757,415"
"108","","製造業","23","","1億円以上","20240","","2024年度","","351,459,145","277,371,150","52,271,336","21,816,659"
"108","","製造業","22","","1億円未満","20150","","2015年度","","104,998,019","80,582,015","21,257,043","3,158,961"
"108","","製造業","22","","1億円未満","20160","","2016年度","","110,323,567","85,069,884","21,707,229","3,546,454"
"108","","製造業","22","","1億円未満","20170","","2017年度","","109,398,468","84,086,987","21,864,350","3,447,131"
"108","","製造業","22","","1億円未満","20180","","2018年度","","108,404,193","84,077,709","20,784,471","3,542,013"
"108","","製造業","22","","1億円未満","20190","","2019年度","","103,958,350","80,219,345","21,035,717","2,703,288"
"108","","製造業","22","","1億円未満","20200","","2020年度","","91,461,929","70,596,543","19,723,318","1,142,068"
"108","","製造業","22","","1億円未満","20210","","2021年度","","97,565,466","74,970,740","20,464,700","2,130,026"
"108","","製造業","22","","1億円未満","20220","","2022年度","","107,577,707","83,983,050","21,660,881","1,933,776"
"108","","製造業","22","","1億円未満","20230","","2023年度","","109,582,977","84,512,022","22,211,865","2,859,090"
"108","","製造業","22","","1億円未満","20240","","2024年度","","116,336,011","88,023,896","24,914,737","3,397,378"
"108","","製造業","20","","2千万円以上 - 5千万円未満","20150","","2015年度","","26,029,431","20,855,621","4,390,946","782,864"
"108","","製造業","20","","2千万円以上 - 5千万円未満","20160","","2016年度","","28,467,065","22,324,534","5,161,150","981,381"
"108","","製造業","20","","2千万円以上 - 5千万円未満","20170","","2017年度","","32,191,749","25,648,154","5,337,128","1,206,467"
"108","","製造業","20","","2千万円以上 - 5千万円未満","20180","","2018年度","","32,767,689","26,518,903","4,926,677","1,322,109"
"108","","製造業","20","","2千万円以上 - 5千万円未満","20190","","2019年度","","31,739,552","25,567,354","5,266,744","905,454"
"108","","製造業","20","","2千万円以上 - 5千万円未満","20200","","2020年度","","27,179,715","21,888,158","4,755,078","536,479"
"108","","製造業","20","","2千万円以上 - 5千万円未満","20210","","2021年度","","28,414,591","22,415,504","5,052,088","946,999"
"108","","製造業","20","","2千万円以上 - 5千万円未満","20220","","2022年度","","29,463,058","23,793,091","4,798,931","871,036"
"108","","製造業","20","","2千万円以上 - 5千万円未満","20230","","2023年度","","28,998,800","23,299,952","4,736,557","962,291"
"108","","製造業","20","","2千万円以上 - 5千万円未満","20240","","2024年度","","31,724,704","25,230,673","5,391,389","1,102,642"
"108","","製造業","17","","1千万円以上 - 2千万円未満","20150","","2015年度","","29,048,471","21,818,631","6,660,606","569,234"
"108","","製造業","17","","1千万円以上 - 2千万円未満","20160","","2016年度","","31,031,035","23,306,236","6,979,889","744,910"
"108","","製造業","17","","1千万円以上 - 2千万円未満","20170","","2017年度","","28,352,321","21,168,371","6,581,211","602,739"
"108","","製造業","17","","1千万円以上 - 2千万円未満","20180","","2018年度","","28,172,508","21,087,667","6,567,557","517,284"
"108","","製造業","17","","1千万円以上 - 2千万円未満","20190","","2019年度","","26,765,778","20,104,413","6,193,070","468,295"
"108","","製造業","17","","1千万円以上 - 2千万円未満","20200","","2020年度","","24,017,094","18,097,999","5,951,649","-32,554"
"108","","製造業","17","","1千万円以上 - 2千万円未満","20210","","2021年度","","26,064,509","19,438,071","6,396,062","230,376"
"108","","製造業","17","","1千万円以上 - 2千万円未満","20220","","2022年度","","29,850,433","22,174,280","7,579,108","97,045"
"108","","製造業","17","","1千万円以上 - 2千万円未満","20230","","2023年度","","27,827,218","20,700,509","6,730,855","395,854"
"108","","製造業","17","","1千万円以上 - 2千万円未満","20240","","2024年度","","28,574,958","20,599,778","7,390,707","584,473"
"107","","建設業","26","","全規模","20150","","2015年度","","122,713,468","98,471,545","19,445,259","4,796,664"
"107","","建設業","26","","全規模","20160","","2016年度","","128,966,154","102,298,823","20,757,216","5,910,115"
"107","","建設業","26","","全規模","20170","","2017年度","","141,115,273","110,978,065","24,170,695","5,966,513"
"107","","建設業","26","","全規模","20180","","2018年度","","144,959,886","114,226,262","24,401,502","6,332,122"
"107","","建設業","26","","全規模","20190","","2019年度","","143,325,285","112,644,985","24,554,352","6,125,948"
"107","","建設業","26","","全規模","20200","","2020年度","","133,870,021","104,700,999","23,454,922","5,714,100"
"107","","建設業","26","","全規模","20210","","2021年度","","136,668,563","106,727,194","24,643,730","5,297,639"
"107","","建設業","26","","全規模","20220","","2022年度","","149,827,760","117,813,883","25,962,950","6,050,927"
"107","","建設業","26","","全規模","20230","","2023年度","","150,982,004","116,236,848","28,742,822","6,002,334"
"107","","建設業","26","","全規模","20240","","2024年度","","154,268,463","117,751,528","29,641,394","6,875,541"
"107","","建設業","25","","10億円以上","20150","","2015年度","","30,453,424","26,281,507","2,288,435","1,883,482"
"107","","建設業","25","","10億円以上","20160","","2016年度","","30,428,739","25,902,018","2,389,461","2,137,260"
"107","","建設業","25","","10億円以上","20170","","2017年度","","31,008,955","26,249,752","2,474,301","2,284,902"
"107","","建設業","25","","10億円以上","20180","","2018年度","","32,245,154","27,555,086","2,518,532","2,171,536"
"107","","建設業","25","","10億円以上","20190","","2019年度","","33,163,138","28,399,964","2,555,184","2,207,990"
"107","","建設業","25","","10億円以上","20200","","2020年度","","30,145,726","25,817,662","2,408,384","1,919,680"
"107","","建設業","25","","10億円以上","20210","","2021年度","","31,192,002","26,937,715","2,583,934","1,670,353"
"107","","建設業","25","","10億円以上","20220","","2022年度","","32,693,845","28,502,939","2,598,637","1,592,269"
"107","","建設業","25","","10億円以上","20230","","2023年度","","34,995,684","30,650,083","2,735,061","1,610,540"
"107","","建設業","25","","10億円以上","20240","","2024年度","","36,919,486","31,709,402","2,950,068","2,260,016"
"107","","建設業","24","","1億円以上 - 10億円未満","20150","","2015年度","","15,587,051","13,433,466","1,470,614","682,971"
"107","","建設業","24","","1億円以上 - 10億円未満","20160","","2016年度","","15,129,521","12,886,632","1,523,684","719,205"
"107","","建設業","24","","1億円以上 - 10億円未満","20170","","2017年度","","15,384,766","13,113,623","1,499,913","771,230"
"107","","建設業","24","","1億円以上 - 10億円未満","20180","","2018年度","","16,869,101","14,461,958","1,539,328","867,815"
"107","","建設業","24","","1億円以上 - 10億円未満","20190","","2019年度","","16,308,163","14,189,929","1,516,663","601,571"
"107","","建設業","24","","1億円以上 - 10億円未満","20200","","2020年度","","14,973,210","12,726,327","1,451,364","795,519"
"107","","建設業","24","","1億円以上 - 10億円未満","20210","","2021年度","","16,363,005","13,852,113","1,497,608","1,013,284"
"107","","建設業","24","","1億円以上 - 10億円未満","20220","","2022年度","","17,062,800","14,456,157","1,626,980","979,663"
"107","","建設業","24","","1億円以上 - 10億円未満","20230","","2023年度","","18,980,612","15,815,885","1,974,708","1,190,019"
"107","","建設業","24","","1億円以上 - 10億円未満","20240","","2024年度","","20,606,559","17,157,547","2,105,714","1,343,298"
"107","","建設業","21","","5千万円以上 - 1億円未満","20150","","2015年度","","13,416,574","11,222,973","1,661,321","532,280"
"107","","建設業","21","","5千万円以上 - 1億円未満","20160","","2016年度","","15,800,668","13,268,247","1,734,463","797,958"
"107","","建設業","21","","5千万円以上 - 1億円未満","20170","","2017年度","","13,772,210","11,435,331","1,788,917","547,962"
"107","","建設業","21","","5千万円以上 - 1億円未満","20180","","2018年度","","13,640,397","11,465,874","1,616,316","558,207"
"107","","建設業","21","","5千万円以上 - 1億円未満","20190","","2019年度","","15,252,947","12,856,854","1,751,176","644,917"
"107","","建設業","21","","5千万円以上 - 1億円未満","20200","","2020年度","","14,501,512","11,802,917","1,962,517","736,078"
"107","","建設業","21","","5千万円以上 - 1億円未満","20210","","2021年度","","16,044,050","12,941,114","2,360,196","742,740"
"107","","建設業","21","","5千万円以上 - 1億円未満","20220","","2022年度","","21,982,763","18,743,652","2,077,435","1,161,676"
"107","","建設業","21","","5千万円以上 - 1億円未満","20230","","2023年度","","20,193,972","17,113,070","2,072,798","1,008,104"
"107","","建設業","21","","5千万円以上 - 1億円未満","20240","","2024年度","","21,527,623","17,821,554","2,647,654","1,058,415"
"107","","建設業","19","","1千万円以上 - 1億円未満","20150","","2015年度","","57,394,315","46,057,822","9,467,926","1,868,567"
"107","","建設業","19","","1千万円以上 - 1億円未満","20160","","2016年度","","65,268,140","51,694,284","10,800,830","2,773,026"
"107","","建設業","19","","1千万円以上 - 1億円未満","20170","","2017年度","","70,489,239","55,389,560","12,560,697","2,538,982"
"107","","建設業","19","","1千万円以上 - 1億円未満","20180","","2018年度","","67,504,749","53,254,246","11,641,691","2,608,812"
"107","","建設業","19","","1千万円以上 - 1億円未満","20190","","2019年度","","61,919,850","48,847,436","10,544,391","2,528,023"
"107","","建設業","19","","1千万円以上 - 1億円未満","20200","","2020年度","","60,376,356","47,576,202","10,201,923","2,598,231"
"107","","建設業","19","","1千万円以上 - 1億円未満","20210","","2021年度","","62,056,234","48,133,217","11,430,190","2,492,827"
"107","","建設業","19","","1千万円以上 - 1億円未満","20220","","2022年度","","70,161,344","55,515,800","11,666,026","2,979,518"
"107","","建設業","19","","1千万円以上 - 1億円未満","20230","","2023年度","","66,200,090","52,543,452","11,102,762","2,553,876"
"107","","建設業","19","","1千万円以上 - 1億円未満","20240","","2024年度","","63,803,931","49,396,315","11,377,727","3,029,889"
"107","","建設業","18","","1千万円以上 - 5千万円未満","20150","","2015年度","","43,977,741","34,834,849","7,806,605","1,336,287"
"107","","建設業","18","","1千万円以上 - 5千万円未満","20160","","2016年度","","49,467,472","38,426,037","9,066,367","1,975,068"
"107","","建設業","18","","1千万円以上 - 5千万円未満","20170","","2017年度","","56,717,029","43,954,229","10,771,780","1,991,020"
"107","","建設業","18","","1千万円以上 - 5千万円未満","20180","","2018年度","","53,864,352","41,788,372","10,025,375","2,050,605"
"107","","建設業","18","","1千万円以上 - 5千万円未満","20190","","2019年度","","46,666,903","35,990,582","8,793,215","1,883,106"
"107","","建設業","18","","1千万円以上 - 5千万円未満","20200","","2020年度","","45,874,844","35,773,285","8,239,406","1,862,153"
"107","","建設業","18","","1千万円以上 - 5千万円未満","20210","","2021年度","","46,012,184","35,192,103","9,069,994","1,750,087"
"107","","建設業","18","","1千万円以上 - 5千万円未満","20220","","2022年度","","48,178,581","36,772,148","9,588,591","1,817,842"
"107","","建設業","18","","1千万円以上 - 5千万円未満","20230","","2023年度","","46,006,118","35,430,382","9,029,964","1,545,772"
"107","","建設業","18","","1千万円以上 - 5千万円未満","20240","","2024年度","","42,276,308","31,574,761","8,730,073","1,971,474"
"107","","建設業","16","","1千万円未満","20150","","2015年度","","19,278,678","12,698,750","6,218,284","361,644"
"107","","建設業","16","","1千万円未満","20160","","2016年度","","18,139,754","11,815,889","6,043,241","280,624"
"107","","建設業","16","","1千万円未満","20170","","2017年度","","24,232,313","16,225,130","7,635,784","371,399"
"107","","建設業","16","","1千万円未満","20180","","2018年度","","28,340,882","18,954,972","8,701,951","683,959"
"107","","建設業","16","","1千万円未満","20190","","2019年度","","31,934,134","21,207,656","9,938,114","788,364"
"107","","建設業","16","","1千万円未満","20200","","2020年度","","28,374,729","18,580,808","9,393,251","400,670"
"107","","建設業","16","","1千万円未満","20210","","2021年度","","27,057,322","17,804,149","9,131,998","121,175"
"107","","建設業","16","","1千万円未満","20220","","2022年度","","29,909,771","19,338,987","10,071,307","499,477"
"107","","建設業","16","","1千万円未満","20230","","2023年度","","30,805,618","17,227,428","12,930,291","647,899"
"107","","建設業","16","","1千万円未満","20240","","2024年度","","32,938,487","19,488,264","13,207,885","242,338"
"107","","建設業","23","","1億円以上","20150","","2015年度","","46,040,475","39,714,973","3,759,049","2,566,453"
"107","","建設業","23","","1億円以上","20160","","2016年度","","45,558,260","38,788,650","3,913,145","2,856,465"
"107","","建設業","23","","1億円以上","20170","","2017年度","","46,393,721","39,363,375","3,974,214","3,056,132"
"107","","建設業","23","","1億円以上","20180","","2018年度","","49,114,255","42,017,044","4,057,860","3,039,351"
"107","","建設業","23","","1億円以上","20190","","2019年度","","49,471,301","42,589,893","4,071,847","2,809,561"
"107","","建設業","23","","1億円以上","20200","","2020年度","","45,118,936","38,543,989","3,859,748","2,715,199"
"107","","建設業","23","","1億円以上","20210","","2021年度","","47,555,007","40,789,828","4,081,542","2,683,637"
"107","","建設業","23","","1億円以上","20220","","2022年度","","49,756,645","42,959,096","4,225,617","2,571,932"
"107","","建設業","23","","1億円以上","20230","","2023年度","","53,976,296","46,465,968","4,709,769","2,800,559"
"107","","建設業","23","","1億円以上","20240","","2024年度","","57,526,045","48,866,949","5,055,782","3,603,314"
"107","","建設業","22","","1億円未満","20150","","2015年度","","76,672,993","58,756,572","15,686,210","2,230,211"
"107","","建設業","22","","1億円未満","20160","","2016年度","","83,407,894","63,510,173","16,844,071","3,053,650"
"107","","建設業","22","","1億円未満","20170","","2017年度","","94,721,552","71,614,690","20,196,481","2,910,381"
"107","","建設業","22","","1億円未満","20180","","2018年度","","95,845,631","72,209,218","20,343,642","3,292,771"
"107","","建設業","22","","1億円未満","20190","","2019年度","","93,853,984","70,055,092","20,482,505","3,316,387"
"107","","建設業","22","","1億円未満","20200","","2020年度","","88,751,085","66,157,010","19,595,174","2,998,901"
"107","","建設業","22","","1億円未満","20210","","2021年度","","89,113,556","65,937,366","20,562,188","2,614,002"
"107","","建設業","22","","1億円未満","20220","","2022年度","","100,071,115","74,854,787","21,737,333","3,478,995"
"107","","建設業","22","","1億円未満","20230","","2023年度","","97,005,708","69,770,880","24,033,053","3,201,775"
"107","","建設業","22","","1億円未満","20240","","2024年度","","96,742,418","68,884,579","24,585,612","3,272,227"
"107","","建設業","20","","2千万円以上 - 5千万円未満","20150","","2015年度","","26,577,505","21,945,313","3,680,840","951,352"
"107","","建設業","20","","2千万円以上 - 5千万円未満","20160","","2016年度","","32,360,024","26,368,295","4,597,786","1,393,943"
"107","","建設業","20","","2千万円以上 - 5千万円未満","20170","","2017年度","","37,164,149","29,759,233","5,986,711","1,418,205"
"107","","建設業","20","","2千万円以上 - 5千万円未満","20180","","2018年度","","34,305,207","27,827,473","5,194,524","1,283,210"
"107","","建設業","20","","2千万円以上 - 5千万円未満","20190","","2019年度","","27,896,202","22,276,433","4,429,457","1,190,312"
"107","","建設業","20","","2千万円以上 - 5千万円未満","20200","","2020年度","","27,972,468","22,235,240","4,388,480","1,348,748"
"107","","建設業","20","","2千万円以上 - 5千万円未満","20210","","2021年度","","27,709,205","22,202,637","4,248,548","1,258,020"
"107","","建設業","20","","2千万円以上 - 5千万円未満","20220","","2022年度","","30,215,686","24,197,107","4,677,328","1,341,251"
"107","","建設業","20","","2千万円以上 - 5千万円未満","20230","","2023年度","","29,366,131","23,667,830","4,651,596","1,046,705"
"107","","建設業","20","","2千万円以上 - 5千万円未満","20240","","2024年度","","28,034,178","21,811,792","4,905,699","1,316,687"
"107","","建設業","17","","1千万円以上 - 2千万円未満","20150","","2015年度","","17,400,236","12,889,536","4,125,765","384,935"
"107","","建設業","17","","1千万円以上 - 2千万円未満","20160","","2016年度","","17,107,448","12,057,742","4,468,581","581,125"
"107","","建設業","17","","1千万円以上 - 2千万円未満","20170","","2017年度","","19,552,880","14,194,996","4,785,069","572,815"
"107","","建設業","17","","1千万円以上 - 2千万円未満","20180","","2018年度","","19,559,145","13,960,899","4,830,851","767,395"
"107","","建設業","17","","1千万円以上 - 2千万円未満","20190","","2019年度","","18,770,701","13,714,149","4,363,758","692,794"
"107","","建設業","17","","1千万円以上 - 2千万円未満","20200","","2020年度","","17,902,376","13,538,045","3,850,926","513,405"
"107","","建設業","17","","1千万円以上 - 2千万円未満","20210","","2021年度","","18,302,979","12,989,466","4,821,446","492,067"
"107","","建設業","17","","1千万円以上 - 2千万円未満","20220","","2022年度","","17,962,895","12,575,041","4,911,263","476,591"
"107","","建設業","17","","1千万円以上 - 2千万円未満","20230","","2023年度","","16,639,987","11,762,552","4,378,368","499,067"
"107","","建設業","17","","1千万円以上 - 2千万円未満","20240","","2024年度","","14,242,130","9,762,969","3,824,374","654,787"
"142","","情報通信業","26","","全規模","20150","","2015年度","","66,451,013","33,865,981","26,775,597","5,809,435"
"142","","情報通信業","26","","全規模","20160","","2016年度","","68,819,539","36,401,525","25,864,148","6,553,866"
"142","","情報通信業","26","","全規模","20170","","2017年度","","72,903,542","38,948,964","26,971,970","6,982,608"
"142","","情報通信業","26","","全規模","20180","","2018年度","","76,179,443","43,221,571","26,207,020","6,750,852"
"142","","情報通信業","26","","全規模","20190","","2019年度","","78,054,497","42,319,746","29,127,070","6,607,681"
"142","","情報通信業","26","","全規模","20200","","2020年度","","77,373,703","41,558,564","29,168,418","6,646,721"
"142","","情報通信業","26","","全規模","20210","","2021年度","","79,981,288","42,480,641","30,636,986","6,863,661"
"142","","情報通信業","26","","全規模","20220","","2022年度","","82,602,347","44,441,704","30,300,132","7,860,511"
"142","","情報通信業","26","","全規模","20230","","2023年度","","81,803,447","45,184,348","29,563,952","7,055,147"
"142","","情報通信業","26","","全規模","20240","","2024年度","","87,413,759","45,424,777","34,853,988","7,134,994"
"142","","情報通信業","25","","10億円以上","20150","","2015年度","","33,369,430","13,125,461","15,747,661","4,496,308"
"142","","情報通信業","25","","10億円以上","20160","","2016年度","","34,259,944","14,910,601","14,526,843","4,822,500"
"142","","情報通信業","25","","10億円以上","20170","","2017年度","","36,613,898","15,567,461","15,901,071","5,145,366"
"142","","情報通信業","25","","10億円以上","20180","","2018年度","","37,117,377","19,051,353","12,942,588","5,123,436"
"142","","情報通信業","25","","10億円以上","20190","","2019年度","","37,980,464","17,247,424","15,810,707","4,922,333"
"142","","情報通信業","25","","10億円以上","20200","","2020年度","","36,059,221","15,382,424","15,378,812","5,297,985"
"142","","情報通信業","25","","10億円以上","20210","","2021年度","","36,524,523","16,314,153","14,977,842","5,232,528"
"142","","情報通信業","25","","10億円以上","20220","","2022年度","","38,043,105","18,489,636","13,761,365","5,792,104"
"142","","情報通信業","25","","10億円以上","20230","","2023年度","","39,117,853","19,337,839","13,998,161","5,781,853"
"142","","情報通信業","25","","10億円以上","20240","","2024年度","","41,827,041","19,441,402","16,560,698","5,824,941"
"142","","情報通信業","24","","1億円以上 - 10億円未満","20150","","2015年度","","15,837,677","11,211,690","3,744,406","881,581"
"142","","情報通信業","24","","1億円以上 - 10億円未満","20160","","2016年度","","17,231,431","12,070,891","4,158,883","1,001,657"
"142","","情報通信業","24","","1億円以上 - 10億円未満","20170","","2017年度","","20,930,457","14,888,614","4,753,061","1,288,782"
"142","","情報通信業","24","","1億円以上 - 10億円未満","20180","","2018年度","","22,037,053","15,849,340","4,790,079","1,397,634"
"142","","情報通信業","24","","1億円以上 - 10億円未満","20190","","2019年度","","22,769,386","16,446,565","5,155,290","1,167,531"
"142","","情報通信業","24","","1億円以上 - 10億円未満","20200","","2020年度","","24,075,872","17,073,637","5,825,995","1,176,240"
"142","","情報通信業","24","","1億円以上 - 10億円未満","20210","","2021年度","","23,240,045","14,506,918","7,193,154","1,539,973"
"142","","情報通信業","24","","1億円以上 - 10億円未満","20220","","2022年度","","22,857,144","15,352,298","6,129,969","1,374,877"
"142","","情報通信業","24","","1億円以上 - 10億円未満","20230","","2023年度","","25,246,002","17,326,080","6,372,298","1,547,624"
"142","","情報通信業","24","","1億円以上 - 10億円未満","20240","","2024年度","","24,339,911","16,234,429","6,515,680","1,589,802"
"142","","情報通信業","21","","5千万円以上 - 1億円未満","20150","","2015年度","","3,814,917","2,315,037","1,252,893","246,987"
"142","","情報通信業","21","","5千万円以上 - 1億円未満","20160","","2016年度","","3,448,790","2,141,480","1,189,283","118,027"
"142","","情報通信業","21","","5千万円以上 - 1億円未満","20170","","2017年度","","5,116,824","3,270,127","1,643,724","202,973"
"142","","情報通信業","21","","5千万円以上 - 1億円未満","20180","","2018年度","","5,574,601","3,351,275","2,047,666","175,660"
"142","","情報通信業","21","","5千万円以上 - 1億円未満","20190","","2019年度","","6,796,327","4,448,575","2,086,942","260,810"
"142","","情報通信業","21","","5千万円以上 - 1億円未満","20200","","2020年度","","5,050,453","3,284,220","1,613,306","152,927"
"142","","情報通信業","21","","5千万円以上 - 1億円未満","20210","","2021年度","","4,652,546","2,982,189","1,707,158","-36,801"
"142","","情報通信業","21","","5千万円以上 - 1億円未満","20220","","2022年度","","4,791,982","2,546,548","2,183,888","61,546"
"142","","情報通信業","21","","5千万円以上 - 1億円未満","20230","","2023年度","","5,064,603","2,298,353","2,862,838","-96,588"
"142","","情報通信業","21","","5千万円以上 - 1億円未満","20240","","2024年度","","4,999,578","2,830,052","2,197,004","-27,478"
"142","","情報通信業","19","","1千万円以上 - 1億円未満","20150","","2015年度","","14,573,133","8,283,508","5,967,016","322,609"
"142","","情報通信業","19","","1千万円以上 - 1億円未満","20160","","2016年度","","14,002,575","7,822,887","5,617,638","562,050"
"142","","情報通信業","19","","1千万円以上 - 1億円未満","20170","","2017年度","","13,235,178","8,044,989","4,734,764","455,425"
"142","","情報通信業","19","","1千万円以上 - 1億円未満","20180","","2018年度","","13,858,109","7,583,517","6,136,614","137,978"
"142","","情報通信業","19","","1千万円以上 - 1億円未満","20190","","2019年度","","14,996,964","8,174,025","6,330,452","492,487"
"142","","情報通信業","19","","1千万円以上 - 1億円未満","20200","","2020年度","","14,775,887","8,538,811","5,998,872","238,204"
"142","","情報通信業","19","","1千万円以上 - 1億円未満","20210","","2021年度","","17,667,408","10,569,603","6,803,171","294,634"
"142","","情報通信業","19","","1千万円以上 - 1億円未満","20220","","2022年度","","18,784,268","9,231,682","8,818,798","733,788"
"142","","情報通信業","19","","1千万円以上 - 1億円未満","20230","","2023年度","","15,809,482","7,936,497","8,135,548","-262,563"
"142","","情報通信業","19","","1千万円以上 - 1億円未満","20240","","2024年度","","18,813,168","8,815,378","10,198,845","-201,055"
"142","","情報通信業","18","","1千万円以上 - 5千万円未満","20150","","2015年度","","10,758,216","5,968,471","4,714,123","75,622"
"142","","情報通信業","18","","1千万円以上 - 5千万円未満","20160","","2016年度","","10,553,785","5,681,407","4,428,355","444,023"
"142","","情報通信業","18","","1千万円以上 - 5千万円未満","20170","","2017年度","","8,118,354","4,774,862","3,091,040","252,452"
"142","","情報通信業","18","","1千万円以上 - 5千万円未満","20180","","2018年度","","8,283,508","4,232,242","4,088,948","-37,682"
"142","","情報通信業","18","","1千万円以上 - 5千万円未満","20190","","2019年度","","8,200,637","3,725,450","4,243,510","231,677"
"142","","情報通信業","18","","1千万円以上 - 5千万円未満","20200","","2020年度","","9,725,434","5,254,591","4,385,566","85,277"
"142","","情報通信業","18","","1千万円以上 - 5千万円未満","20210","","2021年度","","13,014,862","7,587,414","5,096,013","331,435"
"142","","情報通信業","18","","1千万円以上 - 5千万円未満","20220","","2022年度","","13,992,286","6,685,134","6,634,910","672,242"
"142","","情報通信業","18","","1千万円以上 - 5千万円未満","20230","","2023年度","","10,744,879","5,638,144","5,272,710","-165,975"
"142","","情報通信業","18","","1千万円以上 - 5千万円未満","20240","","2024年度","","13,813,590","5,985,326","8,001,841","-173,577"
"142","","情報通信業","16","","1千万円未満","20150","","2015年度","","2,670,773","1,245,322","1,316,514","108,937"
"142","","情報通信業","16","","1千万円未満","20160","","2016年度","","3,325,589","1,597,146","1,560,784","167,659"
"142","","情報通信業","16","","1千万円未満","20170","","2017年度","","2,124,009","447,900","1,583,074","93,035"
"142","","情報通信業","16","","1千万円未満","20180","","2018年度","","3,166,904","737,361","2,337,739","91,804"
"142","","情報通信業","16","","1千万円未満","20190","","2019年度","","2,307,683","451,732","1,830,621","25,330"
"142","","情報通信業","16","","1千万円未満","20200","","2020年度","","2,462,723","563,692","1,964,739","-65,708"
"142","","情報通信業","16","","1千万円未満","20210","","2021年度","","2,549,312","1,089,967","1,662,819","-203,474"
"142","","情報通信業","16","","1千万円未満","20220","","2022年度","","2,917,830","1,368,088","1,590,000","-40,258"
"142","","情報通信業","16","","1千万円未満","20230","","2023年度","","1,630,110","583,932","1,057,945","-11,767"
"142","","情報通信業","16","","1千万円未満","20240","","2024年度","","2,433,639","933,568","1,578,765","-78,694"
"142","","情報通信業","23","","1億円以上","20150","","2015年度","","49,207,107","24,337,151","19,492,067","5,377,889"
"142","","情報通信業","23","","1億円以上","20160","","2016年度","","51,491,375","26,981,492","18,685,726","5,824,157"
"142","","情報通信業","23","","1億円以上","20170","","2017年度","","57,544,355","30,456,075","20,654,132","6,434,148"
"142","","情報通信業","23","","1億円以上","20180","","2018年度","","59,154,430","34,900,693","17,732,667","6,521,070"
"142","","情報通信業","23","","1億円以上","20190","","2019年度","","60,749,850","33,693,989","20,965,997","6,089,864"
"142","","情報通信業","23","","1億円以上","20200","","2020年度","","60,135,093","32,456,061","21,204,807","6,474,225"
"142","","情報通信業","23","","1億円以上","20210","","2021年度","","59,764,568","30,821,071","22,170,996","6,772,501"
"142","","情報通信業","23","","1億円以上","20220","","2022年度","","60,900,249","33,841,934","19,891,334","7,166,981"
"142","","情報通信業","23","","1億円以上","20230","","2023年度","","64,363,855","36,663,919","20,370,459","7,329,477"
"142","","情報通信業","23","","1億円以上","20240","","2024年度","","66,166,952","35,675,831","23,076,378","7,414,743"
"142","","情報通信業","22","","1億円未満","20150","","2015年度","","17,243,906","9,528,830","7,283,530","431,546"
"142","","情報通信業","22","","1億円未満","20160","","2016年度","","17,328,164","9,420,033","7,178,422","729,709"
"142","","情報通信業","22","","1億円未満","20170","","2017年度","","15,359,187","8,492,889","6,317,838","548,460"
"142","","情報通信業","22","","1億円未満","20180","","2018年度","","17,025,013","8,320,878","8,474,353","229,782"
"142","","情報通信業","22","","1億円未満","20190","","2019年度","","17,304,647","8,625,757","8,161,073","517,817"
"142","","情報通信業","22","","1億円未満","20200","","2020年度","","17,238,610","9,102,503","7,963,611","172,496"
"142","","情報通信業","22","","1億円未満","20210","","2021年度","","20,216,720","11,659,570","8,465,990","91,160"
"142","","情報通信業","22","","1億円未満","20220","","2022年度","","21,702,098","10,599,770","10,408,798","693,530"
"142","","情報通信業","22","","1億円未満","20230","","2023年度","","17,439,592","8,520,429","9,193,493","-274,330"
"142","","情報通信業","22","","1億円未満","20240","","2024年度","","21,246,807","9,748,946","11,777,610","-279,749"
"142","","情報通信業","20","","2千万円以上 - 5千万円未満","20150","","2015年度","","3,756,697","1,896,922","1,725,200","134,575"
"142","","情報通信業","20","","2千万円以上 - 5千万円未満","20160","","2016年度","","3,974,815","2,118,270","1,675,012","181,533"
"142","","情報通信業","20","","2千万円以上 - 5千万円未満","20170","","2017年度","","5,035,447","3,051,734","1,852,922","130,791"
"142","","情報通信業","20","","2千万円以上 - 5千万円未満","20180","","2018年度","","3,796,004","1,759,676","1,844,286","192,042"
"142","","情報通信業","20","","2千万円以上 - 5千万円未満","20190","","2019年度","","3,474,243","1,526,523","1,771,032","176,688"
"142","","情報通信業","20","","2千万円以上 - 5千万円未満","20200","","2020年度","","5,727,699","3,291,426","2,230,239","206,034"
"142","","情報通信業","20","","2千万円以上 - 5千万円未満","20210","","2021年度","","7,155,176","4,646,996","2,309,615","198,565"
"142","","情報通信業","20","","2千万円以上 - 5千万円未満","20220","","2022年度","","6,639,860","3,408,465","2,855,489","375,906"
"142","","情報通信業","20","","2千万円以上 - 5千万円未満","20230","","2023年度","","4,763,362","2,902,443","1,647,743","213,176"
"142","","情報通信業","20","","2千万円以上 - 5千万円未満","20240","","2024年度","","5,976,869","3,896,064","1,981,409","99,396"
"142","","情報通信業","17","","1千万円以上 - 2千万円未満","20150","","2015年度","","7,001,519","4,071,549","2,988,923","-58,953"
"142","","情報通信業","17","","1千万円以上 - 2千万円未満","20160","","2016年度","","6,578,970","3,563,137","2,753,343","262,490"
"142","","情報通信業","17","","1千万円以上 - 2千万円未満","20170","","2017年度","","3,082,907","1,723,128","1,238,118","121,661"
"142","","情報通信業","17","","1千万円以上 - 2千万円未満","20180","","2018年度","","4,487,504","2,472,566","2,244,662","-229,724"
"142","","情報通信業","17","","1千万円以上 - 2千万円未満","20190","","2019年度","","4,726,394","2,198,927","2,472,478","54,989"
"142","","情報通信業","17","","1千万円以上 - 2千万円未満","20200","","2020年度","","3,997,735","1,963,165","2,155,327","-120,757"
"142","","情報通信業","17","","1千万円以上 - 2千万円未満","20210","","2021年度","","5,859,686","2,940,418","2,786,398","132,870"
"142","","情報通信業","17","","1千万円以上 - 2千万円未満","20220","","2022年度","","7,352,426","3,276,669","3,779,421","296,336"
"142","","情報通信業","17","","1千万円以上 - 2千万円未満","20230","","2023年度","","5,981,517","2,735,701","3,624,967","-379,151"
"142","","情報通信業","17","","1千万円以上 - 2千万円未満","20240","","2024年度","","7,836,721","2,089,262","6,020,432","-272,973"
"127","","卸売業","26","","全規模","20150","","2015年度","","350,610,005","302,687,941","43,497,455","4,424,609"
"127","","卸売業","26","","全規模","20160","","2016年度","","355,972,131","306,119,695","44,340,298","5,512,138"
"127","","卸売業","26","","全規模","20170","","2017年度","","382,325,373","331,759,345","44,016,015","6,550,013"
"127","","卸売業","26","","全規模","20180","","2018年度","","360,684,084","313,362,896","41,838,263","5,482,925"
"127","","卸売業","26","","全規模","20190","","2019年度","","332,614,779","290,012,355","38,646,231","3,956,193"
"127","","卸売業","26","","全規模","20200","","2020年度","","300,214,046","258,404,420","37,949,403","3,860,223"
"127","","卸売業","26","","全規模","20210","","2021年度","","316,839,372","269,853,541","41,366,435","5,619,396"
"127","","卸売業","26","","全規模","20220","","2022年度","","342,243,571","290,617,116","44,744,595","6,881,860"
"127","","卸売業","26","","全規模","20230","","2023年度","","342,715,921","290,578,377","44,606,964","7,530,580"
"127","","卸売業","26","","全規模","20240","","2024年度","","357,659,879","304,338,287","45,285,879","8,035,713"
"127","","卸売業","25","","10億円以上","20150","","2015年度","","109,488,021","101,202,860","7,610,524","674,637"
"127","","卸売業","25","","10億円以上","20160","","2016年度","","107,058,361","98,482,528","7,616,216","959,617"
"127","","卸売業","25","","10億円以上","20170","","2017年度","","118,988,582","110,051,923","7,645,444","1,291,215"
"127","","卸売業","25","","10億円以上","20180","","2018年度","","126,826,989","117,852,084","7,747,735","1,227,170"
"127","","卸売業","25","","10億円以上","20190","","2019年度","","110,349,393","102,556,648","7,207,135","585,610"
"127","","卸売業","25","","10億円以上","20200","","2020年度","","95,619,637","88,100,633","6,826,689","692,315"
"127","","卸売業","25","","10億円以上","20210","","2021年度","","99,105,401","89,560,978","7,876,396","1,668,027"
"127","","卸売業","25","","10億円以上","20220","","2022年度","","110,528,687","100,932,687","8,010,145","1,585,855"
"127","","卸売業","25","","10億円以上","20230","","2023年度","","106,084,548","96,398,565","7,949,863","1,736,120"
"127","","卸売業","25","","10億円以上","20240","","2024年度","","104,963,963","96,018,044","7,604,655","1,341,264"
"127","","卸売業","24","","1億円以上 - 10億円未満","20150","","2015年度","","75,466,146","66,063,855","8,072,920","1,329,371"
"127","","卸売業","24","","1億円以上 - 10億円未満","20160","","2016年度","","81,381,874","71,355,612","8,569,911","1,456,351"
"127","","卸売業","24","","1億円以上 - 10億円未満","20170","","2017年度","","88,199,575","77,804,749","8,709,196","1,685,630"
"127","","卸売業","24","","1億円以上 - 10億円未満","20180","","2018年度","","93,141,932","81,795,579","9,501,252","1,845,101"
"127","","卸売業","24","","1億円以上 - 10億円未満","20190","","2019年度","","87,604,151","77,740,095","8,448,652","1,415,404"
"127","","卸売業","24","","1億円以上 - 10億円未満","20200","","2020年度","","70,040,641","61,486,347","7,375,453","1,178,841"
"127","","卸売業","24","","1億円以上 - 10億円未満","20210","","2021年度","","73,489,204","63,571,509","8,113,555","1,804,140"
"127","","卸売業","24","","1億円以上 - 10億円未満","20220","","2022年度","","81,162,106","70,565,056","8,448,853","2,148,197"
"127","","卸売業","24","","1億円以上 - 10億円未満","20230","","2023年度","","82,108,949","70,577,185","9,255,583","2,276,181"
"127","","卸売業","24","","1億円以上 - 10億円未満","20240","","2024年度","","93,868,685","81,722,701","9,730,696","2,415,288"
"127","","卸売業","21","","5千万円以上 - 1億円未満","20150","","2015年度","","50,560,006","42,770,546","6,930,257","859,203"
"127","","卸売業","21","","5千万円以上 - 1億円未満","20160","","2016年度","","51,455,544","42,860,304","7,753,441","841,799"
"127","","卸売業","21","","5千万円以上 - 1億円未満","20170","","2017年度","","40,167,456","33,724,520","5,630,661","812,275"
"127","","卸売業","21","","5千万円以上 - 1億円未満","20180","","2018年度","","40,130,464","33,567,792","5,665,273","897,399"
"127","","卸売業","21","","5千万円以上 - 1億円未満","20190","","2019年度","","40,349,035","34,287,543","5,359,513","701,979"
"127","","卸売業","21","","5千万円以上 - 1億円未満","20200","","2020年度","","40,561,471","33,400,952","6,330,933","829,586"
"127","","卸売業","21","","5千万円以上 - 1億円未満","20210","","2021年度","","40,911,238","33,919,599","6,316,636","675,003"
"127","","卸売業","21","","5千万円以上 - 1億円未満","20220","","2022年度","","48,771,417","39,669,199","7,984,347","1,117,871"
"127","","卸売業","21","","5千万円以上 - 1億円未満","20230","","2023年度","","50,112,369","42,082,543","6,777,212","1,252,614"
"127","","卸売業","21","","5千万円以上 - 1億円未満","20240","","2024年度","","44,576,575","35,890,153","6,989,411","1,697,011"
"127","","卸売業","19","","1千万円以上 - 1億円未満","20150","","2015年度","","149,568,235","122,697,594","24,554,854","2,315,787"
"127","","卸売業","19","","1千万円以上 - 1億円未満","20160","","2016年度","","149,628,112","122,403,070","24,422,765","2,802,277"
"127","","卸売業","19","","1千万円以上 - 1億円未満","20170","","2017年度","","151,930,512","125,240,180","23,382,267","3,308,065"
"127","","卸売業","19","","1千万円以上 - 1億円未満","20180","","2018年度","","128,998,595","105,070,438","21,472,833","2,455,324"
"127","","卸売業","19","","1千万円以上 - 1億円未満","20190","","2019年度","","120,331,157","99,137,387","19,226,930","1,966,840"
"127","","卸売業","19","","1千万円以上 - 1億円未満","20200","","2020年度","","120,515,405","98,494,845","19,844,558","2,176,002"
"127","","卸売業","19","","1千万円以上 - 1億円未満","20210","","2021年度","","128,925,628","105,143,995","21,627,501","2,154,132"
"127","","卸売業","19","","1千万円以上 - 1億円未満","20220","","2022年度","","135,977,691","108,307,426","24,642,048","3,028,217"
"127","","卸売業","19","","1千万円以上 - 1億円未満","20230","","2023年度","","136,888,063","110,068,205","23,437,153","3,382,705"
"127","","卸売業","19","","1千万円以上 - 1億円未満","20240","","2024年度","","140,381,726","113,102,979","23,400,342","3,878,405"
"127","","卸売業","18","","1千万円以上 - 5千万円未満","20150","","2015年度","","99,008,229","79,927,048","17,624,597","1,456,584"
"127","","卸売業","18","","1千万円以上 - 5千万円未満","20160","","2016年度","","98,172,568","79,542,766","16,669,324","1,960,478"
"127","","卸売業","18","","1千万円以上 - 5千万円未満","20170","","2017年度","","111,763,056","91,515,660","17,751,606","2,495,790"
"127","","卸売業","18","","1千万円以上 - 5千万円未満","20180","","2018年度","","88,868,131","71,502,646","15,807,560","1,557,925"
"127","","卸売業","18","","1千万円以上 - 5千万円未満","20190","","2019年度","","79,982,122","64,849,844","13,867,417","1,264,861"
"127","","卸売業","18","","1千万円以上 - 5千万円未満","20200","","2020年度","","79,953,934","65,093,893","13,513,625","1,346,416"
"127","","卸売業","18","","1千万円以上 - 5千万円未満","20210","","2021年度","","88,014,390","71,224,396","15,310,865","1,479,129"
"127","","卸売業","18","","1千万円以上 - 5千万円未満","20220","","2022年度","","87,206,274","68,638,227","16,657,701","1,910,346"
"127","","卸売業","18","","1千万円以上 - 5千万円未満","20230","","2023年度","","86,775,694","67,985,662","16,659,941","2,130,091"
"127","","卸売業","18","","1千万円以上 - 5千万円未満","20240","","2024年度","","95,805,151","77,212,826","16,410,931","2,181,394"
"127","","卸売業","16","","1千万円未満","20150","","2015年度","","16,087,603","12,723,632","3,259,157","104,814"
"127","","卸売業","16","","1千万円未満","20160","","2016年度","","17,903,784","13,878,485","3,731,406","293,893"
"127","","卸売業","16","","1千万円未満","20170","","2017年度","","23,206,704","18,662,493","4,279,108","265,103"
"127","","卸売業","16","","1千万円未満","20180","","2018年度","","11,716,568","8,644,795","3,116,443","-44,670"
"127","","卸売業","16","","1千万円未満","20190","","2019年度","","14,330,078","10,578,225","3,763,514","-11,661"
"127","","卸売業","16","","1千万円未満","20200","","2020年度","","14,038,363","10,322,595","3,902,703","-186,935"
"127","","卸売業","16","","1千万円未満","20210","","2021年度","","15,319,139","11,577,059","3,748,983","-6,903"
"127","","卸売業","16","","1千万円未満","20220","","2022年度","","14,575,087","10,811,947","3,643,549","119,591"
"127","","卸売業","16","","1千万円未満","20230","","2023年度","","17,634,361","13,534,422","3,964,365","135,574"
"127","","卸売業","16","","1千万円未満","20240","","2024年度","","18,445,505","13,494,563","4,550,186","400,756"
"127","","卸売業","23","","1億円以上","20150","","2015年度","","184,954,167","167,266,715","15,683,444","2,004,008"
"127","","卸売業","23","","1億円以上","20160","","2016年度","","188,440,235","169,838,140","16,186,127","2,415,968"
"127","","卸売業","23","","1億円以上","20170","","2017年度","","207,188,157","187,856,672","16,354,640","2,976,845"
"127","","卸売業","23","","1億円以上","20180","","2018年度","","219,968,921","199,647,663","17,248,987","3,072,271"
"127","","卸売業","23","","1億円以上","20190","","2019年度","","197,953,544","180,296,743","15,655,787","2,001,014"
"127","","卸売業","23","","1億円以上","20200","","2020年度","","165,660,278","149,586,980","14,202,142","1,871,156"
"127","","卸売業","23","","1億円以上","20210","","2021年度","","172,594,605","153,132,487","15,989,951","3,472,167"
"127","","卸売業","23","","1億円以上","20220","","2022年度","","191,690,793","171,497,743","16,458,998","3,734,052"
"127","","卸売業","23","","1億円以上","20230","","2023年度","","188,193,497","166,975,750","17,205,446","4,012,301"
"127","","卸売業","23","","1億円以上","20240","","2024年度","","198,832,648","177,740,745","17,335,351","3,756,552"
"127","","卸売業","22","","1億円未満","20150","","2015年度","","165,655,838","135,421,226","27,814,011","2,420,601"
"127","","卸売業","22","","1億円未満","20160","","2016年度","","167,531,896","136,281,555","28,154,171","3,096,170"
"127","","卸売業","22","","1億円未満","20170","","2017年度","","175,137,216","143,902,673","27,661,375","3,573,168"
"127","","卸売業","22","","1億円未満","20180","","2018年度","","140,715,163","113,715,233","24,589,276","2,410,654"
"127","","卸売業","22","","1億円未満","20190","","2019年度","","134,661,235","109,715,612","22,990,444","1,955,179"
"127","","卸売業","22","","1億円未満","20200","","2020年度","","134,553,768","108,817,440","23,747,261","1,989,067"
"127","","卸売業","22","","1億円未満","20210","","2021年度","","144,244,767","116,721,054","25,376,484","2,147,229"
"127","","卸売業","22","","1億円未満","20220","","2022年度","","150,552,778","119,119,373","28,285,597","3,147,808"
"127","","卸売業","22","","1億円未満","20230","","2023年度","","154,522,424","123,602,627","27,401,518","3,518,279"
"127","","卸売業","22","","1億円未満","20240","","2024年度","","158,827,231","126,597,542","27,950,528","4,279,161"
"127","","卸売業","20","","2千万円以上 - 5千万円未満","20150","","2015年度","","48,407,915","39,766,698","7,807,834","833,383"
"127","","卸売業","20","","2千万円以上 - 5千万円未満","20160","","2016年度","","40,268,078","33,613,515","5,921,169","733,394"
"127","","卸売業","20","","2千万円以上 - 5千万円未満","20170","","2017年度","","41,018,818","33,484,777","6,576,689","957,352"
"127","","卸売業","20","","2千万円以上 - 5千万円未満","20180","","2018年度","","40,018,560","32,890,285","6,111,078","1,017,197"
"127","","卸売業","20","","2千万円以上 - 5千万円未満","20190","","2019年度","","40,225,659","32,706,349","6,564,127","955,183"
"127","","卸売業","20","","2千万円以上 - 5千万円未満","20200","","2020年度","","40,165,508","33,344,113","6,150,001","671,394"
"127","","卸売業","20","","2千万円以上 - 5千万円未満","20210","","2021年度","","38,866,855","31,744,280","6,426,146","696,429"
"127","","卸売業","20","","2千万円以上 - 5千万円未満","20220","","2022年度","","38,392,169","30,556,672","6,999,879","835,618"
"127","","卸売業","20","","2千万円以上 - 5千万円未満","20230","","2023年度","","43,660,616","34,868,334","7,608,958","1,183,324"
"127","","卸売業","20","","2千万円以上 - 5千万円未満","20240","","2024年度","","43,737,176","35,774,837","7,047,889","914,450"
"127","","卸売業","17","","1千万円以上 - 2千万円未満","20150","","2015年度","","50,600,314","40,160,350","9,816,763","623,201"
"127","","卸売業","17","","1千万円以上 - 2千万円未満","20160","","2016年度","","57,904,490","45,929,251","10,748,155","1,227,084"
"127","","卸売業","17","","1千万円以上 - 2千万円未満","20170","","2017年度","","70,744,238","58,030,883","11,174,917","1,538,438"
"127","","卸売業","17","","1千万円以上 - 2千万円未満","20180","","2018年度","","48,849,571","38,612,361","9,696,482","540,728"
"127","","卸売業","17","","1千万円以上 - 2千万円未満","20190","","2019年度","","39,756,463","32,143,495","7,303,290","309,678"
"127","","卸売業","17","","1千万円以上 - 2千万円未満","20200","","2020年度","","39,788,426","31,749,780","7,363,624","675,022"
"127","","卸売業","17","","1千万円以上 - 2千万円未満","20210","","2021年度","","49,147,535","39,480,116","8,884,719","782,700"
"127","","卸売業","17","","1千万円以上 - 2千万円未満","20220","","2022年度","","48,814,105","38,081,555","9,657,822","1,074,728"
"127","","卸売業","17","","1千万円以上 - 2千万円未満","20230","","2023年度","","43,115,078","33,117,328","9,050,983","946,767"
"127","","卸売業","17","","1千万円以上 - 2千万円未満","20240","","2024年度","","52,067,975","41,437,989","9,363,042","1,266,944"
"128","","小売業","26","","全規模","20150","","2015年度","","175,770,938","124,924,200","47,080,160","3,766,578"
"128","","小売業","26","","全規模","20160","","2016年度","","175,614,246","123,787,347","48,837,855","2,989,044"
"128","","小売業","26","","全規模","20170","","2017年度","","199,938,452","144,983,614","51,499,864","3,454,974"
"128","","小売業","26","","全規模","20180","","2018年度","","186,886,436","135,575,686","47,456,351","3,854,399"
"128","","小売業","26","","全規模","20190","","2019年度","","189,401,693","135,149,694","50,123,605","4,128,394"
"128","","小売業","26","","全規模","20200","","2020年度","","181,946,832","128,833,040","49,600,877","3,512,915"
"128","","小売業","26","","全規模","20210","","2021年度","","179,900,709","124,285,646","52,064,000","3,551,063"
"128","","小売業","26","","全規模","20220","","2022年度","","197,521,042","137,370,475","55,949,683","4,200,884"
"128","","小売業","26","","全規模","20230","","2023年度","","216,298,352","152,632,175","58,124,486","5,541,691"
"128","","小売業","26","","全規模","20240","","2024年度","","206,002,882","145,257,623","55,166,777","5,578,482"
"128","","小売業","25","","10億円以上","20150","","2015年度","","41,324,228","28,227,881","11,337,067","1,759,280"
"128","","小売業","25","","10億円以上","20160","","2016年度","","41,711,127","28,385,987","11,621,656","1,703,484"
"128","","小売業","25","","10億円以上","20170","","2017年度","","42,116,730","28,613,690","11,711,043","1,791,997"
"128","","小売業","25","","10億円以上","20180","","2018年度","","38,901,336","26,576,893","10,641,762","1,682,681"
"128","","小売業","25","","10億円以上","20190","","2019年度","","38,837,706","26,299,131","10,855,747","1,682,828"
"128","","小売業","25","","10億円以上","20200","","2020年度","","38,812,034","26,949,663","10,205,814","1,656,557"
"128","","小売業","25","","10億円以上","20210","","2021年度","","39,417,443","26,917,135","10,728,098","1,772,210"
"128","","小売業","25","","10億円以上","20220","","2022年度","","37,691,566","25,650,149","10,034,786","2,006,631"
"128","","小売業","25","","10億円以上","20230","","2023年度","","37,155,220","24,595,653","10,208,838","2,350,729"
"128","","小売業","25","","10億円以上","20240","","2024年度","","35,933,263","22,837,395","10,790,773","2,305,095"
"128","","小売業","24","","1億円以上 - 10億円未満","20150","","2015年度","","31,616,214","22,775,190","8,048,902","792,122"
"128","","小売業","24","","1億円以上 - 10億円未満","20160","","2016年度","","34,146,060","25,878,394","7,587,760","679,906"
"128","","小売業","24","","1億円以上 - 10億円未満","20170","","2017年度","","41,347,543","31,774,111","8,756,285","817,147"
"128","","小売業","24","","1億円以上 - 10億円未満","20180","","2018年度","","40,844,729","31,203,053","8,770,982","870,694"
"128","","小売業","24","","1億円以上 - 10億円未満","20190","","2019年度","","41,232,548","30,964,504","9,079,945","1,188,099"
"128","","小売業","24","","1億円以上 - 10億円未満","20200","","2020年度","","37,551,790","26,894,707","9,398,267","1,258,816"
"128","","小売業","24","","1億円以上 - 10億円未満","20210","","2021年度","","35,275,014","24,739,383","9,508,863","1,026,768"
"128","","小売業","24","","1億円以上 - 10億円未満","20220","","2022年度","","38,656,040","27,083,401","10,245,427","1,327,212"
"128","","小売業","24","","1億円以上 - 10億円未満","20230","","2023年度","","49,119,713","34,554,357","13,009,246","1,556,110"
"128","","小売業","24","","1億円以上 - 10億円未満","20240","","2024年度","","40,928,127","28,603,260","10,723,212","1,601,655"
"128","","小売業","21","","5千万円以上 - 1億円未満","20150","","2015年度","","26,306,557","19,823,215","5,976,442","506,900"
"128","","小売業","21","","5千万円以上 - 1億円未満","20160","","2016年度","","21,422,410","16,189,341","4,795,718","437,351"
"128","","小売業","21","","5千万円以上 - 1億円未満","20170","","2017年度","","32,672,874","25,498,999","6,629,750","544,125"
"128","","小売業","21","","5千万円以上 - 1億円未満","20180","","2018年度","","35,087,490","27,454,918","6,978,739","653,833"
"128","","小売業","21","","5千万円以上 - 1億円未満","20190","","2019年度","","38,150,065","28,429,834","9,307,191","413,040"
"128","","小売業","21","","5千万円以上 - 1億円未満","20200","","2020年度","","39,390,080","28,656,495","10,244,675","488,910"
"128","","小売業","21","","5千万円以上 - 1億円未満","20210","","2021年度","","29,166,457","20,819,706","7,914,426","432,325"
"128","","小売業","21","","5千万円以上 - 1億円未満","20220","","2022年度","","32,129,314","22,957,693","8,801,801","369,820"
"128","","小売業","21","","5千万円以上 - 1億円未満","20230","","2023年度","","37,757,012","27,530,627","9,342,094","884,291"
"128","","小売業","21","","5千万円以上 - 1億円未満","20240","","2024年度","","41,580,308","29,995,159","10,836,565","748,584"
"128","","小売業","19","","1千万円以上 - 1億円未満","20150","","2015年度","","75,554,062","54,695,067","19,542,619","1,316,376"
"128","","小売業","19","","1千万円以上 - 1億円未満","20160","","2016年度","","75,031,651","52,270,159","22,016,455","745,037"
"128","","小売業","19","","1千万円以上 - 1億円未満","20170","","2017年度","","89,416,387","66,633,597","21,897,801","884,989"
"128","","小売業","19","","1千万円以上 - 1億円未満","20180","","2018年度","","82,462,636","61,607,065","19,807,401","1,048,170"
"128","","小売業","19","","1千万円以上 - 1億円未満","20190","","2019年度","","85,843,011","62,284,918","22,471,308","1,086,785"
"128","","小売業","19","","1千万円以上 - 1億円未満","20200","","2020年度","","80,057,791","57,012,024","22,350,034","695,733"
"128","","小売業","19","","1千万円以上 - 1億円未満","20210","","2021年度","","80,396,863","55,831,092","23,304,566","1,261,205"
"128","","小売業","19","","1千万円以上 - 1億円未満","20220","","2022年度","","86,450,643","61,750,172","23,839,825","860,646"
"128","","小売業","19","","1千万円以上 - 1億円未満","20230","","2023年度","","89,490,363","65,144,396","23,165,909","1,180,058"
"128","","小売業","19","","1千万円以上 - 1億円未満","20240","","2024年度","","91,105,662","66,541,793","23,258,752","1,305,117"
"128","","小売業","18","","1千万円以上 - 5千万円未満","20150","","2015年度","","49,247,505","34,871,852","13,566,177","809,476"
"128","","小売業","18","","1千万円以上 - 5千万円未満","20160","","2016年度","","53,609,241","36,080,818","17,220,737","307,686"
"128","","小売業","18","","1千万円以上 - 5千万円未満","20170","","2017年度","","56,743,513","41,134,598","15,268,051","340,864"
"128","","小売業","18","","1千万円以上 - 5千万円未満","20180","","2018年度","","47,375,146","34,152,147","12,828,662","394,337"
"128","","小売業","18","","1千万円以上 - 5千万円未満","20190","","2019年度","","47,692,946","33,855,084","13,164,117","673,745"
"128","","小売業","18","","1千万円以上 - 5千万円未満","20200","","2020年度","","40,667,711","28,355,529","12,105,359","206,823"
"128","","小売業","18","","1千万円以上 - 5千万円未満","20210","","2021年度","","51,230,406","35,011,386","15,390,140","828,880"
"128","","小売業","18","","1千万円以上 - 5千万円未満","20220","","2022年度","","54,321,329","38,792,479","15,038,024","490,826"
"128","","小売業","18","","1千万円以上 - 5千万円未満","20230","","2023年度","","51,733,351","37,613,769","13,823,815","295,767"
"128","","小売業","18","","1千万円以上 - 5千万円未満","20240","","2024年度","","49,525,354","36,546,634","12,422,187","556,533"
"128","","小売業","16","","1千万円未満","20150","","2015年度","","27,276,434","19,226,062","8,151,572","-101,200"
"128","","小売業","16","","1千万円未満","20160","","2016年度","","24,725,408","17,252,807","7,611,984","-139,383"
"128","","小売業","16","","1千万円未満","20170","","2017年度","","27,057,792","17,962,216","9,134,735","-39,159"
"128","","小売業","16","","1千万円未満","20180","","2018年度","","24,677,735","16,188,675","8,236,206","252,854"
"128","","小売業","16","","1千万円未満","20190","","2019年度","","23,488,428","15,601,141","7,716,605","170,682"
"128","","小売業","16","","1千万円未満","20200","","2020年度","","25,525,217","17,976,646","7,646,762","-98,191"
"128","","小売業","16","","1千万円未満","20210","","2021年度","","24,811,389","16,798,036","8,522,473","-509,120"
"128","","小売業","16","","1千万円未満","20220","","2022年度","","34,722,793","22,886,753","11,829,645","6,395"
"128","","小売業","16","","1千万円未満","20230","","2023年度","","40,533,056","28,337,769","11,740,493","454,794"
"128","","小売業","16","","1千万円未満","20240","","2024年度","","38,035,830","27,275,175","10,394,040","366,615"
"128","","小売業","23","","1億円以上","20150","","2015年度","","72,940,442","51,003,071","19,385,969","2,551,402"
"128","","小売業","23","","1億円以上","20160","","2016年度","","75,857,187","54,264,381","19,209,416","2,383,390"
"128","","小売業","23","","1億円以上","20170","","2017年度","","83,464,273","60,387,801","20,467,328","2,609,144"
"128","","小売業","23","","1億円以上","20180","","2018年度","","79,746,065","57,779,946","19,412,744","2,553,375"
"128","","小売業","23","","1億円以上","20190","","2019年度","","80,070,254","57,263,635","19,935,692","2,870,927"
"128","","小売業","23","","1億円以上","20200","","2020年度","","76,363,824","53,844,370","19,604,081","2,915,373"
"128","","小売業","23","","1億円以上","20210","","2021年度","","74,692,457","51,656,518","20,236,961","2,798,978"
"128","","小売業","23","","1億円以上","20220","","2022年度","","76,347,606","52,733,550","20,280,213","3,333,843"
"128","","小売業","23","","1億円以上","20230","","2023年度","","86,274,933","59,150,010","23,218,084","3,906,839"
"128","","小売業","23","","1億円以上","20240","","2024年度","","76,861,390","51,440,655","21,513,985","3,906,750"
"128","","小売業","22","","1億円未満","20150","","2015年度","","102,830,496","73,921,129","27,694,191","1,215,176"
"128","","小売業","22","","1億円未満","20160","","2016年度","","99,757,059","69,522,966","29,628,439","605,654"
"128","","小売業","22","","1億円未満","20170","","2017年度","","116,474,179","84,595,813","31,032,536","845,830"
"128","","小売業","22","","1億円未満","20180","","2018年度","","107,140,371","77,795,740","28,043,607","1,301,024"
"128","","小売業","22","","1億円未満","20190","","2019年度","","109,331,439","77,886,059","30,187,913","1,257,467"
"128","","小売業","22","","1億円未満","20200","","2020年度","","105,583,008","74,988,670","29,996,796","597,542"
"128","","小売業","22","","1億円未満","20210","","2021年度","","105,208,252","72,629,128","31,827,039","752,085"
"128","","小売業","22","","1億円未満","20220","","2022年度","","121,173,436","84,636,925","35,669,470","867,041"
"128","","小売業","22","","1億円未満","20230","","2023年度","","130,023,419","93,482,165","34,906,402","1,634,852"
"128","","小売業","22","","1億円未満","20240","","2024年度","","129,141,492","93,816,968","33,652,792","1,671,732"
"128","","小売業","20","","2千万円以上 - 5千万円未満","20150","","2015年度","","19,845,574","15,116,533","4,157,778","571,263"
"128","","小売業","20","","2千万円以上 - 5千万円未満","20160","","2016年度","","16,070,997","11,699,869","3,972,565","398,563"
"128","","小売業","20","","2千万円以上 - 5千万円未満","20170","","2017年度","","20,606,839","16,181,626","4,083,764","341,449"
"128","","小売業","20","","2千万円以上 - 5千万円未満","20180","","2018年度","","26,794,044","20,149,946","6,354,477","289,621"
"128","","小売業","20","","2千万円以上 - 5千万円未満","20190","","2019年度","","24,959,157","18,346,367","6,369,463","243,327"
"128","","小売業","20","","2千万円以上 - 5千万円未満","20200","","2020年度","","20,721,261","15,119,351","5,429,180","172,730"
"128","","小売業","20","","2千万円以上 - 5千万円未満","20210","","2021年度","","28,308,728","20,252,992","7,382,014","673,722"
"128","","小売業","20","","2千万円以上 - 5千万円未満","20220","","2022年度","","30,266,642","22,652,309","6,983,954","630,379"
"128","","小売業","20","","2千万円以上 - 5千万円未満","20230","","2023年度","","29,399,159","22,429,338","6,227,574","742,247"
"128","","小売業","20","","2千万円以上 - 5千万円未満","20240","","2024年度","","22,646,236","17,151,540","4,941,814","552,882"
"128","","小売業","17","","1千万円以上 - 2千万円未満","20150","","2015年度","","29,401,931","19,755,319","9,408,399","238,213"
"128","","小売業","17","","1千万円以上 - 2千万円未満","20160","","2016年度","","37,538,244","24,380,949","13,248,172","-90,877"
"128","","小売業","17","","1千万円以上 - 2千万円未満","20170","","2017年度","","36,136,674","24,952,972","11,184,287","-585"
"128","","小売業","17","","1千万円以上 - 2千万円未満","20180","","2018年度","","20,581,102","14,002,201","6,474,185","104,716"
"128","","小売業","17","","1千万円以上 - 2千万円未満","20190","","2019年度","","22,733,789","15,508,717","6,794,654","430,418"
"128","","小売業","17","","1千万円以上 - 2千万円未満","20200","","2020年度","","19,946,450","13,236,178","6,676,179","34,093"
"128","","小売業","17","","1千万円以上 - 2千万円未満","20210","","2021年度","","22,921,678","14,758,394","8,008,126","155,158"
"128","","小売業","17","","1千万円以上 - 2千万円未満","20220","","2022年度","","24,054,687","16,140,170","8,054,070","-139,553"
"128","","小売業","17","","1千万円以上 - 2千万円未満","20230","","2023年度","","22,334,192","15,184,431","7,596,241","-446,480"
"128","","小売業","17","","1千万円以上 - 2千万円未満","20240","","2024年度","","26,879,118","19,395,094","7,480,373","3,651"
"139","","宿泊業","26","","全規模","20150","","2015年度","","6,878,113","2,089,372","4,437,037","351,704"
"139","","宿泊業","26","","全規模","20160","","2016年度","","7,809,578","2,602,045","4,650,902","556,631"
"139","","宿泊業","26","","全規模","20170","","2017年度","","8,690,169","2,835,277","5,230,423","624,469"
"139","","宿泊業","26","","全規模","20180","","2018年度","","8,031,433","2,681,393","5,051,898","298,142"
"139","","宿泊業","26","","全規模","20190","","2019年度","","6,833,300","1,934,068","4,889,555","9,677"
"139","","宿泊業","26","","全規模","20200","","2020年度","","4,161,259","1,360,295","3,904,592","-1,103,628"
"139","","宿泊業","26","","全規模","20210","","2021年度","","4,524,720","1,500,015","4,158,441","-1,133,736"
"139","","宿泊業","26","","全規模","20220","","2022年度","","5,795,492","1,810,188","4,035,529","-50,225"
"139","","宿泊業","26","","全規模","20230","","2023年度","","7,965,932","2,819,565","4,719,119","427,248"
"139","","宿泊業","26","","全規模","20240","","2024年度","","10,179,084","3,580,725","5,931,421","666,938"
"139","","宿泊業","25","","10億円以上","20150","","2015年度","","908,507","428,640","407,614","72,253"
"139","","宿泊業","25","","10億円以上","20160","","2016年度","","908,723","423,019","409,491","76,213"
"139","","宿泊業","25","","10億円以上","20170","","2017年度","","930,082","433,410","418,149","78,523"
"139","","宿泊業","25","","10億円以上","20180","","2018年度","","826,188","321,785","443,772","60,631"
"139","","宿泊業","25","","10億円以上","20190","","2019年度","","797,854","324,578","440,503","32,773"
"139","","宿泊業","25","","10億円以上","20200","","2020年度","","474,206","323,272","337,694","-186,760"
"139","","宿泊業","25","","10億円以上","20210","","2021年度","","462,701","261,808","312,238","-111,345"
"139","","宿泊業","25","","10億円以上","20220","","2022年度","","385,011","182,654","188,542","13,815"
"139","","宿泊業","25","","10億円以上","20230","","2023年度","","438,428","190,237","200,037","48,154"
"139","","宿泊業","25","","10億円以上","20240","","2024年度","","528,723","213,250","261,205","54,268"
"139","","宿泊業","24","","1億円以上 - 10億円未満","20150","","2015年度","","1,510,486","406,440","1,022,292","81,754"
"139","","宿泊業","24","","1億円以上 - 10億円未満","20160","","2016年度","","1,506,598","393,895","1,045,552","67,151"
"139","","宿泊業","24","","1億円以上 - 10億円未満","20170","","2017年度","","1,830,861","609,636","1,138,014","83,211"
"139","","宿泊業","24","","1億円以上 - 10億円未満","20180","","2018年度","","1,489,841","567,992","864,988","56,861"
"139","","宿泊業","24","","1億円以上 - 10億円未満","20190","","2019年度","","1,463,513","518,061","944,835","617"
"139","","宿泊業","24","","1億円以上 - 10億円未満","20200","","2020年度","","483,569","198,119","561,498","-276,048"
"139","","宿泊業","24","","1億円以上 - 10億円未満","20210","","2021年度","","760,235","197,182","825,818","-262,765"
"139","","宿泊業","24","","1億円以上 - 10億円未満","20220","","2022年度","","1,561,929","639,327","946,460","-23,858"
"139","","宿泊業","24","","1億円以上 - 10億円未満","20230","","2023年度","","1,772,563","582,379","1,082,639","107,545"
"139","","宿泊業","24","","1億円以上 - 10億円未満","20240","","2024年度","","2,420,197","830,606","1,348,540","241,051"
"139","","宿泊業","21","","5千万円以上 - 1億円未満","20150","","2015年度","","1,836,263","737,231","961,963","137,069"
"139","","宿泊業","21","","5千万円以上 - 1億円未満","20160","","2016年度","","1,684,959","820,095","700,921","163,943"
"139","","宿泊業","21","","5千万円以上 - 1億円未満","20170","","2017年度","","1,669,936","775,808","754,066","140,062"
"139","","宿泊業","21","","5千万円以上 - 1億円未満","20180","","2018年度","","1,683,627","808,641","726,305","148,681"
"139","","宿泊業","21","","5千万円以上 - 1億円未満","20190","","2019年度","","1,434,454","565,492","844,333","24,629"
"139","","宿泊業","21","","5千万円以上 - 1億円未満","20200","","2020年度","","1,003,876","378,497","981,152","-355,773"
"139","","宿泊業","21","","5千万円以上 - 1億円未満","20210","","2021年度","","961,651","366,995","809,949","-215,293"
"139","","宿泊業","21","","5千万円以上 - 1億円未満","20220","","2022年度","","1,371,459","362,130","993,141","16,188"
"139","","宿泊業","21","","5千万円以上 - 1億円未満","20230","","2023年度","","1,758,747","836,200","809,780","112,767"
"139","","宿泊業","21","","5千万円以上 - 1億円未満","20240","","2024年度","","2,553,126","327,854","1,991,511","233,761"
"139","","宿泊業","19","","1千万円以上 - 1億円未満","20150","","2015年度","","3,229,817","1,016,167","2,013,246","200,404"
"139","","宿泊業","19","","1千万円以上 - 1億円未満","20160","","2016年度","","4,201,361","1,529,086","2,245,304","426,971"
"139","","宿泊業","19","","1千万円以上 - 1億円未満","20170","","2017年度","","4,980,415","1,553,675","2,958,510","468,230"
"139","","宿泊業","19","","1千万円以上 - 1億円未満","20180","","2018年度","","5,055,660","1,674,924","3,162,101","218,635"
"139","","宿泊業","19","","1千万円以上 - 1億円未満","20190","","2019年度","","3,767,333","985,881","2,808,594","-27,142"
"139","","宿泊業","19","","1千万円以上 - 1億円未満","20200","","2020年度","","2,432,467","744,382","2,346,291","-658,206"
"139","","宿泊業","19","","1千万円以上 - 1億円未満","20210","","2021年度","","2,617,152","949,116","2,348,524","-680,488"
"139","","宿泊業","19","","1千万円以上 - 1億円未満","20220","","2022年度","","3,240,945","869,942","2,397,271","-26,268"
"139","","宿泊業","19","","1千万円以上 - 1億円未満","20230","","2023年度","","4,404,211","1,856,542","2,363,682","183,987"
"139","","宿泊業","19","","1千万円以上 - 1億円未満","20240","","2024年度","","5,877,473","2,227,659","3,385,963","263,851"
"139","","宿泊業","18","","1千万円以上 - 5千万円未満","20150","","2015年度","","1,393,554","278,936","1,051,283","63,335"
"139","","宿泊業","18","","1千万円以上 - 5千万円未満","20160","","2016年度","","2,516,402","708,991","1,544,383","263,028"
"139","","宿泊業","18","","1千万円以上 - 5千万円未満","20170","","2017年度","","3,310,479","777,867","2,204,444","328,168"
"139","","宿泊業","18","","1千万円以上 - 5千万円未満","20180","","2018年度","","3,372,033","866,283","2,435,796","69,954"
"139","","宿泊業","18","","1千万円以上 - 5千万円未満","20190","","2019年度","","2,332,879","420,389","1,964,261","-51,771"
"139","","宿泊業","18","","1千万円以上 - 5千万円未満","20200","","2020年度","","1,428,591","365,885","1,365,139","-302,433"
"139","","宿泊業","18","","1千万円以上 - 5千万円未満","20210","","2021年度","","1,655,501","582,121","1,538,575","-465,195"
"139","","宿泊業","18","","1千万円以上 - 5千万円未満","20220","","2022年度","","1,869,486","507,812","1,404,130","-42,456"
"139","","宿泊業","18","","1千万円以上 - 5千万円未満","20230","","2023年度","","2,645,464","1,020,342","1,553,902","71,220"
"139","","宿泊業","18","","1千万円以上 - 5千万円未満","20240","","2024年度","","3,324,347","1,899,805","1,394,452","30,090"
"139","","宿泊業","16","","1千万円未満","20150","","2015年度","","1,229,303","238,125","993,885","-2,707"
"139","","宿泊業","16","","1千万円未満","20160","","2016年度","","1,192,896","256,045","950,555","-13,704"
"139","","宿泊業","16","","1千万円未満","20170","","2017年度","","948,811","238,556","715,750","-5,495"
"139","","宿泊業","16","","1千万円未満","20180","","2018年度","","659,744","116,692","581,037","-37,985"
"139","","宿泊業","16","","1千万円未満","20190","","2019年度","","804,600","105,548","695,623","3,429"
"139","","宿泊業","16","","1千万円未満","20200","","2020年度","","771,017","94,522","659,109","17,386"
"139","","宿泊業","16","","1千万円未満","20210","","2021年度","","684,632","91,909","671,861","-79,138"
"139","","宿泊業","16","","1千万円未満","20220","","2022年度","","607,607","118,265","503,256","-13,914"
"139","","宿泊業","16","","1千万円未満","20230","","2023年度","","1,350,730","190,407","1,072,761","87,562"
"139","","宿泊業","16","","1千万円未満","20240","","2024年度","","1,352,691","309,210","935,713","107,768"
"139","","宿泊業","23","","1億円以上","20150","","2015年度","","2,418,993","835,080","1,429,906","154,007"
"139","","宿泊業","23","","1億円以上","20160","","2016年度","","2,415,321","816,914","1,455,043","143,364"
"139","","宿泊業","23","","1億円以上","20170","","2017年度","","2,760,943","1,043,046","1,556,163","161,734"
"139","","宿泊業","23","","1億円以上","20180","","2018年度","","2,316,029","889,777","1,308,760","117,492"
"139","","宿泊業","23","","1億円以上","20190","","2019年度","","2,261,367","842,639","1,385,338","33,390"
"139","","宿泊業","23","","1億円以上","20200","","2020年度","","957,775","521,391","899,192","-462,808"
"139","","宿泊業","23","","1億円以上","20210","","2021年度","","1,222,936","458,990","1,138,056","-374,110"
"139","","宿泊業","23","","1億円以上","20220","","2022年度","","1,946,940","821,981","1,135,002","-10,043"
"139","","宿泊業","23","","1億円以上","20230","","2023年度","","2,210,991","772,616","1,282,676","155,699"
"139","","宿泊業","23","","1億円以上","20240","","2024年度","","2,948,920","1,043,856","1,609,745","295,319"
"139","","宿泊業","22","","1億円未満","20150","","2015年度","","4,459,120","1,254,292","3,007,131","197,697"
"139","","宿泊業","22","","1億円未満","20160","","2016年度","","5,394,257","1,785,131","3,195,859","413,267"
"139","","宿泊業","22","","1億円未満","20170","","2017年度","","5,929,226","1,792,231","3,674,260","462,735"
"139","","宿泊業","22","","1億円未満","20180","","2018年度","","5,715,404","1,791,616","3,743,138","180,650"
"139","","宿泊業","22","","1億円未満","20190","","2019年度","","4,571,933","1,091,429","3,504,217","-23,713"
"139","","宿泊業","22","","1億円未満","20200","","2020年度","","3,203,484","838,904","3,005,400","-640,820"
"139","","宿泊業","22","","1億円未満","20210","","2021年度","","3,301,784","1,041,025","3,020,385","-759,626"
"139","","宿泊業","22","","1億円未満","20220","","2022年度","","3,848,552","988,207","2,900,527","-40,182"
"139","","宿泊業","22","","1億円未満","20230","","2023年度","","5,754,941","2,046,949","3,436,443","271,549"
"139","","宿泊業","22","","1億円未満","20240","","2024年度","","7,230,164","2,536,869","4,321,676","371,619"
"139","","宿泊業","20","","2千万円以上 - 5千万円未満","20150","","2015年度","","556,616","114,078","440,323","2,215"
"139","","宿泊業","20","","2千万円以上 - 5千万円未満","20160","","2016年度","","813,098","327,527","451,323","34,248"
"139","","宿泊業","20","","2千万円以上 - 5千万円未満","20170","","2017年度","","871,409","224,356","607,163","39,890"
"139","","宿泊業","20","","2千万円以上 - 5千万円未満","20180","","2018年度","","796,476","158,675","616,337","21,464"
"139","","宿泊業","20","","2千万円以上 - 5千万円未満","20190","","2019年度","","648,691","168,169","485,736","-5,214"
"139","","宿泊業","20","","2千万円以上 - 5千万円未満","20200","","2020年度","","434,048","183,803","353,481","-103,236"
"139","","宿泊業","20","","2千万円以上 - 5千万円未満","20210","","2021年度","","257,691","60,641","273,443","-76,393"
"139","","宿泊業","20","","2千万円以上 - 5千万円未満","20220","","2022年度","","457,199","139,080","340,180","-22,061"
"139","","宿泊業","20","","2千万円以上 - 5千万円未満","20230","","2023年度","","642,444","189,370","438,875","14,199"
"139","","宿泊業","20","","2千万円以上 - 5千万円未満","20240","","2024年度","","994,999","314,415","641,392","39,192"
"139","","宿泊業","17","","1千万円以上 - 2千万円未満","20150","","2015年度","","836,938","164,858","610,960","61,120"
"139","","宿泊業","17","","1千万円以上 - 2千万円未満","20160","","2016年度","","1,703,304","381,464","1,093,060","228,780"
"139","","宿泊業","17","","1千万円以上 - 2千万円未満","20170","","2017年度","","2,439,070","553,511","1,597,281","288,278"
"139","","宿泊業","17","","1千万円以上 - 2千万円未満","20180","","2018年度","","2,575,557","707,608","1,819,459","48,490"
"139","","宿泊業","17","","1千万円以上 - 2千万円未満","20190","","2019年度","","1,684,188","252,220","1,478,525","-46,557"
"139","","宿泊業","17","","1千万円以上 - 2千万円未満","20200","","2020年度","","994,543","182,082","1,011,658","-199,197"
"139","","宿泊業","17","","1千万円以上 - 2千万円未満","20210","","2021年度","","1,397,810","521,480","1,265,132","-388,802"
"139","","宿泊業","17","","1千万円以上 - 2千万円未満","20220","","2022年度","","1,412,287","368,732","1,063,950","-20,395"
"139","","宿泊業","17","","1千万円以上 - 2千万円未満","20230","","2023年度","","2,003,020","830,972","1,115,027","57,021"
"139","","宿泊業","17","","1千万円以上 - 2千万円未満","20240","","2024年度","","2,329,348","1,585,390","753,060","-9,102"
"148","","飲食サービス業","26","","全規模","20150","","2015年度","","22,173,007","7,766,113","14,086,461","320,433"
"148","","飲食サービス業","26","","全規模","20160","","2016年度","","22,838,617","9,014,110","13,452,630","371,877"
"148","","飲食サービス業","26","","全規模","20170","","2017年度","","21,989,714","9,096,774","12,424,661","468,279"
"148","","飲食サービス業","26","","全規模","20180","","2018年度","","20,283,624","7,935,078","11,947,996","400,550"
"148","","飲食サービス業","26","","全規模","20190","","2019年度","","20,846,517","7,965,637","12,665,268","215,612"
"148","","飲食サービス業","26","","全規模","20200","","2020年度","","16,150,139","6,402,813","11,202,609","-1,455,283"
"148","","飲食サービス業","26","","全規模","20210","","2021年度","","18,309,962","6,948,989","14,351,748","-2,990,775"
"148","","飲食サービス業","26","","全規模","20220","","2022年度","","20,108,523","7,839,780","13,358,363","-1,089,620"
"148","","飲食サービス業","26","","全規模","20230","","2023年度","","21,658,939","8,168,392","13,498,088","-7,541"
"148","","飲食サービス業","26","","全規模","20240","","2024年度","","23,987,314","9,391,066","14,307,021","289,227"
"148","","飲食サービス業","25","","10億円以上","20150","","2015年度","","4,257,504","1,525,056","2,521,390","211,058"
"148","","飲食サービス業","25","","10億円以上","20160","","2016年度","","2,931,840","1,431,013","1,361,404","139,423"
"148","","飲食サービス業","25","","10億円以上","20170","","2017年度","","2,791,487","1,411,440","1,252,878","127,169"
"148","","飲食サービス業","25","","10億円以上","20180","","2018年度","","2,461,342","1,045,928","1,309,235","106,179"
"148","","飲食サービス業","25","","10億円以上","20190","","2019年度","","2,480,380","1,118,408","1,259,462","102,510"
"148","","飲食サービス業","25","","10億円以上","20200","","2020年度","","2,279,285","1,174,739","1,188,346","-83,800"
"148","","飲食サービス業","25","","10億円以上","20210","","2021年度","","2,134,636","1,185,595","967,240","-18,199"
"148","","飲食サービス業","25","","10億円以上","20220","","2022年度","","1,981,852","917,963","1,016,926","46,963"
"148","","飲食サービス業","25","","10億円以上","20230","","2023年度","","2,550,000","1,210,516","1,245,280","94,204"
"148","","飲食サービス業","25","","10億円以上","20240","","2024年度","","2,730,140","1,184,465","1,401,070","144,605"
"148","","飲食サービス業","24","","1億円以上 - 10億円未満","20150","","2015年度","","3,186,691","1,434,844","1,682,506","69,341"
"148","","飲食サービス業","24","","1億円以上 - 10億円未満","20160","","2016年度","","3,965,321","1,970,389","1,892,423","102,509"
"148","","飲食サービス業","24","","1億円以上 - 10億円未満","20170","","2017年度","","3,319,321","1,468,001","1,773,665","77,655"
"148","","飲食サービス業","24","","1億円以上 - 10億円未満","20180","","2018年度","","2,367,174","947,225","1,367,823","52,126"
"148","","飲食サービス業","24","","1億円以上 - 10億円未満","20190","","2019年度","","2,561,684","927,219","1,605,281","29,184"
"148","","飲食サービス業","24","","1億円以上 - 10億円未満","20200","","2020年度","","2,185,463","875,525","1,500,632","-190,694"
"148","","飲食サービス業","24","","1億円以上 - 10億円未満","20210","","2021年度","","1,987,717","780,594","1,322,616","-115,493"
"148","","飲食サービス業","24","","1億円以上 - 10億円未満","20220","","2022年度","","2,732,299","1,132,715","1,591,104","8,480"
"148","","飲食サービス業","24","","1億円以上 - 10億円未満","20230","","2023年度","","2,398,974","973,711","1,343,882","81,381"
"148","","飲食サービス業","24","","1億円以上 - 10億円未満","20240","","2024年度","","2,329,197","1,005,221","1,203,429","120,547"
"148","","飲食サービス業","21","","5千万円以上 - 1億円未満","20150","","2015年度","","1,072,567","443,634","572,220","56,713"
"148","","飲食サービス業","21","","5千万円以上 - 1億円未満","20160","","2016年度","","2,810,579","1,138,366","1,564,753","107,460"
"148","","飲食サービス業","21","","5千万円以上 - 1億円未満","20170","","2017年度","","2,929,201","1,278,803","1,598,379","52,019"
"148","","飲食サービス業","21","","5千万円以上 - 1億円未満","20180","","2018年度","","2,989,952","1,310,740","1,610,075","69,137"
"148","","飲食サービス業","21","","5千万円以上 - 1億円未満","20190","","2019年度","","2,543,695","833,239","1,664,121","46,335"
"148","","飲食サービス業","21","","5千万円以上 - 1億円未満","20200","","2020年度","","1,728,547","585,832","1,622,943","-480,228"
"148","","飲食サービス業","21","","5千万円以上 - 1億円未満","20210","","2021年度","","2,139,357","825,693","1,769,988","-456,324"
"148","","飲食サービス業","21","","5千万円以上 - 1億円未満","20220","","2022年度","","2,022,271","888,670","1,158,907","-25,306"
"148","","飲食サービス業","21","","5千万円以上 - 1億円未満","20230","","2023年度","","4,178,469","1,615,001","2,414,587","148,881"
"148","","飲食サービス業","21","","5千万円以上 - 1億円未満","20240","","2024年度","","3,311,581","1,287,665","1,904,972","118,944"
"148","","飲食サービス業","19","","1千万円以上 - 1億円未満","20150","","2015年度","","7,532,848","2,945,966","4,393,773","193,109"
"148","","飲食サービス業","19","","1千万円以上 - 1億円未満","20160","","2016年度","","8,844,813","3,781,315","4,788,610","274,888"
"148","","飲食サービス業","19","","1千万円以上 - 1億円未満","20170","","2017年度","","9,352,764","3,753,481","5,378,106","221,177"
"148","","飲食サービス業","19","","1千万円以上 - 1億円未満","20180","","2018年度","","9,820,571","3,855,896","5,727,959","236,716"
"148","","飲食サービス業","19","","1千万円以上 - 1億円未満","20190","","2019年度","","10,285,476","4,010,069","6,222,619","52,788"
"148","","飲食サービス業","19","","1千万円以上 - 1億円未満","20200","","2020年度","","7,189,573","2,860,577","5,091,920","-762,924"
"148","","飲食サービス業","19","","1千万円以上 - 1億円未満","20210","","2021年度","","9,192,982","3,286,190","7,590,323","-1,683,531"
"148","","飲食サービス業","19","","1千万円以上 - 1億円未満","20220","","2022年度","","9,788,671","3,692,584","6,636,904","-540,817"
"148","","飲食サービス業","19","","1千万円以上 - 1億円未満","20230","","2023年度","","11,466,707","4,294,446","6,997,636","174,625"
"148","","飲食サービス業","19","","1千万円以上 - 1億円未満","20240","","2024年度","","11,258,204","4,994,466","5,998,563","265,175"
"148","","飲食サービス業","18","","1千万円以上 - 5千万円未満","20150","","2015年度","","6,460,281","2,502,332","3,821,553","136,396"
"148","","飲食サービス業","18","","1千万円以上 - 5千万円未満","20160","","2016年度","","6,034,234","2,642,949","3,223,857","167,428"
"148","","飲食サービス業","18","","1千万円以上 - 5千万円未満","20170","","2017年度","","6,423,563","2,474,678","3,779,727","169,158"
"148","","飲食サービス業","18","","1千万円以上 - 5千万円未満","20180","","2018年度","","6,830,619","2,545,156","4,117,884","167,579"
"148","","飲食サービス業","18","","1千万円以上 - 5千万円未満","20190","","2019年度","","7,741,781","3,176,830","4,558,498","6,453"
"148","","飲食サービス業","18","","1千万円以上 - 5千万円未満","20200","","2020年度","","5,461,026","2,274,745","3,468,977","-282,696"
"148","","飲食サービス業","18","","1千万円以上 - 5千万円未満","20210","","2021年度","","7,053,625","2,460,497","5,820,335","-1,227,207"
"148","","飲食サービス業","18","","1千万円以上 - 5千万円未満","20220","","2022年度","","7,766,400","2,803,914","5,477,997","-515,511"
"148","","飲食サービス業","18","","1千万円以上 - 5千万円未満","20230","","2023年度","","7,288,238","2,679,445","4,583,049","25,744"
"148","","飲食サービス業","18","","1千万円以上 - 5千万円未満","20240","","2024年度","","7,946,623","3,706,801","4,093,591","146,231"
"148","","飲食サービス業","16","","1千万円未満","20150","","2015年度","","7,195,964","1,860,247","5,488,792","-153,075"
"148","","飲食サービス業","16","","1千万円未満","20160","","2016年度","","7,096,643","1,831,393","5,410,193","-144,943"
"148","","飲食サービス業","16","","1千万円未満","20170","","2017年度","","6,526,142","2,463,852","4,020,012","42,278"
"148","","飲食サービス業","16","","1千万円未満","20180","","2018年度","","5,634,537","2,086,029","3,542,979","5,529"
"148","","飲食サービス業","16","","1千万円未満","20190","","2019年度","","5,518,977","1,909,941","3,577,906","31,130"
"148","","飲食サービス業","16","","1千万円未満","20200","","2020年度","","4,495,818","1,491,972","3,421,711","-417,865"
"148","","飲食サービス業","16","","1千万円未満","20210","","2021年度","","4,994,627","1,696,610","4,471,569","-1,173,552"
"148","","飲食サービス業","16","","1千万円未満","20220","","2022年度","","5,605,701","2,096,518","4,113,429","-604,246"
"148","","飲食サービス業","16","","1千万円未満","20230","","2023年度","","5,243,258","1,689,719","3,911,290","-357,751"
"148","","飲食サービス業","16","","1千万円未満","20240","","2024年度","","7,669,773","2,206,914","5,703,959","-241,100"
"148","","飲食サービス業","23","","1億円以上","20150","","2015年度","","7,444,195","2,959,900","4,203,896","280,399"
"148","","飲食サービス業","23","","1億円以上","20160","","2016年度","","6,897,161","3,401,402","3,253,827","241,932"
"148","","飲食サービス業","23","","1億円以上","20170","","2017年度","","6,110,808","2,879,441","3,026,543","204,824"
"148","","飲食サービス業","23","","1億円以上","20180","","2018年度","","4,828,516","1,993,153","2,677,058","158,305"
"148","","飲食サービス業","23","","1億円以上","20190","","2019年度","","5,042,064","2,045,627","2,864,743","131,694"
"148","","飲食サービス業","23","","1億円以上","20200","","2020年度","","4,464,748","2,050,264","2,688,978","-274,494"
"148","","飲食サービス業","23","","1億円以上","20210","","2021年度","","4,122,353","1,966,189","2,289,856","-133,692"
"148","","飲食サービス業","23","","1億円以上","20220","","2022年度","","4,714,151","2,050,678","2,608,030","55,443"
"148","","飲食サービス業","23","","1億円以上","20230","","2023年度","","4,948,974","2,184,227","2,589,162","175,585"
"148","","飲食サービス業","23","","1億円以上","20240","","2024年度","","5,059,337","2,189,686","2,604,499","265,152"
"148","","飲食サービス業","22","","1億円未満","20150","","2015年度","","14,728,812","4,806,213","9,882,565","40,034"
"148","","飲食サービス業","22","","1億円未満","20160","","2016年度","","15,941,456","5,612,708","10,198,803","129,945"
"148","","飲食サービス業","22","","1億円未満","20170","","2017年度","","15,878,906","6,217,333","9,398,118","263,455"
"148","","飲食サービス業","22","","1億円未満","20180","","2018年度","","15,455,108","5,941,925","9,270,938","242,245"
"148","","飲食サービス業","22","","1億円未満","20190","","2019年度","","15,804,453","5,920,010","9,800,525","83,918"
"148","","飲食サービス業","22","","1億円未満","20200","","2020年度","","11,685,391","4,352,549","8,513,631","-1,180,789"
"148","","飲食サービス業","22","","1億円未満","20210","","2021年度","","14,187,609","4,982,800","12,061,892","-2,857,083"
"148","","飲食サービス業","22","","1億円未満","20220","","2022年度","","15,394,372","5,789,102","10,750,333","-1,145,063"
"148","","飲食サービス業","22","","1億円未満","20230","","2023年度","","16,709,965","5,984,165","10,908,926","-183,126"
"148","","飲食サービス業","22","","1億円未満","20240","","2024年度","","18,927,977","7,201,380","11,702,522","24,075"
"148","","飲食サービス業","20","","2千万円以上 - 5千万円未満","20150","","2015年度","","1,807,137","618,181","1,145,741","43,215"
"148","","飲食サービス業","20","","2千万円以上 - 5千万円未満","20160","","2016年度","","1,500,792","562,116","892,719","45,957"
"148","","飲食サービス業","20","","2千万円以上 - 5千万円未満","20170","","2017年度","","3,438,738","1,353,284","1,991,712","93,742"
"148","","飲食サービス業","20","","2千万円以上 - 5千万円未満","20180","","2018年度","","3,565,055","1,396,234","2,049,904","118,917"
"148","","飲食サービス業","20","","2千万円以上 - 5千万円未満","20190","","2019年度","","3,290,958","1,560,093","1,703,695","27,170"
"148","","飲食サービス業","20","","2千万円以上 - 5千万円未満","20200","","2020年度","","2,208,721","1,078,397","1,235,771","-105,447"
"148","","飲食サービス業","20","","2千万円以上 - 5千万円未満","20210","","2021年度","","2,297,913","749,544","1,756,110","-207,741"
"148","","飲食サービス業","20","","2千万円以上 - 5千万円未満","20220","","2022年度","","2,907,709","1,090,790","2,125,193","-308,274"
"148","","飲食サービス業","20","","2千万円以上 - 5千万円未満","20230","","2023年度","","1,796,151","634,292","1,125,276","36,583"
"148","","飲食サービス業","20","","2千万円以上 - 5千万円未満","20240","","2024年度","","2,485,930","955,021","1,489,703","41,206"
"148","","飲食サービス業","17","","1千万円以上 - 2千万円未満","20150","","2015年度","","4,653,144","1,884,151","2,675,812","93,181"
"148","","飲食サービス業","17","","1千万円以上 - 2千万円未満","20160","","2016年度","","4,533,442","2,080,833","2,331,138","121,471"
"148","","飲食サービス業","17","","1千万円以上 - 2千万円未満","20170","","2017年度","","2,984,825","1,121,394","1,788,015","75,416"
"148","","飲食サービス業","17","","1千万円以上 - 2千万円未満","20180","","2018年度","","3,265,564","1,148,922","2,067,980","48,662"
"148","","飲食サービス業","17","","1千万円以上 - 2千万円未満","20190","","2019年度","","4,450,823","1,616,737","2,854,803","-20,717"
"148","","飲食サービス業","17","","1千万円以上 - 2千万円未満","20200","","2020年度","","3,252,305","1,196,348","2,233,206","-177,249"
"148","","飲食サービス業","17","","1千万円以上 - 2千万円未満","20210","","2021年度","","4,755,712","1,710,953","4,064,225","-1,019,466"
"148","","飲食サービス業","17","","1千万円以上 - 2千万円未満","20220","","2022年度","","4,858,691","1,713,124","3,352,804","-207,237"
"148","","飲食サービス業","17","","1千万円以上 - 2千万円未満","20230","","2023年度","","5,492,087","2,045,153","3,457,773","-10,839"
"148","","飲食サービス業","17","","1千万円以上 - 2千万円未満","20240","","2024年度","","5,460,693","2,751,780","2,603,888","105,025"
"160","","職業紹介・労働者派遣業","26","","全規模","20150","","2015年度","","7,759,043","5,299,638","2,137,654","321,751"
"160","","職業紹介・労働者派遣業","26","","全規模","20160","","2016年度","","9,004,630","6,211,181","2,457,362","336,087"
"160","","職業紹介・労働者派遣業","26","","全規模","20170","","2017年度","","9,312,179","6,500,082","2,422,630","389,467"
"160","","職業紹介・労働者派遣業","26","","全規模","20180","","2018年度","","9,546,711","6,241,237","2,900,554","404,920"
"160","","職業紹介・労働者派遣業","26","","全規模","20190","","2019年度","","9,090,441","5,836,615","2,946,034","307,792"
"160","","職業紹介・労働者派遣業","26","","全規模","20200","","2020年度","","7,653,661","4,532,337","2,936,940","184,384"
"160","","職業紹介・労働者派遣業","26","","全規模","20210","","2021年度","","9,981,025","6,667,580","2,870,773","442,672"
"160","","職業紹介・労働者派遣業","26","","全規模","20220","","2022年度","","9,626,134","5,666,463","3,510,100","449,571"
"160","","職業紹介・労働者派遣業","26","","全規模","20230","","2023年度","","11,119,011","6,638,512","3,974,854","505,645"
"160","","職業紹介・労働者派遣業","26","","全規模","20240","","2024年度","","11,124,352","7,380,643","3,308,753","434,956"
"160","","職業紹介・労働者派遣業","25","","10億円以上","20150","","2015年度","","1,178,452","954,670","161,729","62,053"
"160","","職業紹介・労働者派遣業","25","","10億円以上","20160","","2016年度","","985,100","738,556","178,615","67,929"
"160","","職業紹介・労働者派遣業","25","","10億円以上","20170","","2017年度","","1,061,350","796,924","183,756","80,670"
"160","","職業紹介・労働者派遣業","25","","10億円以上","20180","","2018年度","","1,084,653","862,442","145,542","76,669"
"160","","職業紹介・労働者派遣業","25","","10億円以上","20190","","2019年度","","1,141,025","906,256","154,558","80,211"
"160","","職業紹介・労働者派遣業","25","","10億円以上","20200","","2020年度","","1,240,391","961,423","181,722","97,246"
"160","","職業紹介・労働者派遣業","25","","10億円以上","20210","","2021年度","","1,450,262","1,131,737","197,506","121,019"
"160","","職業紹介・労働者派遣業","25","","10億円以上","20220","","2022年度","","1,051,786","816,749","155,029","80,008"
"160","","職業紹介・労働者派遣業","25","","10億円以上","20230","","2023年度","","1,035,292","795,862","157,772","81,658"
"160","","職業紹介・労働者派遣業","25","","10億円以上","20240","","2024年度","","1,020,716","752,324","202,127","66,265"
"160","","職業紹介・労働者派遣業","24","","1億円以上 - 10億円未満","20150","","2015年度","","1,262,998","1,017,329","188,263","57,406"
"160","","職業紹介・労働者派遣業","24","","1億円以上 - 10億円未満","20160","","2016年度","","2,022,607","1,583,209","332,072","107,326"
"160","","職業紹介・労働者派遣業","24","","1億円以上 - 10億円未満","20170","","2017年度","","2,380,194","1,873,404","401,447","105,343"
"160","","職業紹介・労働者派遣業","24","","1億円以上 - 10億円未満","20180","","2018年度","","1,711,720","1,332,987","298,745","79,988"
"160","","職業紹介・労働者派遣業","24","","1億円以上 - 10億円未満","20190","","2019年度","","1,600,993","1,233,875","301,349","65,769"
"160","","職業紹介・労働者派遣業","24","","1億円以上 - 10億円未満","20200","","2020年度","","1,661,091","1,243,867","323,043","94,181"
"160","","職業紹介・労働者派遣業","24","","1億円以上 - 10億円未満","20210","","2021年度","","3,243,270","2,450,144","569,173","223,953"
"160","","職業紹介・労働者派遣業","24","","1億円以上 - 10億円未満","20220","","2022年度","","3,455,180","2,633,638","568,873","252,669"
"160","","職業紹介・労働者派遣業","24","","1億円以上 - 10億円未満","20230","","2023年度","","3,720,916","2,877,286","582,365","261,265"
"160","","職業紹介・労働者派遣業","24","","1億円以上 - 10億円未満","20240","","2024年度","","4,107,208","3,152,082","702,018","253,108"
"160","","職業紹介・労働者派遣業","21","","5千万円以上 - 1億円未満","20150","","2015年度","","2,225,841","1,642,778","443,321","139,742"
"160","","職業紹介・労働者派遣業","21","","5千万円以上 - 1億円未満","20160","","2016年度","","1,875,560","1,417,445","380,072","78,043"
"160","","職業紹介・労働者派遣業","21","","5千万円以上 - 1億円未満","20170","","2017年度","","1,377,365","1,054,360","280,471","42,534"
"160","","職業紹介・労働者派遣業","21","","5千万円以上 - 1億円未満","20180","","2018年度","","1,282,467","966,249","270,256","45,962"
"160","","職業紹介・労働者派遣業","21","","5千万円以上 - 1億円未満","20190","","2019年度","","1,180,559","843,600","287,316","49,643"
"160","","職業紹介・労働者派遣業","21","","5千万円以上 - 1億円未満","20200","","2020年度","","1,091,952","825,542","279,672","-13,262"
"160","","職業紹介・労働者派遣業","21","","5千万円以上 - 1億円未満","20210","","2021年度","","1,810,960","1,435,442","327,898","47,620"
"160","","職業紹介・労働者派遣業","21","","5千万円以上 - 1億円未満","20220","","2022年度","","986,132","802,151","161,376","22,605"
"160","","職業紹介・労働者派遣業","21","","5千万円以上 - 1億円未満","20230","","2023年度","","1,386,660","1,057,188","329,934","-462"
"160","","職業紹介・労働者派遣業","21","","5千万円以上 - 1億円未満","20240","","2024年度","","1,779,162","1,329,776","399,688","49,698"
"160","","職業紹介・労働者派遣業","19","","1千万円以上 - 1億円未満","20150","","2015年度","","4,405,734","2,780,210","1,452,726","172,798"
"160","","職業紹介・労働者派遣業","19","","1千万円以上 - 1億円未満","20160","","2016年度","","5,008,517","3,396,133","1,452,900","159,484"
"160","","職業紹介・労働者派遣業","19","","1千万円以上 - 1億円未満","20170","","2017年度","","4,735,015","3,141,715","1,405,012","188,288"
"160","","職業紹介・労働者派遣業","19","","1千万円以上 - 1億円未満","20180","","2018年度","","5,657,213","3,581,613","1,861,418","214,182"
"160","","職業紹介・労働者派遣業","19","","1千万円以上 - 1億円未満","20190","","2019年度","","5,697,846","3,595,635","1,946,779","155,432"
"160","","職業紹介・労働者派遣業","19","","1千万円以上 - 1億円未満","20200","","2020年度","","4,154,349","2,277,287","1,838,585","38,477"
"160","","職業紹介・労働者派遣業","19","","1千万円以上 - 1億円未満","20210","","2021年度","","4,428,271","2,630,165","1,696,486","101,620"
"160","","職業紹介・労働者派遣業","19","","1千万円以上 - 1億円未満","20220","","2022年度","","4,058,968","1,750,173","2,211,169","97,626"
"160","","職業紹介・労働者派遣業","19","","1千万円以上 - 1億円未満","20230","","2023年度","","4,889,610","2,438,738","2,375,250","75,622"
"160","","職業紹介・労働者派遣業","19","","1千万円以上 - 1億円未満","20240","","2024年度","","5,134,388","3,064,664","1,972,568","97,156"
"160","","職業紹介・労働者派遣業","18","","1千万円以上 - 5千万円未満","20150","","2015年度","","2,179,893","1,137,432","1,009,405","33,056"
"160","","職業紹介・労働者派遣業","18","","1千万円以上 - 5千万円未満","20160","","2016年度","","3,132,957","1,978,688","1,072,828","81,441"
"160","","職業紹介・労働者派遣業","18","","1千万円以上 - 5千万円未満","20170","","2017年度","","3,357,650","2,087,355","1,124,541","145,754"
"160","","職業紹介・労働者派遣業","18","","1千万円以上 - 5千万円未満","20180","","2018年度","","4,374,746","2,615,364","1,591,162","168,220"
"160","","職業紹介・労働者派遣業","18","","1千万円以上 - 5千万円未満","20190","","2019年度","","4,517,287","2,752,035","1,659,463","105,789"
"160","","職業紹介・労働者派遣業","18","","1千万円以上 - 5千万円未満","20200","","2020年度","","3,062,397","1,451,745","1,558,913","51,739"
"160","","職業紹介・労働者派遣業","18","","1千万円以上 - 5千万円未満","20210","","2021年度","","2,617,311","1,194,723","1,368,588","54,000"
"160","","職業紹介・労働者派遣業","18","","1千万円以上 - 5千万円未満","20220","","2022年度","","3,072,836","948,022","2,049,793","75,021"
"160","","職業紹介・労働者派遣業","18","","1千万円以上 - 5千万円未満","20230","","2023年度","","3,502,950","1,381,550","2,045,316","76,084"
"160","","職業紹介・労働者派遣業","18","","1千万円以上 - 5千万円未満","20240","","2024年度","","3,355,226","1,734,888","1,572,880","47,458"
"160","","職業紹介・労働者派遣業","16","","1千万円未満","20150","","2015年度","","911,859","547,429","334,936","29,494"
"160","","職業紹介・労働者派遣業","16","","1千万円未満","20160","","2016年度","","988,406","493,283","493,775","1,348"
"160","","職業紹介・労働者派遣業","16","","1千万円未満","20170","","2017年度","","1,135,620","688,039","432,415","15,166"
"160","","職業紹介・労働者派遣業","16","","1千万円未満","20180","","2018年度","","1,093,125","464,195","594,849","34,081"
"160","","職業紹介・労働者派遣業","16","","1千万円未満","20190","","2019年度","","650,577","100,849","543,348","6,380"
"160","","職業紹介・労働者派遣業","16","","1千万円未満","20200","","2020年度","","597,830","49,760","593,590","-45,520"
"160","","職業紹介・労働者派遣業","16","","1千万円未満","20210","","2021年度","","859,222","455,534","407,608","-3,920"
"160","","職業紹介・労働者派遣業","16","","1千万円未満","20220","","2022年度","","1,060,200","465,903","575,029","19,268"
"160","","職業紹介・労働者派遣業","16","","1千万円未満","20230","","2023年度","","1,473,193","526,626","859,467","87,100"
"160","","職業紹介・労働者派遣業","16","","1千万円未満","20240","","2024年度","","862,040","411,573","432,040","18,427"
"160","","職業紹介・労働者派遣業","23","","1億円以上","20150","","2015年度","","2,441,450","1,971,999","349,992","119,459"
"160","","職業紹介・労働者派遣業","23","","1億円以上","20160","","2016年度","","3,007,707","2,321,765","510,687","175,255"
"160","","職業紹介・労働者派遣業","23","","1億円以上","20170","","2017年度","","3,441,544","2,670,328","585,203","186,013"
"160","","職業紹介・労働者派遣業","23","","1億円以上","20180","","2018年度","","2,796,373","2,195,429","444,287","156,657"
"160","","職業紹介・労働者派遣業","23","","1億円以上","20190","","2019年度","","2,742,018","2,140,131","455,907","145,980"
"160","","職業紹介・労働者派遣業","23","","1億円以上","20200","","2020年度","","2,901,482","2,205,290","504,765","191,427"
"160","","職業紹介・労働者派遣業","23","","1億円以上","20210","","2021年度","","4,693,532","3,581,881","766,679","344,972"
"160","","職業紹介・労働者派遣業","23","","1億円以上","20220","","2022年度","","4,506,966","3,450,387","723,902","332,677"
"160","","職業紹介・労働者派遣業","23","","1億円以上","20230","","2023年度","","4,756,208","3,673,148","740,137","342,923"
"160","","職業紹介・労働者派遣業","23","","1億円以上","20240","","2024年度","","5,127,924","3,904,406","904,145","319,373"
"160","","職業紹介・労働者派遣業","22","","1億円未満","20150","","2015年度","","5,317,593","3,327,639","1,787,662","202,292"
"160","","職業紹介・労働者派遣業","22","","1億円未満","20160","","2016年度","","5,996,923","3,889,416","1,946,675","160,832"
"160","","職業紹介・労働者派遣業","22","","1億円未満","20170","","2017年度","","5,870,635","3,829,754","1,837,427","203,454"
"160","","職業紹介・労働者派遣業","22","","1億円未満","20180","","2018年度","","6,750,338","4,045,808","2,456,267","248,263"
"160","","職業紹介・労働者派遣業","22","","1億円未満","20190","","2019年度","","6,348,423","3,696,484","2,490,127","161,812"
"160","","職業紹介・労働者派遣業","22","","1億円未満","20200","","2020年度","","4,752,179","2,327,047","2,432,175","-7,043"
"160","","職業紹介・労働者派遣業","22","","1億円未満","20210","","2021年度","","5,287,493","3,085,699","2,104,094","97,700"
"160","","職業紹介・労働者派遣業","22","","1億円未満","20220","","2022年度","","5,119,168","2,216,076","2,786,198","116,894"
"160","","職業紹介・労働者派遣業","22","","1億円未満","20230","","2023年度","","6,362,803","2,965,364","3,234,717","162,722"
"160","","職業紹介・労働者派遣業","22","","1億円未満","20240","","2024年度","","5,996,428","3,476,237","2,404,608","115,583"
"160","","職業紹介・労働者派遣業","20","","2千万円以上 - 5千万円未満","20150","","2015年度","","1,065,907","701,690","349,919","14,298"
"160","","職業紹介・労働者派遣業","20","","2千万円以上 - 5千万円未満","20160","","2016年度","","1,792,622","1,306,344","460,098","26,180"
"160","","職業紹介・労働者派遣業","20","","2千万円以上 - 5千万円未満","20170","","2017年度","","1,786,784","1,089,674","588,891","108,219"
"160","","職業紹介・労働者派遣業","20","","2千万円以上 - 5千万円未満","20180","","2018年度","","2,900,516","1,790,802","962,947","146,767"
"160","","職業紹介・労働者派遣業","20","","2千万円以上 - 5千万円未満","20190","","2019年度","","2,427,329","1,577,169","778,831","71,329"
"160","","職業紹介・労働者派遣業","20","","2千万円以上 - 5千万円未満","20200","","2020年度","","1,854,228","1,168,886","629,883","55,459"
"160","","職業紹介・労働者派遣業","20","","2千万円以上 - 5千万円未満","20210","","2021年度","","1,386,226","827,235","542,297","16,694"
"160","","職業紹介・労働者派遣業","20","","2千万円以上 - 5千万円未満","20220","","2022年度","","1,221,721","544,426","662,196","15,099"
"160","","職業紹介・労働者派遣業","20","","2千万円以上 - 5千万円未満","20230","","2023年度","","1,744,942","851,748","868,779","24,415"
"160","","職業紹介・労働者派遣業","20","","2千万円以上 - 5千万円未満","20240","","2024年度","","2,123,682","1,131,811","982,791","9,080"
"160","","職業紹介・労働者派遣業","17","","1千万円以上 - 2千万円未満","20150","","2015年度","","1,113,986","435,742","659,486","18,758"
"160","","職業紹介・労働者派遣業","17","","1千万円以上 - 2千万円未満","20160","","2016年度","","1,340,335","672,344","612,730","55,261"
"160","","職業紹介・労働者派遣業","17","","1千万円以上 - 2千万円未満","20170","","2017年度","","1,570,866","997,681","535,650","37,535"
"160","","職業紹介・労働者派遣業","17","","1千万円以上 - 2千万円未満","20180","","2018年度","","1,474,230","824,562","628,215","21,453"
"160","","職業紹介・労働者派遣業","17","","1千万円以上 - 2千万円未満","20190","","2019年度","","2,089,958","1,174,866","880,632","34,460"
"160","","職業紹介・労働者派遣業","17","","1千万円以上 - 2千万円未満","20200","","2020年度","","1,208,169","282,859","929,030","-3,720"
"160","","職業紹介・労働者派遣業","17","","1千万円以上 - 2千万円未満","20210","","2021年度","","1,231,085","367,488","826,291","37,306"
"160","","職業紹介・労働者派遣業","17","","1千万円以上 - 2千万円未満","20220","","2022年度","","1,851,115","403,596","1,387,597","59,922"
"160","","職業紹介・労働者派遣業","17","","1千万円以上 - 2千万円未満","20230","","2023年度","","1,758,008","529,802","1,176,537","51,669"
"160","","職業紹介・労働者派遣業","17","","1千万円以上 - 2千万円未満","20240","","2024年度","","1,231,544","603,077","590,089","38,378"
"143","","その他のサービス業","26","","全規模","20150","","2015年度","","36,388,106","24,370,965","10,202,150","1,814,991"
"143","","その他のサービス業","26","","全規模","20160","","2016年度","","41,092,280","26,882,772","11,855,712","2,353,796"
"143","","その他のサービス業","26","","全規模","20170","","2017年度","","42,658,475","27,483,659","12,443,873","2,730,943"
"143","","その他のサービス業","26","","全規模","20180","","2018年度","","42,851,729","27,632,368","12,440,725","2,778,636"
"143","","その他のサービス業","26","","全規模","20190","","2019年度","","41,719,618","27,005,864","12,232,740","2,481,014"
"143","","その他のサービス業","26","","全規模","20200","","2020年度","","39,342,647","25,769,477","12,087,086","1,486,084"
"143","","その他のサービス業","26","","全規模","20210","","2021年度","","38,800,877","24,565,054","12,272,016","1,963,807"
"143","","その他のサービス業","26","","全規模","20220","","2022年度","","41,873,870","25,907,225","13,850,686","2,115,959"
"143","","その他のサービス業","26","","全規模","20230","","2023年度","","43,573,756","28,667,434","12,938,462","1,967,860"
"143","","その他のサービス業","26","","全規模","20240","","2024年度","","49,286,662","32,011,610","14,626,532","2,648,520"
"143","","その他のサービス業","25","","10億円以上","20150","","2015年度","","6,411,288","4,829,065","967,532","614,691"
"143","","その他のサービス業","25","","10億円以上","20160","","2016年度","","8,641,321","6,906,349","972,122","762,850"
"143","","その他のサービス業","25","","10億円以上","20170","","2017年度","","8,695,848","6,986,948","986,686","722,214"
"143","","その他のサービス業","25","","10億円以上","20180","","2018年度","","8,892,691","7,074,991","1,015,442","802,258"
"143","","その他のサービス業","25","","10億円以上","20190","","2019年度","","8,498,141","6,719,414","952,753","825,974"
"143","","その他のサービス業","25","","10億円以上","20200","","2020年度","","7,860,896","6,273,195","935,135","652,566"
"143","","その他のサービス業","25","","10億円以上","20210","","2021年度","","7,838,739","6,183,879","906,532","748,328"
"143","","その他のサービス業","25","","10億円以上","20220","","2022年度","","8,103,545","6,411,370","1,010,487","681,688"
"143","","その他のサービス業","25","","10億円以上","20230","","2023年度","","7,972,247","6,394,613","1,005,527","572,107"
"143","","その他のサービス業","25","","10億円以上","20240","","2024年度","","8,380,527","6,611,784","1,151,118","617,625"
"143","","その他のサービス業","24","","1億円以上 - 10億円未満","20150","","2015年度","","8,520,350","6,650,688","1,353,378","516,284"
"143","","その他のサービス業","24","","1億円以上 - 10億円未満","20160","","2016年度","","7,738,729","5,989,623","1,359,035","390,071"
"143","","その他のサービス業","24","","1億円以上 - 10億円未満","20170","","2017年度","","7,755,844","5,905,966","1,389,963","459,915"
"143","","その他のサービス業","24","","1億円以上 - 10億円未満","20180","","2018年度","","8,388,772","6,468,109","1,396,862","523,801"
"143","","その他のサービス業","24","","1億円以上 - 10億円未満","20190","","2019年度","","9,338,518","7,243,628","1,563,782","531,108"
"143","","その他のサービス業","24","","1億円以上 - 10億円未満","20200","","2020年度","","9,098,660","7,161,063","1,466,287","471,310"
"143","","その他のサービス業","24","","1億円以上 - 10億円未満","20210","","2021年度","","9,994,016","7,597,139","1,725,665","671,212"
"143","","その他のサービス業","24","","1億円以上 - 10億円未満","20220","","2022年度","","9,825,189","7,127,174","1,994,755","703,260"
"143","","その他のサービス業","24","","1億円以上 - 10億円未満","20230","","2023年度","","10,171,149","7,646,458","1,908,632","616,059"
"143","","その他のサービス業","24","","1億円以上 - 10億円未満","20240","","2024年度","","10,736,805","8,192,115","1,865,421","679,269"
"143","","その他のサービス業","21","","5千万円以上 - 1億円未満","20150","","2015年度","","3,790,855","2,777,017","787,219","226,619"
"143","","その他のサービス業","21","","5千万円以上 - 1億円未満","20160","","2016年度","","4,463,486","2,750,199","1,418,722","294,565"
"143","","その他のサービス業","21","","5千万円以上 - 1億円未満","20170","","2017年度","","5,681,302","3,946,409","1,291,852","443,041"
"143","","その他のサービス業","21","","5千万円以上 - 1億円未満","20180","","2018年度","","4,430,652","3,286,732","866,057","277,863"
"143","","その他のサービス業","21","","5千万円以上 - 1億円未満","20190","","2019年度","","4,338,412","2,844,684","1,019,900","473,828"
"143","","その他のサービス業","21","","5千万円以上 - 1億円未満","20200","","2020年度","","4,493,460","3,240,968","1,170,485","82,007"
"143","","その他のサービス業","21","","5千万円以上 - 1億円未満","20210","","2021年度","","3,608,806","2,359,260","1,214,363","35,183"
"143","","その他のサービス業","21","","5千万円以上 - 1億円未満","20220","","2022年度","","4,226,466","2,924,213","1,076,483","225,770"
"143","","その他のサービス業","21","","5千万円以上 - 1億円未満","20230","","2023年度","","4,579,996","3,133,741","1,045,826","400,429"
"143","","その他のサービス業","21","","5千万円以上 - 1億円未満","20240","","2024年度","","5,058,923","3,298,234","1,288,487","472,202"
"143","","その他のサービス業","19","","1千万円以上 - 1億円未満","20150","","2015年度","","16,775,534","10,697,341","5,440,250","637,943"
"143","","その他のサービス業","19","","1千万円以上 - 1億円未満","20160","","2016年度","","19,758,758","12,099,640","6,701,430","957,688"
"143","","その他のサービス業","19","","1千万円以上 - 1億円未満","20170","","2017年度","","20,445,915","12,230,761","6,890,771","1,324,383"
"143","","その他のサービス業","19","","1千万円以上 - 1億円未満","20180","","2018年度","","18,745,217","11,400,838","6,167,322","1,177,057"
"143","","その他のサービス業","19","","1千万円以上 - 1億円未満","20190","","2019年度","","17,788,632","10,853,192","5,860,450","1,074,990"
"143","","その他のサービス業","19","","1千万円以上 - 1億円未満","20200","","2020年度","","17,596,793","10,446,541","6,754,950","395,302"
"143","","その他のサービス業","19","","1千万円以上 - 1億円未満","20210","","2021年度","","15,958,921","9,184,589","6,270,395","503,937"
"143","","その他のサービス業","19","","1千万円以上 - 1億円未満","20220","","2022年度","","18,101,839","10,325,082","7,117,388","659,369"
"143","","その他のサービス業","19","","1千万円以上 - 1億円未満","20230","","2023年度","","18,558,061","11,480,286","6,465,176","612,599"
"143","","その他のサービス業","19","","1千万円以上 - 1億円未満","20240","","2024年度","","19,730,032","12,171,564","6,613,635","944,833"
"143","","その他のサービス業","18","","1千万円以上 - 5千万円未満","20150","","2015年度","","12,984,679","7,920,324","4,653,031","411,324"
"143","","その他のサービス業","18","","1千万円以上 - 5千万円未満","20160","","2016年度","","15,295,272","9,349,441","5,282,708","663,123"
"143","","その他のサービス業","18","","1千万円以上 - 5千万円未満","20170","","2017年度","","14,764,613","8,284,352","5,598,919","881,342"
"143","","その他のサービス業","18","","1千万円以上 - 5千万円未満","20180","","2018年度","","14,314,565","8,114,106","5,301,265","899,194"
"143","","その他のサービス業","18","","1千万円以上 - 5千万円未満","20190","","2019年度","","13,450,220","8,008,508","4,840,550","601,162"
"143","","その他のサービス業","18","","1千万円以上 - 5千万円未満","20200","","2020年度","","13,103,333","7,205,573","5,584,465","313,295"
"143","","その他のサービス業","18","","1千万円以上 - 5千万円未満","20210","","2021年度","","12,350,115","6,825,329","5,056,032","468,754"
"143","","その他のサービス業","18","","1千万円以上 - 5千万円未満","20220","","2022年度","","13,875,373","7,400,869","6,040,905","433,599"
"143","","その他のサービス業","18","","1千万円以上 - 5千万円未満","20230","","2023年度","","13,978,065","8,346,545","5,419,350","212,170"
"143","","その他のサービス業","18","","1千万円以上 - 5千万円未満","20240","","2024年度","","14,671,109","8,873,330","5,325,148","472,631"
"143","","その他のサービス業","16","","1千万円未満","20150","","2015年度","","4,680,934","2,193,871","2,440,990","46,073"
"143","","その他のサービス業","16","","1千万円未満","20160","","2016年度","","4,953,472","1,887,160","2,823,125","243,187"
"143","","その他のサービス業","16","","1千万円未満","20170","","2017年度","","5,760,868","2,359,984","3,176,453","224,431"
"143","","その他のサービス業","16","","1千万円未満","20180","","2018年度","","6,825,049","2,688,430","3,861,099","275,520"
"143","","その他のサービス業","16","","1千万円未満","20190","","2019年度","","6,094,327","2,189,630","3,855,755","48,942"
"143","","その他のサービス業","16","","1千万円未満","20200","","2020年度","","4,786,298","1,888,678","2,930,714","-33,094"
"143","","その他のサービス業","16","","1千万円未満","20210","","2021年度","","5,009,201","1,599,447","3,369,424","40,330"
"143","","その他のサービス業","16","","1千万円未満","20220","","2022年度","","5,843,297","2,043,599","3,728,056","71,642"
"143","","その他のサービス業","16","","1千万円未満","20230","","2023年度","","6,872,299","3,146,077","3,559,127","167,095"
"143","","その他のサービス業","16","","1千万円未満","20240","","2024年度","","10,439,298","5,036,147","4,996,358","406,793"
"143","","その他のサービス業","23","","1億円以上","20150","","2015年度","","14,931,638","11,479,753","2,320,910","1,130,975"
"143","","その他のサービス業","23","","1億円以上","20160","","2016年度","","16,380,050","12,895,972","2,331,157","1,152,921"
"143","","その他のサービス業","23","","1億円以上","20170","","2017年度","","16,451,692","12,892,914","2,376,649","1,182,129"
"143","","その他のサービス業","23","","1億円以上","20180","","2018年度","","17,281,463","13,543,100","2,412,304","1,326,059"
"143","","その他のサービス業","23","","1億円以上","20190","","2019年度","","17,836,659","13,963,042","2,516,535","1,357,082"
"143","","その他のサービス業","23","","1億円以上","20200","","2020年度","","16,959,556","13,434,258","2,401,422","1,123,876"
"143","","その他のサービス業","23","","1億円以上","20210","","2021年度","","17,832,755","13,781,018","2,632,197","1,419,540"
"143","","その他のサービス業","23","","1億円以上","20220","","2022年度","","17,928,734","13,538,544","3,005,242","1,384,948"
"143","","その他のサービス業","23","","1億円以上","20230","","2023年度","","18,143,396","14,041,071","2,914,159","1,188,166"
"143","","その他のサービス業","23","","1億円以上","20240","","2024年度","","19,117,332","14,803,899","3,016,539","1,296,894"
"143","","その他のサービス業","22","","1億円未満","20150","","2015年度","","21,456,468","12,891,212","7,881,240","684,016"
"143","","その他のサービス業","22","","1億円未満","20160","","2016年度","","24,712,230","13,986,800","9,524,555","1,200,875"
"143","","その他のサービス業","22","","1億円未満","20170","","2017年度","","26,206,783","14,590,745","10,067,224","1,548,814"
"143","","その他のサービス業","22","","1億円未満","20180","","2018年度","","25,570,266","14,089,268","10,028,421","1,452,577"
"143","","その他のサービス業","22","","1億円未満","20190","","2019年度","","23,882,959","13,042,822","9,716,205","1,123,932"
"143","","その他のサービス業","22","","1億円未満","20200","","2020年度","","22,383,091","12,335,219","9,685,664","362,208"
"143","","その他のサービス業","22","","1億円未満","20210","","2021年度","","20,968,122","10,784,036","9,639,819","544,267"
"143","","その他のサービス業","22","","1億円未満","20220","","2022年度","","23,945,136","12,368,681","10,845,444","731,011"
"143","","その他のサービス業","22","","1億円未満","20230","","2023年度","","25,430,360","14,626,363","10,024,303","779,694"
"143","","その他のサービス業","22","","1億円未満","20240","","2024年度","","30,169,330","17,207,711","11,609,993","1,351,626"
"143","","その他のサービス業","20","","2千万円以上 - 5千万円未満","20150","","2015年度","","4,474,694","3,256,499","1,022,257","195,938"
"143","","その他のサービス業","20","","2千万円以上 - 5千万円未満","20160","","2016年度","","5,261,978","3,641,671","1,385,633","234,674"
"143","","その他のサービス業","20","","2千万円以上 - 5千万円未満","20170","","2017年度","","7,395,181","4,840,866","2,136,037","418,278"
"143","","その他のサービス業","20","","2千万円以上 - 5千万円未満","20180","","2018年度","","7,035,365","4,575,991","1,980,906","478,468"
"143","","その他のサービス業","20","","2千万円以上 - 5千万円未満","20190","","2019年度","","6,084,646","4,121,001","1,690,497","273,148"
"143","","その他のサービス業","20","","2千万円以上 - 5千万円未満","20200","","2020年度","","5,978,396","3,909,146","1,814,170","255,080"
"143","","その他のサービス業","20","","2千万円以上 - 5千万円未満","20210","","2021年度","","4,450,371","2,847,495","1,339,688","263,188"
"143","","その他のサービス業","20","","2千万円以上 - 5千万円未満","20220","","2022年度","","6,502,072","4,019,438","2,227,220","255,414"
"143","","その他のサービス業","20","","2千万円以上 - 5千万円未満","20230","","2023年度","","8,047,780","5,660,538","2,065,936","321,306"
"143","","その他のサービス業","20","","2千万円以上 - 5千万円未満","20240","","2024年度","","5,792,419","4,064,237","1,484,305","243,877"
"143","","その他のサービス業","17","","1千万円以上 - 2千万円未満","20150","","2015年度","","8,509,985","4,663,825","3,630,774","215,386"
"143","","その他のサービス業","17","","1千万円以上 - 2千万円未満","20160","","2016年度","","10,033,294","5,707,770","3,897,075","428,449"
"143","","その他のサービス業","17","","1千万円以上 - 2千万円未満","20170","","2017年度","","7,369,432","3,443,486","3,462,882","463,064"
"143","","その他のサービス業","17","","1千万円以上 - 2千万円未満","20180","","2018年度","","7,279,200","3,538,115","3,320,359","420,726"
"143","","その他のサービス業","17","","1千万円以上 - 2千万円未満","20190","","2019年度","","7,365,574","3,887,507","3,150,053","328,014"
"143","","その他のサービス業","17","","1千万円以上 - 2千万円未満","20200","","2020年度","","7,124,937","3,296,427","3,770,295","58,215"
"143","","その他のサービス業","17","","1千万円以上 - 2千万円未満","20210","","2021年度","","7,899,744","3,977,834","3,716,344","205,566"
"143","","その他のサービス業","17","","1千万円以上 - 2千万円未満","20220","","2022年度","","7,373,301","3,381,431","3,813,685","178,185"
"143","","その他のサービス業","17","","1千万円以上 - 2千万円未満","20230","","2023年度","","5,930,285","2,686,007","3,353,414","-109,136"
"143","","その他のサービス業","17","","1千万円以上 - 2千万円未満","20240","","2024年度","","8,878,690","4,809,093","3,840,843","228,754"
