"統計名：","法人企業統計調査 時系列データ"
"表番号：","1"
"表題：","[時系列データ] 金融業、保険業以外の業種(原数値)"
"実施年月：","2024年度","-"

"*","計算結果が値を持たない項目"
"***","数字が得られないもの"

"","","","","","","","","","/調査項目 (金融業、保険業以外の業種) コード","003","004","008","024","025","045"
"","","","","","","","","","/調査項目 (金融業、保険業以外の業種) 補助コード","-","-","-","-","-","-"
"業種 (金融業、保険業以外の業種) コード","業種 (金融業、保険業以外の業種) 補助コード","業種 (金融業、保険業以外の業種)","規模 (金融業、保険業以外の業種) コード","規模 (金融業、保険業以外の業種) 補助コード","規模 (金融業、保険業以外の業種)","年  期 コード","年  期 補助コード","年  期","/調査項目 (金融業、保険業以外の業種)","受取手形(当期末流動資産)【百万円】","売掛金(当期末流動資産)【百万円】","製品又は商品(当期末流動資産)【百万円】","支払手形(当期末流動負債)【百万円】","買掛金(当期末流動負債)【百万円】","売上高(当期末)【百万円】"
"104","","全産業（除く金融保険業）","26","","全規模","20150","","2015年度","","24,012,411","200,690,607","61,479,850","27,657,535","138,572,513","1,431,534,143"
"104","","全産業（除く金融保険業）","26","","全規模","20160","","2016年度","","22,508,931","204,219,680","60,532,017","26,404,699","141,008,910","1,455,756,301"
"104","","全産業（除く金融保険業）","26","","全規模","20170","","2017年度","","24,453,801","218,805,163","66,642,396","28,254,975","153,048,668","1,544,142,808"
"104","","全産業（除く金融保険業）","26","","全規模","20180","","2018年度","","25,218,505","214,997,024","70,280,477","28,723,818","147,509,992","1,535,211,424"
"104","","全産業（除く金融保険業）","26","","全規模","20190","","2019年度","","22,813,940","203,559,575","67,826,698","25,404,994","136,810,499","1,481,898,587"
"104","","全産業（除く金融保険業）","26","","全規模","20200","","2020年度","","21,295,347","198,296,189","66,781,442","22,272,848","131,835,385","1,362,469,609"
"104","","全産業（除く金融保険業）","26","","全規模","20210","","2021年度","","22,675,392","218,793,177","71,229,724","23,562,925","144,929,479","1,447,887,788"
"104","","全産業（除く金融保険業）","26","","全規模","20220","","2022年度","","24,284,288","229,834,426","79,703,704","23,607,190","153,774,348","1,578,439,646"
"104","","全産業（除く金融保険業）","26","","全規模","20230","","2023年度","","24,508,632","239,918,074","82,597,107","24,006,406","157,688,565","1,633,331,387"
"104","","全産業（除く金融保険業）","26","","全規模","20240","","2024年度","","20,977,102","250,136,251","86,494,441","22,469,951","162,719,465","1,692,401,786"
"104","","全産業（除く金融保険業）","25","","10億円以上","20150","","2015年度","","5,831,712","89,304,966","21,654,909","6,565,392","60,822,918","547,178,363"
"104","","全産業（除く金融保険業）","25","","10億円以上","20160","","2016年度","","6,260,857","92,409,797","21,991,842","7,303,967","61,614,248","537,203,021"
"104","","全産業（除く金融保険業）","25","","10億円以上","20170","","2017年度","","6,906,604","97,429,243","23,395,991","8,010,314","64,793,498","568,667,315"
"104","","全産業（除く金融保険業）","25","","10億円以上","20180","","2018年度","","7,090,390","100,650,754","24,667,314","8,121,186","65,766,712","589,823,356"
"104","","全産業（除く金融保険業）","25","","10億円以上","20190","","2019年度","","6,331,587","96,276,454","25,811,607","7,174,130","60,291,157","564,219,254"
"104","","全産業（除く金融保険業）","25","","10億円以上","20200","","2020年度","","5,990,218","96,050,411","24,988,106","6,629,111","59,931,328","512,262,125"
"104","","全産業（除く金融保険業）","25","","10億円以上","20210","","2021年度","","6,051,505","104,673,382","27,785,445","7,041,076","66,563,070","543,614,687"
"104","","全産業（除く金融保険業）","25","","10億円以上","20220","","2022年度","","6,843,166","109,842,953","32,235,944","7,385,414","70,393,898","599,877,130"
"104","","全産業（除く金融保険業）","25","","10億円以上","20230","","2023年度","","6,954,903","114,245,097","33,236,129","7,036,707","69,680,853","600,357,719"
"104","","全産業（除く金融保険業）","25","","10億円以上","20240","","2024年度","","6,077,480","115,393,009","34,385,143","5,634,569","69,604,874","620,754,172"
"104","","全産業（除く金融保険業）","24","","1億円以上 - 10億円未満","20150","","2015年度","","5,251,438","39,385,223","9,865,266","5,473,602","31,000,404","255,016,551"
"104","","全産業（除く金融保険業）","24","","1億円以上 - 10億円未満","20160","","2016年度","","5,606,224","39,494,875","9,765,207","5,460,313","30,788,692","268,962,589"
"104","","全産業（除く金融保険業）","24","","1億円以上 - 10億円未満","20170","","2017年度","","6,237,842","43,352,583","10,927,159","5,896,931","34,071,304","287,092,424"
"104","","全産業（除く金融保険業）","24","","1億円以上 - 10億円未満","20180","","2018年度","","6,340,486","43,378,039","11,800,622","5,911,157","34,820,653","298,015,127"
"104","","全産業（除く金融保険業）","24","","1億円以上 - 10億円未満","20190","","2019年度","","5,479,322","40,855,857","12,057,508","5,549,864","32,342,513","290,423,769"
"104","","全産業（除く金融保険業）","24","","1億円以上 - 10億円未満","20200","","2020年度","","5,228,327","40,005,678","13,582,048","5,274,604","29,281,261","264,985,308"
"104","","全産業（除く金融保険業）","24","","1億円以上 - 10億円未満","20210","","2021年度","","5,866,620","44,223,158","14,882,787","5,744,768","32,098,622","282,576,344"
"104","","全産業（除く金融保険業）","24","","1億円以上 - 10億円未満","20220","","2022年度","","6,120,646","45,650,721","16,361,391","5,695,580","34,354,073","300,081,626"
"104","","全産業（除く金融保険業）","24","","1億円以上 - 10億円未満","20230","","2023年度","","6,757,825","48,865,448","19,212,109","5,971,543","37,151,211","329,957,721"
"104","","全産業（除く金融保険業）","24","","1億円以上 - 10億円未満","20240","","2024年度","","5,595,090","52,347,200","19,067,237","5,455,630","38,751,721","346,681,860"
"104","","全産業（除く金融保険業）","21","","5千万円以上 - 1億円未満","20150","","2015年度","","4,668,788","21,737,884","9,795,328","5,629,247","16,459,751","165,408,919"
"104","","全産業（除く金融保険業）","21","","5千万円以上 - 1億円未満","20160","","2016年度","","3,380,762","24,165,613","8,166,071","5,708,257","18,007,559","170,399,059"
"104","","全産業（除く金融保険業）","21","","5千万円以上 - 1億円未満","20170","","2017年度","","3,322,664","24,548,117","7,231,940","4,801,341","18,826,810","169,100,763"
"104","","全産業（除く金融保険業）","21","","5千万円以上 - 1億円未満","20180","","2018年度","","3,409,375","21,171,471","12,137,859","4,223,648","15,971,559","166,872,543"
"104","","全産業（除く金融保険業）","21","","5千万円以上 - 1億円未満","20190","","2019年度","","3,242,355","21,947,521","7,536,147","3,829,613","15,545,971","170,469,360"
"104","","全産業（除く金融保険業）","21","","5千万円以上 - 1億円未満","20200","","2020年度","","3,748,098","18,954,151","8,641,983","4,047,314","14,197,497","161,561,143"
"104","","全産業（除く金融保険業）","21","","5千万円以上 - 1億円未満","20210","","2021年度","","3,813,560","19,876,878","7,237,102","4,277,804","13,595,668","158,567,373"
"104","","全産業（除く金融保険業）","21","","5千万円以上 - 1億円未満","20220","","2022年度","","3,302,426","21,134,471","8,781,117","4,376,020","14,471,615","181,812,470"
"104","","全産業（除く金融保険業）","21","","5千万円以上 - 1億円未満","20230","","2023年度","","3,755,197","23,796,008","9,769,613","4,640,121","15,600,120","198,464,049"
"104","","全産業（除く金融保険業）","21","","5千万円以上 - 1億円未満","20240","","2024年度","","2,717,299","23,485,699","11,066,889","4,031,976","16,531,716","203,275,764"
"104","","全産業（除く金融保険業）","19","","1千万円以上 - 1億円未満","20150","","2015年度","","11,796,442","61,406,807","25,640,754","14,880,390","41,123,721","509,065,011"
"104","","全産業（除く金融保険業）","19","","1千万円以上 - 1億円未満","20160","","2016年度","","9,635,300","61,594,641","24,432,485","13,062,695","43,340,651","528,037,507"
"104","","全産業（除く金融保険業）","19","","1千万円以上 - 1億円未満","20170","","2017年度","","10,415,359","66,427,126","26,005,706","13,817,239","47,069,281","549,290,873"
"104","","全産業（除く金融保険業）","19","","1千万円以上 - 1億円未満","20180","","2018年度","","10,860,035","58,996,972","28,070,560","14,052,399","40,350,408","513,687,892"
"104","","全産業（除く金融保険業）","19","","1千万円以上 - 1億円未満","20190","","2019年度","","9,862,507","55,635,085","24,067,553","12,075,521","37,138,627","499,223,662"
"104","","全産業（除く金融保険業）","19","","1千万円以上 - 1億円未満","20200","","2020年度","","9,102,400","51,081,213","23,485,387","9,851,605","36,366,438","463,999,221"
"104","","全産業（除く金融保険業）","19","","1千万円以上 - 1億円未満","20210","","2021年度","","9,820,194","58,955,979","23,895,663","10,422,054","39,442,297","495,986,927"
"104","","全産業（除く金融保険業）","19","","1千万円以上 - 1億円未満","20220","","2022年度","","10,453,724","63,255,432","26,337,519","10,016,803","42,228,245","533,002,148"
"104","","全産業（除く金融保険業）","19","","1千万円以上 - 1億円未満","20230","","2023年度","","10,198,889","60,466,939","25,046,581","10,739,534","39,785,613","540,398,212"
"104","","全産業（除く金融保険業）","19","","1千万円以上 - 1億円未満","20240","","2024年度","","8,786,185","66,742,534","27,459,764","11,149,924","45,038,499","555,358,340"
"104","","全産業（除く金融保険業）","18","","1千万円以上 - 5千万円未満","20150","","2015年度","","7,127,654","39,668,923","15,845,426","9,251,143","24,663,970","343,656,092"
"104","","全産業（除く金融保険業）","18","","1千万円以上 - 5千万円未満","20160","","2016年度","","6,254,538","37,429,028","16,266,414","7,354,438","25,333,092","357,638,448"
"104","","全産業（除く金融保険業）","18","","1千万円以上 - 5千万円未満","20170","","2017年度","","7,092,695","41,879,009","18,773,766","9,015,898","28,242,471","380,190,110"
"104","","全産業（除く金融保険業）","18","","1千万円以上 - 5千万円未満","20180","","2018年度","","7,450,660","37,825,501","15,932,701","9,828,751","24,378,849","346,815,349"
"104","","全産業（除く金融保険業）","18","","1千万円以上 - 5千万円未満","20190","","2019年度","","6,620,152","33,687,564","16,531,406","8,245,908","21,592,656","328,754,302"
"104","","全産業（除く金融保険業）","18","","1千万円以上 - 5千万円未満","20200","","2020年度","","5,354,302","32,127,062","14,843,404","5,804,291","22,168,941","302,438,078"
"104","","全産業（除く金融保険業）","18","","1千万円以上 - 5千万円未満","20210","","2021年度","","6,006,634","39,079,101","16,658,561","6,144,250","25,846,629","337,419,554"
"104","","全産業（除く金融保険業）","18","","1千万円以上 - 5千万円未満","20220","","2022年度","","7,151,298","42,120,961","17,556,402","5,640,783","27,756,630","351,189,678"
"104","","全産業（除く金融保険業）","18","","1千万円以上 - 5千万円未満","20230","","2023年度","","6,443,692","36,670,931","15,276,968","6,099,413","24,185,493","341,934,163"
"104","","全産業（除く金融保険業）","18","","1千万円以上 - 5千万円未満","20240","","2024年度","","6,068,886","43,256,835","16,392,875","7,117,948","28,506,783","352,082,576"
"104","","全産業（除く金融保険業）","16","","1千万円未満","20150","","2015年度","","1,132,819","10,593,611","4,318,921","738,151","5,625,470","120,274,218"
"104","","全産業（除く金融保険業）","16","","1千万円未満","20160","","2016年度","","1,006,550","10,720,367","4,342,483","577,724","5,265,319","121,553,184"
"104","","全産業（除く金融保険業）","16","","1千万円未満","20170","","2017年度","","893,996","11,596,211","6,313,540","530,491","7,114,585","139,092,196"
"104","","全産業（除く金融保険業）","16","","1千万円未満","20180","","2018年度","","927,594","11,971,259","5,741,981","639,076","6,572,219","133,685,049"
"104","","全産業（除く金融保険業）","16","","1千万円未満","20190","","2019年度","","1,140,524","10,792,179","5,890,030","605,479","7,038,202","128,031,902"
"104","","全産業（除く金融保険業）","16","","1千万円未満","20200","","2020年度","","974,402","11,158,887","4,725,901","517,528","6,256,358","121,222,955"
"104","","全産業（除く金融保険業）","16","","1千万円未満","20210","","2021年度","","937,073","10,940,658","4,665,829","355,027","6,825,490","125,709,830"
"104","","全産業（除く金融保険業）","16","","1千万円未満","20220","","2022年度","","866,752","11,085,320","4,768,850","509,393","6,798,132","145,478,742"
"104","","全産業（除く金融保険業）","16","","1千万円未満","20230","","2023年度","","597,015","16,340,590","5,102,288","258,622","11,070,888","162,617,735"
"104","","全産業（除く金融保険業）","16","","1千万円未満","20240","","2024年度","","518,347","15,653,508","5,582,297","229,828","9,324,371","169,607,414"
"104","","全産業（除く金融保険業）","23","","1億円以上","20150","","2015年度","","11,083,150","128,690,189","31,520,175","12,038,994","91,823,322","802,194,914"
"104","","全産業（除く金融保険業）","23","","1億円以上","20160","","2016年度","","11,867,081","131,904,672","31,757,049","12,764,280","92,402,940","806,165,610"
"104","","全産業（除く金融保険業）","23","","1億円以上","20170","","2017年度","","13,144,446","140,781,826","34,323,150","13,907,245","98,864,802","855,759,739"
"104","","全産業（除く金融保険業）","23","","1億円以上","20180","","2018年度","","13,430,876","144,028,793","36,467,936","14,032,343","100,587,365","887,838,483"
"104","","全産業（除く金融保険業）","23","","1億円以上","20190","","2019年度","","11,810,909","137,132,311","37,869,115","12,723,994","92,633,670","854,643,023"
"104","","全産業（除く金融保険業）","23","","1億円以上","20200","","2020年度","","11,218,545","136,056,089","38,570,154","11,903,715","89,212,589","777,247,433"
"104","","全産業（除く金融保険業）","23","","1億円以上","20210","","2021年度","","11,918,125","148,896,540","42,668,232","12,785,844","98,661,692","826,191,031"
"104","","全産業（除く金融保険業）","23","","1億円以上","20220","","2022年度","","12,963,812","155,493,674","48,597,335","13,080,994","104,747,971","899,958,756"
"104","","全産業（除く金融保険業）","23","","1億円以上","20230","","2023年度","","13,712,728","163,110,545","52,448,238","13,008,250","106,832,064","930,315,440"
"104","","全産業（除く金融保険業）","23","","1億円以上","20240","","2024年度","","11,672,570","167,740,209","53,452,380","11,090,199","108,356,595","967,436,032"
"104","","全産業（除く金融保険業）","22","","1億円未満","20150","","2015年度","","12,929,261","72,000,418","29,959,675","15,618,541","46,749,191","629,339,229"
"104","","全産業（除く金融保険業）","22","","1億円未満","20160","","2016年度","","10,641,850","72,315,008","28,774,968","13,640,419","48,605,970","649,590,691"
"104","","全産業（除く金融保険業）","22","","1億円未満","20170","","2017年度","","11,309,355","78,023,337","32,319,246","14,347,730","54,183,866","688,383,069"
"104","","全産業（除く金融保険業）","22","","1億円未満","20180","","2018年度","","11,787,629","70,968,231","33,812,541","14,691,475","46,922,627","647,372,941"
"104","","全産業（除く金融保険業）","22","","1億円未満","20190","","2019年度","","11,003,031","66,427,264","29,957,583","12,681,000","44,176,829","627,255,564"
"104","","全産業（除く金融保険業）","22","","1億円未満","20200","","2020年度","","10,076,802","62,240,100","28,211,288","10,369,133","42,622,796","585,222,176"
"104","","全産業（除く金融保険業）","22","","1億円未満","20210","","2021年度","","10,757,267","69,896,637","28,561,492","10,777,081","46,267,787","621,696,757"
"104","","全産業（除く金融保険業）","22","","1億円未満","20220","","2022年度","","11,320,476","74,340,752","31,106,369","10,526,196","49,026,377","678,480,890"
"104","","全産業（除く金融保険業）","22","","1億円未満","20230","","2023年度","","10,795,904","76,807,529","30,148,869","10,998,156","50,856,501","703,015,947"
"104","","全産業（除く金融保険業）","22","","1億円未満","20240","","2024年度","","9,304,532","82,396,042","33,042,061","11,379,752","54,362,870","724,965,754"
"104","","全産業（除く金融保険業）","20","","2千万円以上 - 5千万円未満","20150","","2015年度","","3,654,806","18,397,463","6,471,445","5,459,933","12,226,145","161,192,021"
"104","","全産業（除く金融保険業）","20","","2千万円以上 - 5千万円未満","20160","","2016年度","","3,364,030","16,963,363","6,756,017","4,716,637","10,510,217","154,319,750"
"104","","全産業（除く金融保険業）","20","","2千万円以上 - 5千万円未満","20170","","2017年度","","3,996,064","19,305,585","8,365,639","5,132,605","13,606,841","171,153,637"
"104","","全産業（除く金融保険業）","20","","2千万円以上 - 5千万円未満","20180","","2018年度","","4,792,518","19,124,885","7,687,875","5,553,573","13,255,256","174,184,968"
"104","","全産業（除く金融保険業）","20","","2千万円以上 - 5千万円未満","20190","","2019年度","","4,270,386","17,368,431","8,750,196","4,985,013","11,286,715","163,140,255"
"104","","全産業（除く金融保険業）","20","","2千万円以上 - 5千万円未満","20200","","2020年度","","3,109,417","16,976,167","7,390,341","3,648,102","11,940,723","154,498,995"
"104","","全産業（除く金融保険業）","20","","2千万円以上 - 5千万円未満","20210","","2021年度","","3,429,356","20,887,812","7,645,464","3,700,978","13,769,484","165,487,124"
"104","","全産業（除く金融保険業）","20","","2千万円以上 - 5千万円未満","20220","","2022年度","","4,080,115","22,055,542","8,003,667","2,779,336","15,309,749","174,368,031"
"104","","全産業（除く金融保険業）","20","","2千万円以上 - 5千万円未満","20230","","2023年度","","3,891,741","19,456,790","7,803,532","3,793,492","13,655,597","176,630,269"
"104","","全産業（除く金融保険業）","20","","2千万円以上 - 5千万円未満","20240","","2024年度","","3,588,322","19,234,160","7,219,470","4,561,909","13,636,398","170,964,102"
"104","","全産業（除く金融保険業）","17","","1千万円以上 - 2千万円未満","20150","","2015年度","","3,472,848","21,271,460","9,373,981","3,791,210","12,437,825","182,464,071"
"104","","全産業（除く金融保険業）","17","","1千万円以上 - 2千万円未満","20160","","2016年度","","2,890,508","20,465,665","9,510,397","2,637,801","14,822,875","203,318,698"
"104","","全産業（除く金融保険業）","17","","1千万円以上 - 2千万円未満","20170","","2017年度","","3,096,631","22,573,424","10,408,127","3,883,293","14,635,630","209,036,473"
"104","","全産業（除く金融保険業）","17","","1千万円以上 - 2千万円未満","20180","","2018年度","","2,658,142","18,700,616","8,244,826","4,275,178","11,123,593","172,630,381"
"104","","全産業（除く金融保険業）","17","","1千万円以上 - 2千万円未満","20190","","2019年度","","2,349,766","16,319,133","7,781,210","3,260,895","10,305,941","165,614,047"
"104","","全産業（除く金融保険業）","17","","1千万円以上 - 2千万円未満","20200","","2020年度","","2,244,885","15,150,895","7,453,063","2,156,189","10,228,218","147,939,083"
"104","","全産業（除く金融保険業）","17","","1千万円以上 - 2千万円未満","20210","","2021年度","","2,577,278","18,191,289","9,013,097","2,443,272","12,077,145","171,932,430"
"104","","全産業（除く金融保険業）","17","","1千万円以上 - 2千万円未満","20220","","2022年度","","3,071,183","20,065,419","9,552,735","2,861,447","12,446,881","176,821,647"
"104","","全産業（除く金融保険業）","17","","1千万円以上 - 2千万円未満","20230","","2023年度","","2,551,951","17,214,141","7,473,436","2,305,921","10,529,896","165,303,894"
"104","","全産業（除く金融保険業）","17","","1千万円以上 - 2千万円未満","20240","","2024年度","","2,480,564","24,022,675","9,173,405","2,556,039","14,870,385","181,118,474"
"108","","製造業","26","","全規模","20150","","2015年度","","9,577,934","67,349,068","17,005,931","10,173,162","43,055,297","397,842,127"
"108","","製造業","26","","全規模","20160","","2016年度","","9,409,064","69,029,412","16,847,954","10,127,804","44,682,930","395,561,444"
"108","","製造業","26","","全規模","20170","","2017年度","","10,240,465","71,218,290","17,785,821","10,816,517","45,837,930","406,259,788"
"108","","製造業","26","","全規模","20180","","2018年度","","10,305,765","71,541,282","18,457,406","10,851,527","45,471,487","414,269,775"
"108","","製造業","26","","全規模","20190","","2019年度","","9,149,764","66,582,282","18,754,281","9,753,288","41,646,105","398,499,697"
"108","","製造業","26","","全規模","20200","","2020年度","","8,298,616","66,634,997","18,711,659","8,565,601","41,891,080","365,094,778"
"108","","製造業","26","","全規模","20210","","2021年度","","9,054,768","72,854,618","20,788,139","9,546,210","46,274,440","401,773,979"
"108","","製造業","26","","全規模","20220","","2022年度","","9,760,060","75,722,590","24,093,805","9,690,687","49,778,599","436,341,951"
"108","","製造業","26","","全規模","20230","","2023年度","","9,319,071","77,774,204","24,253,469","8,884,749","48,871,102","447,532,360"
"108","","製造業","26","","全規模","20240","","2024年度","","8,194,407","79,123,797","24,587,570","8,085,462","50,523,841","467,795,156"
"108","","製造業","25","","10億円以上","20150","","2015年度","","2,983,644","41,607,708","9,671,156","2,906,515","28,120,374","228,976,147"
"108","","製造業","25","","10億円以上","20160","","2016年度","","3,233,510","42,885,023","9,609,863","3,373,858","28,882,409","219,801,873"
"108","","製造業","25","","10億円以上","20170","","2017年度","","3,446,690","44,802,291","10,327,420","3,680,793","29,887,780","230,786,314"
"108","","製造業","25","","10億円以上","20180","","2018年度","","3,621,041","45,091,785","10,935,264","3,918,816","29,733,113","237,795,596"
"108","","製造業","25","","10億円以上","20190","","2019年度","","3,274,520","42,627,926","11,271,903","3,574,364","27,226,847","230,419,567"
"108","","製造業","25","","10億円以上","20200","","2020年度","","2,990,103","43,080,869","10,968,887","3,338,356","27,663,254","209,960,185"
"108","","製造業","25","","10億円以上","20210","","2021年度","","3,128,122","47,179,215","12,398,933","3,635,660","30,182,592","230,967,403"
"108","","製造業","25","","10億円以上","20220","","2022年度","","3,848,164","49,596,205","14,960,710","3,895,784","32,822,680","253,945,331"
"108","","製造業","25","","10億円以上","20230","","2023年度","","3,500,211","50,447,158","14,522,680","3,129,343","31,504,572","258,151,968"
"108","","製造業","25","","10億円以上","20240","","2024年度","","3,108,109","50,042,417","14,452,326","2,562,359","31,540,096","266,587,497"
"108","","製造業","24","","1億円以上 - 10億円未満","20150","","2015年度","","1,773,353","10,747,744","2,680,975","2,016,264","7,353,034","63,867,961"
"108","","製造業","24","","1億円以上 - 10億円未満","20160","","2016年度","","1,920,522","11,038,920","2,609,839","2,019,751","7,595,823","65,436,004"
"108","","製造業","24","","1億円以上 - 10億円未満","20170","","2017年度","","2,217,653","11,572,782","2,736,731","2,228,596","7,707,209","66,075,006"
"108","","製造業","24","","1億円以上 - 10億円未満","20180","","2018年度","","2,214,956","11,603,968","2,909,353","2,339,139","7,974,875","68,069,986"
"108","","製造業","24","","1億円以上 - 10億円未満","20190","","2019年度","","2,030,383","10,397,711","2,765,457","2,157,942","6,924,207","64,121,780"
"108","","製造業","24","","1億円以上 - 10億円未満","20200","","2020年度","","1,933,915","11,244,217","3,521,135","2,000,331","7,355,598","63,672,664"
"108","","製造業","24","","1億円以上 - 10億円未満","20210","","2021年度","","2,016,487","12,900,485","3,887,692","2,207,555","8,794,921","73,241,110"
"108","","製造業","24","","1億円以上 - 10億円未満","20220","","2022年度","","1,909,312","12,519,136","4,050,714","2,262,289","8,783,871","74,818,913"
"108","","製造業","24","","1億円以上 - 10億円未満","20230","","2023年度","","2,089,741","13,463,073","4,219,960","2,243,929","8,770,846","79,797,415"
"108","","製造業","24","","1億円以上 - 10億円未満","20240","","2024年度","","2,159,968","14,401,288","4,373,668","2,087,748","9,552,105","84,871,648"
"108","","製造業","21","","5千万円以上 - 1億円未満","20150","","2015年度","","1,647,537","5,570,739","1,675,285","2,255,890","3,111,493","37,206,575"
"108","","製造業","21","","5千万円以上 - 1億円未満","20160","","2016年度","","1,426,198","5,832,156","1,470,668","2,126,204","3,616,300","38,336,548"
"108","","製造業","21","","5千万円以上 - 1億円未満","20170","","2017年度","","1,405,365","5,701,972","1,357,173","1,925,871","3,110,579","36,014,382"
"108","","製造業","21","","5千万円以上 - 1億円未満","20180","","2018年度","","1,436,318","5,275,006","1,557,962","1,800,917","2,796,861","34,684,259"
"108","","製造業","21","","5千万円以上 - 1億円未満","20190","","2019年度","","1,207,580","5,004,968","1,493,201","1,585,771","2,895,925","33,689,104"
"108","","製造業","21","","5千万円以上 - 1億円未満","20200","","2020年度","","1,062,549","4,641,088","1,367,263","1,399,413","2,781,073","29,821,011"
"108","","製造業","21","","5千万円以上 - 1億円未満","20210","","2021年度","","1,059,847","4,694,374","1,447,912","1,461,470","2,751,769","32,083,042"
"108","","製造業","21","","5千万円以上 - 1億円未満","20220","","2022年度","","1,109,865","5,124,454","1,734,396","1,374,464","3,384,039","36,200,102"
"108","","製造業","21","","5千万円以上 - 1億円未満","20230","","2023年度","","1,212,657","5,958,741","2,234,572","1,458,921","3,923,894","40,382,374"
"108","","製造業","21","","5千万円以上 - 1億円未満","20240","","2024年度","","1,023,043","6,511,458","2,128,336","1,399,578","4,284,351","43,749,132"
"108","","製造業","19","","1千万円以上 - 1億円未満","20150","","2015年度","","4,283,540","13,655,447","4,306,592","5,017,000","7,001,913","92,284,477"
"108","","製造業","19","","1千万円以上 - 1億円未満","20160","","2016年度","","3,853,824","13,778,417","4,347,559","4,546,781","7,542,263","97,834,648"
"108","","製造業","19","","1千万円以上 - 1億円未満","20170","","2017年度","","4,113,286","13,589,385","4,391,583","4,710,470","7,567,314","96,558,452"
"108","","製造業","19","","1千万円以上 - 1億円未満","20180","","2018年度","","4,015,087","13,513,036","4,212,150","4,406,837","7,088,856","95,624,456"
"108","","製造業","19","","1千万円以上 - 1億円未満","20190","","2019年度","","3,466,677","12,322,680","4,331,415","3,883,584","6,906,817","92,194,434"
"108","","製造業","19","","1千万円以上 - 1億円未満","20200","","2020年度","","3,012,952","10,959,259","3,845,250","3,080,638","6,380,869","81,017,820"
"108","","製造業","19","","1千万円以上 - 1億円未満","20210","","2021年度","","3,542,932","11,671,332","4,147,127","3,637,402","6,789,426","86,562,142"
"108","","製造業","19","","1千万円以上 - 1億円未満","20220","","2022年度","","3,623,073","12,448,925","4,582,995","3,434,422","7,576,698","95,513,593"
"108","","製造業","19","","1千万円以上 - 1億円未満","20230","","2023年度","","3,424,107","12,695,030","4,981,370","3,424,213","8,066,172","97,208,392"
"108","","製造業","19","","1千万円以上 - 1億円未満","20240","","2024年度","","2,731,886","13,514,863","5,411,447","3,417,394","8,908,427","104,048,794"
"108","","製造業","18","","1千万円以上 - 5千万円未満","20150","","2015年度","","2,636,003","8,084,708","2,631,307","2,761,110","3,890,420","55,077,902"
"108","","製造業","18","","1千万円以上 - 5千万円未満","20160","","2016年度","","2,427,626","7,946,261","2,876,891","2,420,577","3,925,963","59,498,100"
"108","","製造業","18","","1千万円以上 - 5千万円未満","20170","","2017年度","","2,707,921","7,887,413","3,034,410","2,784,599","4,456,735","60,544,070"
"108","","製造業","18","","1千万円以上 - 5千万円未満","20180","","2018年度","","2,578,769","8,238,030","2,654,188","2,605,920","4,291,995","60,940,197"
"108","","製造業","18","","1千万円以上 - 5千万円未満","20190","","2019年度","","2,259,097","7,317,712","2,838,214","2,297,813","4,010,892","58,505,330"
"108","","製造業","18","","1千万円以上 - 5千万円未満","20200","","2020年度","","1,950,403","6,318,171","2,477,987","1,681,225","3,599,796","51,196,809"
"108","","製造業","18","","1千万円以上 - 5千万円未満","20210","","2021年度","","2,483,085","6,976,958","2,699,215","2,175,932","4,037,657","54,479,100"
"108","","製造業","18","","1千万円以上 - 5千万円未満","20220","","2022年度","","2,513,208","7,324,471","2,848,599","2,059,958","4,192,659","59,313,491"
"108","","製造業","18","","1千万円以上 - 5千万円未満","20230","","2023年度","","2,211,450","6,736,289","2,746,798","1,965,292","4,142,278","56,826,018"
"108","","製造業","18","","1千万円以上 - 5千万円未満","20240","","2024年度","","1,708,843","7,003,405","3,283,111","2,017,816","4,624,076","60,299,662"
"108","","製造業","16","","1千万円未満","20150","","2015年度","","537,397","1,338,169","347,208","233,383","579,976","12,713,542"
"108","","製造業","16","","1千万円未満","20160","","2016年度","","401,208","1,327,052","280,693","187,414","662,435","12,488,919"
"108","","製造業","16","","1千万円未満","20170","","2017年度","","462,836","1,253,832","330,087","196,658","675,627","12,840,016"
"108","","製造業","16","","1千万円未満","20180","","2018年度","","454,681","1,332,493","400,639","186,735","674,643","12,779,737"
"108","","製造業","16","","1千万円未満","20190","","2019年度","","378,184","1,233,965","385,506","137,398","588,234","11,763,916"
"108","","製造業","16","","1千万円未満","20200","","2020年度","","361,646","1,350,652","376,387","146,276","491,359","10,444,109"
"108","","製造業","16","","1千万円未満","20210","","2021年度","","367,227","1,103,586","354,387","65,593","507,501","11,003,324"
"108","","製造業","16","","1千万円未満","20220","","2022年度","","379,511","1,158,324","499,386","98,192","595,350","12,064,114"
"108","","製造業","16","","1千万円未満","20230","","2023年度","","305,012","1,168,943","529,459","87,264","529,512","12,374,585"
"108","","製造業","16","","1千万円未満","20240","","2024年度","","194,444","1,165,229","350,129","17,961","523,213","12,287,217"
"108","","製造業","23","","1億円以上","20150","","2015年度","","4,756,997","52,355,452","12,352,131","4,922,779","35,473,408","292,844,108"
"108","","製造業","23","","1億円以上","20160","","2016年度","","5,154,032","53,923,943","12,219,702","5,393,609","36,478,232","285,237,877"
"108","","製造業","23","","1億円以上","20170","","2017年度","","5,664,343","56,375,073","13,064,151","5,909,389","37,594,989","296,861,320"
"108","","製造業","23","","1億円以上","20180","","2018年度","","5,835,997","56,695,753","13,844,617","6,257,955","37,707,988","305,865,582"
"108","","製造業","23","","1億円以上","20190","","2019年度","","5,304,903","53,025,637","14,037,360","5,732,306","34,151,054","294,541,347"
"108","","製造業","23","","1億円以上","20200","","2020年度","","4,924,018","54,325,086","14,490,022","5,338,687","35,018,852","273,632,849"
"108","","製造業","23","","1億円以上","20210","","2021年度","","5,144,609","60,079,700","16,286,625","5,843,215","38,977,513","304,208,513"
"108","","製造業","23","","1億円以上","20220","","2022年度","","5,757,476","62,115,341","19,011,424","6,158,073","41,606,551","328,764,244"
"108","","製造業","23","","1億円以上","20230","","2023年度","","5,589,952","63,910,231","18,742,640","5,373,272","40,275,418","337,949,383"
"108","","製造業","23","","1億円以上","20240","","2024年度","","5,268,077","64,443,705","18,825,994","4,650,107","41,092,201","351,459,145"
"108","","製造業","22","","1億円未満","20150","","2015年度","","4,820,937","14,993,616","4,653,800","5,250,383","7,581,889","104,998,019"
"108","","製造業","22","","1億円未満","20160","","2016年度","","4,255,032","15,105,469","4,628,252","4,734,195","8,204,698","110,323,567"
"108","","製造業","22","","1億円未満","20170","","2017年度","","4,576,122","14,843,217","4,721,670","4,907,128","8,242,941","109,398,468"
"108","","製造業","22","","1億円未満","20180","","2018年度","","4,469,768","14,845,529","4,612,789","4,593,572","7,763,499","108,404,193"
"108","","製造業","22","","1億円未満","20190","","2019年度","","3,844,861","13,556,645","4,716,921","4,020,982","7,495,051","103,958,350"
"108","","製造業","22","","1億円未満","20200","","2020年度","","3,374,598","12,309,911","4,221,637","3,226,914","6,872,228","91,461,929"
"108","","製造業","22","","1億円未満","20210","","2021年度","","3,910,159","12,774,918","4,501,514","3,702,995","7,296,927","97,565,466"
"108","","製造業","22","","1億円未満","20220","","2022年度","","4,002,584","13,607,249","5,082,381","3,532,614","8,172,048","107,577,707"
"108","","製造業","22","","1億円未満","20230","","2023年度","","3,729,119","13,863,973","5,510,829","3,511,477","8,595,684","109,582,977"
"108","","製造業","22","","1億円未満","20240","","2024年度","","2,926,330","14,680,092","5,761,576","3,435,355","9,431,640","116,336,011"
"108","","製造業","20","","2千万円以上 - 5千万円未満","20150","","2015年度","","1,306,877","4,076,966","1,173,729","1,665,456","1,942,801","26,029,431"
"108","","製造業","20","","2千万円以上 - 5千万円未満","20160","","2016年度","","1,233,420","3,989,267","1,459,307","1,446,180","1,945,163","28,467,065"
"108","","製造業","20","","2千万円以上 - 5千万円未満","20170","","2017年度","","1,498,033","4,395,364","1,504,659","1,620,978","2,636,465","32,191,749"
"108","","製造業","20","","2千万円以上 - 5千万円未満","20180","","2018年度","","1,569,050","4,623,298","1,407,428","1,662,676","2,695,452","32,767,689"
"108","","製造業","20","","2千万円以上 - 5千万円未満","20190","","2019年度","","1,241,342","4,243,401","1,762,972","1,424,169","2,408,579","31,739,552"
"108","","製造業","20","","2千万円以上 - 5千万円未満","20200","","2020年度","","1,118,325","3,428,289","1,305,228","1,167,121","1,959,616","27,179,715"
"108","","製造業","20","","2千万円以上 - 5千万円未満","20210","","2021年度","","1,322,836","3,655,915","1,277,923","1,319,422","2,256,895","28,414,591"
"108","","製造業","20","","2千万円以上 - 5千万円未満","20220","","2022年度","","1,031,271","3,781,332","1,436,497","1,112,261","2,158,376","29,463,058"
"108","","製造業","20","","2千万円以上 - 5千万円未満","20230","","2023年度","","1,211,398","3,734,663","1,419,291","1,344,546","2,481,006","28,998,800"
"108","","製造業","20","","2千万円以上 - 5千万円未満","20240","","2024年度","","996,782","4,084,762","1,721,813","1,518,944","2,623,056","31,724,704"
"108","","製造業","17","","1千万円以上 - 2千万円未満","20150","","2015年度","","1,329,126","4,007,742","1,457,578","1,095,654","1,947,619","29,048,471"
"108","","製造業","17","","1千万円以上 - 2千万円未満","20160","","2016年度","","1,194,206","3,956,994","1,417,584","974,397","1,980,800","31,031,035"
"108","","製造業","17","","1千万円以上 - 2千万円未満","20170","","2017年度","","1,209,888","3,492,049","1,529,751","1,163,621","1,820,270","28,352,321"
"108","","製造業","17","","1千万円以上 - 2千万円未満","20180","","2018年度","","1,009,719","3,614,732","1,246,760","943,244","1,596,543","28,172,508"
"108","","製造業","17","","1千万円以上 - 2千万円未満","20190","","2019年度","","1,017,755","3,074,311","1,075,242","873,644","1,602,313","26,765,778"
"108","","製造業","17","","1千万円以上 - 2千万円未満","20200","","2020年度","","832,078","2,889,882","1,172,759","514,104","1,640,180","24,017,094"
"108","","製造業","17","","1千万円以上 - 2千万円未満","20210","","2021年度","","1,160,249","3,321,043","1,421,292","856,510","1,780,762","26,064,509"
"108","","製造業","17","","1千万円以上 - 2千万円未満","20220","","2022年度","","1,481,937","3,543,139","1,412,102","947,697","2,034,283","29,850,433"
"108","","製造業","17","","1千万円以上 - 2千万円未満","20230","","2023年度","","1,000,052","3,001,626","1,327,507","620,746","1,661,272","27,827,218"
"108","","製造業","17","","1千万円以上 - 2千万円未満","20240","","2024年度","","712,061","2,918,643","1,561,298","498,872","2,001,020","28,574,958"
"107","","建設業","26","","全規模","20150","","2015年度","","2,260,375","20,307,141","2,205,348","4,152,013","13,488,402","122,713,468"
"107","","建設業","26","","全規模","20160","","2016年度","","2,468,934","22,008,853","3,057,791","4,802,665","13,447,709","128,966,154"
"107","","建設業","26","","全規模","20170","","2017年度","","2,581,391","22,278,757","3,106,930","5,235,611","14,960,447","141,115,273"
"107","","建設業","26","","全規模","20180","","2018年度","","2,455,788","24,193,924","7,861,995","4,815,962","15,826,307","144,959,886"
"107","","建設業","26","","全規模","20190","","2019年度","","2,427,659","25,035,952","3,003,165","3,605,273","14,706,685","143,325,285"
"107","","建設業","26","","全規模","20200","","2020年度","","2,302,505","22,985,165","2,656,463","3,572,867","12,486,534","133,870,021"
"107","","建設業","26","","全規模","20210","","2021年度","","1,919,672","23,261,274","2,793,641","3,706,094","13,587,807","136,668,563"
"107","","建設業","26","","全規模","20220","","2022年度","","2,124,890","25,974,156","3,361,134","3,925,666","15,115,024","149,827,760"
"107","","建設業","26","","全規模","20230","","2023年度","","1,822,038","26,852,219","4,036,679","3,784,741","13,816,782","150,982,004"
"107","","建設業","26","","全規模","20240","","2024年度","","1,531,954","28,493,836","4,096,308","2,899,087","14,401,202","154,268,463"
"107","","建設業","25","","10億円以上","20150","","2015年度","","581,972","8,453,477","977,442","1,540,301","5,468,765","30,453,424"
"107","","建設業","25","","10億円以上","20160","","2016年度","","647,699","8,421,366","1,054,121","1,738,551","5,217,147","30,428,739"
"107","","建設業","25","","10億円以上","20170","","2017年度","","657,315","8,803,072","1,128,532","1,862,743","5,335,993","31,008,955"
"107","","建設業","25","","10億円以上","20180","","2018年度","","667,361","9,862,661","1,174,900","1,796,858","5,599,967","32,245,154"
"107","","建設業","25","","10億円以上","20190","","2019年度","","544,260","10,425,608","1,270,980","1,471,011","5,590,451","33,163,138"
"107","","建設業","25","","10億円以上","20200","","2020年度","","501,157","9,832,538","1,362,455","1,307,338","4,717,422","30,145,726"
"107","","建設業","25","","10億円以上","20210","","2021年度","","460,111","10,320,400","1,502,762","1,313,267","4,920,063","31,192,002"
"107","","建設業","25","","10億円以上","20220","","2022年度","","559,970","11,121,250","1,699,404","1,495,348","5,291,028","32,693,845"
"107","","建設業","25","","10億円以上","20230","","2023年度","","594,822","12,199,763","2,083,871","1,573,348","5,467,400","34,995,684"
"107","","建設業","25","","10億円以上","20240","","2024年度","","491,565","13,191,990","2,372,997","1,104,729","5,826,560","36,919,486"
"107","","建設業","24","","1億円以上 - 10億円未満","20150","","2015年度","","359,957","3,029,879","255,302","782,402","2,015,770","15,587,051"
"107","","建設業","24","","1億円以上 - 10億円未満","20160","","2016年度","","460,310","2,866,912","285,715","763,683","1,997,930","15,129,521"
"107","","建設業","24","","1億円以上 - 10億円未満","20170","","2017年度","","524,122","3,075,653","247,011","864,081","1,904,528","15,384,766"
"107","","建設業","24","","1億円以上 - 10億円未満","20180","","2018年度","","539,709","3,078,176","347,401","758,560","2,046,449","16,869,101"
"107","","建設業","24","","1億円以上 - 10億円未満","20190","","2019年度","","388,945","2,957,911","294,624","712,691","1,871,506","16,308,163"
"107","","建設業","24","","1億円以上 - 10億円未満","20200","","2020年度","","346,740","3,296,884","301,412","641,465","1,812,881","14,973,210"
"107","","建設業","24","","1億円以上 - 10億円未満","20210","","2021年度","","351,624","3,384,931","284,730","627,090","2,046,714","16,363,005"
"107","","建設業","24","","1億円以上 - 10億円未満","20220","","2022年度","","320,925","3,669,958","425,459","633,381","2,098,457","17,062,800"
"107","","建設業","24","","1億円以上 - 10億円未満","20230","","2023年度","","303,981","3,711,283","615,654","667,732","1,909,245","18,980,612"
"107","","建設業","24","","1億円以上 - 10億円未満","20240","","2024年度","","273,851","4,339,077","485,181","502,656","2,000,420","20,606,559"
"107","","建設業","21","","5千万円以上 - 1億円未満","20150","","2015年度","","344,790","2,048,271","232,992","429,844","1,747,638","13,416,574"
"107","","建設業","21","","5千万円以上 - 1億円未満","20160","","2016年度","","318,759","3,316,396","176,793","1,049,844","1,651,924","15,800,668"
"107","","建設業","21","","5千万円以上 - 1億円未満","20170","","2017年度","","264,354","1,849,919","130,873","796,637","1,315,116","13,772,210"
"107","","建設業","21","","5千万円以上 - 1億円未満","20180","","2018年度","","206,700","1,838,426","5,144,164","544,575","1,734,319","13,640,397"
"107","","建設業","21","","5千万円以上 - 1億円未満","20190","","2019年度","","344,025","2,543,678","299,032","481,704","2,112,119","15,252,947"
"107","","建設業","21","","5千万円以上 - 1億円未満","20200","","2020年度","","448,452","1,819,341","174,954","543,967","1,138,097","14,501,512"
"107","","建設業","21","","5千万円以上 - 1億円未満","20210","","2021年度","","232,477","1,930,725","235,810","611,764","1,359,507","16,044,050"
"107","","建設業","21","","5千万円以上 - 1億円未満","20220","","2022年度","","330,278","2,898,014","205,142","795,671","1,960,702","21,982,763"
"107","","建設業","21","","5千万円以上 - 1億円未満","20230","","2023年度","","258,669","3,134,087","419,895","606,978","1,762,482","20,193,972"
"107","","建設業","21","","5千万円以上 - 1億円未満","20240","","2024年度","","221,616","3,316,566","449,318","575,080","1,822,806","21,527,623"
"107","","建設業","19","","1千万円以上 - 1億円未満","20150","","2015年度","","1,071,831","6,706,510","867,398","1,682,557","4,895,703","57,394,315"
"107","","建設業","19","","1千万円以上 - 1億円未満","20160","","2016年度","","1,151,041","8,825,799","1,646,915","2,238,476","5,228,663","65,268,140"
"107","","建設業","19","","1千万円以上 - 1億円未満","20170","","2017年度","","1,229,633","7,936,543","1,527,019","2,444,772","6,288,691","70,489,239"
"107","","建設業","19","","1千万円以上 - 1億円未満","20180","","2018年度","","1,058,475","7,798,427","6,095,913","2,118,057","6,507,534","67,504,749"
"107","","建設業","19","","1千万円以上 - 1億円未満","20190","","2019年度","","1,137,415","8,227,082","1,036,779","1,290,354","5,474,382","61,919,850"
"107","","建設業","19","","1千万円以上 - 1億円未満","20200","","2020年度","","1,206,457","6,831,742","729,123","1,562,210","4,400,936","60,376,356"
"107","","建設業","19","","1千万円以上 - 1億円未満","20210","","2021年度","","878,841","6,483,234","689,002","1,681,508","4,847,137","62,056,234"
"107","","建設業","19","","1千万円以上 - 1億円未満","20220","","2022年度","","990,496","8,188,857","997,113","1,724,317","5,959,625","70,161,344"
"107","","建設業","19","","1千万円以上 - 1億円未満","20230","","2023年度","","808,055","8,203,052","1,203,427","1,526,793","5,204,362","66,200,090"
"107","","建設業","19","","1千万円以上 - 1億円未満","20240","","2024年度","","643,358","7,759,600","968,408","1,279,949","4,940,175","63,803,931"
"107","","建設業","18","","1千万円以上 - 5千万円未満","20150","","2015年度","","727,041","4,658,239","634,406","1,252,713","3,148,065","43,977,741"
"107","","建設業","18","","1千万円以上 - 5千万円未満","20160","","2016年度","","832,282","5,509,403","1,470,122","1,188,632","3,576,739","49,467,472"
"107","","建設業","18","","1千万円以上 - 5千万円未満","20170","","2017年度","","965,279","6,086,624","1,396,146","1,648,135","4,973,575","56,717,029"
"107","","建設業","18","","1千万円以上 - 5千万円未満","20180","","2018年度","","851,775","5,960,001","951,749","1,573,482","4,773,215","53,864,352"
"107","","建設業","18","","1千万円以上 - 5千万円未満","20190","","2019年度","","793,390","5,683,404","737,747","808,650","3,362,263","46,666,903"
"107","","建設業","18","","1千万円以上 - 5千万円未満","20200","","2020年度","","758,005","5,012,401","554,169","1,018,243","3,262,839","45,874,844"
"107","","建設業","18","","1千万円以上 - 5千万円未満","20210","","2021年度","","646,364","4,552,509","453,192","1,069,744","3,487,630","46,012,184"
"107","","建設業","18","","1千万円以上 - 5千万円未満","20220","","2022年度","","660,218","5,290,843","791,971","928,646","3,998,923","48,178,581"
"107","","建設業","18","","1千万円以上 - 5千万円未満","20230","","2023年度","","549,386","5,068,965","783,532","919,815","3,441,880","46,006,118"
"107","","建設業","18","","1千万円以上 - 5千万円未満","20240","","2024年度","","421,742","4,443,034","519,090","704,869","3,117,369","42,276,308"
"107","","建設業","16","","1千万円未満","20150","","2015年度","","246,615","2,117,275","105,206","146,753","1,108,164","19,278,678"
"107","","建設業","16","","1千万円未満","20160","","2016年度","","209,884","1,894,776","71,040","61,955","1,003,969","18,139,754"
"107","","建設業","16","","1千万円未満","20170","","2017年度","","170,321","2,463,489","204,368","64,015","1,431,235","24,232,313"
"107","","建設業","16","","1千万円未満","20180","","2018年度","","190,243","3,454,660","243,781","142,487","1,672,357","28,340,882"
"107","","建設業","16","","1千万円未満","20190","","2019年度","","357,039","3,425,351","400,782","131,217","1,770,346","31,934,134"
"107","","建設業","16","","1千万円未満","20200","","2020年度","","248,151","3,024,001","263,473","61,854","1,555,295","28,374,729"
"107","","建設業","16","","1千万円未満","20210","","2021年度","","229,096","3,072,709","317,147","84,229","1,773,893","27,057,322"
"107","","建設業","16","","1千万円未満","20220","","2022年度","","253,499","2,994,091","239,158","72,620","1,765,914","29,909,771"
"107","","建設業","16","","1千万円未満","20230","","2023年度","","115,180","2,738,121","133,727","16,868","1,235,775","30,805,618"
"107","","建設業","16","","1千万円未満","20240","","2024年度","","123,180","3,203,169","269,722","11,753","1,634,047","32,938,487"
"107","","建設業","23","","1億円以上","20150","","2015年度","","941,929","11,483,356","1,232,744","2,322,703","7,484,535","46,040,475"
"107","","建設業","23","","1億円以上","20160","","2016年度","","1,108,009","11,288,278","1,339,836","2,502,234","7,215,077","45,558,260"
"107","","建設業","23","","1億円以上","20170","","2017年度","","1,181,437","11,878,725","1,375,543","2,726,824","7,240,521","46,393,721"
"107","","建設業","23","","1億円以上","20180","","2018年度","","1,207,070","12,940,837","1,522,301","2,555,418","7,646,416","49,114,255"
"107","","建設業","23","","1億円以上","20190","","2019年度","","933,205","13,383,519","1,565,604","2,183,702","7,461,957","49,471,301"
"107","","建設業","23","","1億円以上","20200","","2020年度","","847,897","13,129,422","1,663,867","1,948,803","6,530,303","45,118,936"
"107","","建設業","23","","1億円以上","20210","","2021年度","","811,735","13,705,331","1,787,492","1,940,357","6,966,777","47,555,007"
"107","","建設業","23","","1億円以上","20220","","2022年度","","880,895","14,791,208","2,124,863","2,128,729","7,389,485","49,756,645"
"107","","建設業","23","","1億円以上","20230","","2023年度","","898,803","15,911,046","2,699,525","2,241,080","7,376,645","53,976,296"
"107","","建設業","23","","1億円以上","20240","","2024年度","","765,416","17,531,067","2,858,178","1,607,385","7,826,980","57,526,045"
"107","","建設業","22","","1億円未満","20150","","2015年度","","1,318,446","8,823,785","972,604","1,829,310","6,003,867","76,672,993"
"107","","建設業","22","","1億円未満","20160","","2016年度","","1,360,925","10,720,575","1,717,955","2,300,431","6,232,632","83,407,894"
"107","","建設業","22","","1億円未満","20170","","2017年度","","1,399,954","10,400,032","1,731,387","2,508,787","7,719,926","94,721,552"
"107","","建設業","22","","1億円未満","20180","","2018年度","","1,248,718","11,253,087","6,339,694","2,260,544","8,179,891","95,845,631"
"107","","建設業","22","","1億円未満","20190","","2019年度","","1,494,454","11,652,433","1,437,561","1,421,571","7,244,728","93,853,984"
"107","","建設業","22","","1億円未満","20200","","2020年度","","1,454,608","9,855,743","992,596","1,624,064","5,956,231","88,751,085"
"107","","建設業","22","","1億円未満","20210","","2021年度","","1,107,937","9,555,943","1,006,149","1,765,737","6,621,030","89,113,556"
"107","","建設業","22","","1億円未満","20220","","2022年度","","1,243,995","11,182,948","1,236,271","1,796,937","7,725,539","100,071,115"
"107","","建設業","22","","1億円未満","20230","","2023年度","","923,235","10,941,173","1,337,154","1,543,661","6,440,137","97,005,708"
"107","","建設業","22","","1億円未満","20240","","2024年度","","766,538","10,962,769","1,238,130","1,291,702","6,574,222","96,742,418"
"107","","建設業","20","","2千万円以上 - 5千万円未満","20150","","2015年度","","424,865","2,766,134","465,119","872,576","2,118,546","26,577,505"
"107","","建設業","20","","2千万円以上 - 5千万円未満","20160","","2016年度","","564,471","3,306,784","754,469","942,601","2,606,445","32,360,024"
"107","","建設業","20","","2千万円以上 - 5千万円未満","20170","","2017年度","","611,053","3,934,605","1,098,985","1,353,113","3,601,373","37,164,149"
"107","","建設業","20","","2千万円以上 - 5千万円未満","20180","","2018年度","","512,681","3,931,369","644,623","1,203,594","3,239,336","34,305,207"
"107","","建設業","20","","2千万円以上 - 5千万円未満","20190","","2019年度","","503,593","3,460,330","532,364","595,647","2,042,983","27,896,202"
"107","","建設業","20","","2千万円以上 - 5千万円未満","20200","","2020年度","","478,236","3,045,569","251,599","579,379","2,181,033","27,972,468"
"107","","建設業","20","","2千万円以上 - 5千万円未満","20210","","2021年度","","325,662","2,770,072","272,235","585,012","2,293,030","27,709,205"
"107","","建設業","20","","2千万円以上 - 5千万円未満","20220","","2022年度","","385,570","3,345,556","588,559","623,810","2,675,838","30,215,686"
"107","","建設業","20","","2千万円以上 - 5千万円未満","20230","","2023年度","","333,206","3,260,874","602,596","644,069","2,283,245","29,366,131"
"107","","建設業","20","","2千万円以上 - 5千万円未満","20240","","2024年度","","260,897","3,101,130","292,612","540,674","2,332,803","28,034,178"
"107","","建設業","17","","1千万円以上 - 2千万円未満","20150","","2015年度","","302,176","1,892,105","169,287","380,137","1,029,519","17,400,236"
"107","","建設業","17","","1千万円以上 - 2千万円未満","20160","","2016年度","","267,811","2,202,619","715,653","246,031","970,294","17,107,448"
"107","","建設業","17","","1千万円以上 - 2千万円未満","20170","","2017年度","","354,226","2,152,019","297,161","295,022","1,372,202","19,552,880"
"107","","建設業","17","","1千万円以上 - 2千万円未満","20180","","2018年度","","339,094","2,028,632","307,126","369,888","1,533,879","19,559,145"
"107","","建設業","17","","1千万円以上 - 2千万円未満","20190","","2019年度","","289,797","2,223,074","205,383","213,003","1,319,280","18,770,701"
"107","","建設業","17","","1千万円以上 - 2千万円未満","20200","","2020年度","","279,769","1,966,832","302,570","438,864","1,081,806","17,902,376"
"107","","建設業","17","","1千万円以上 - 2千万円未満","20210","","2021年度","","320,702","1,782,437","180,957","484,732","1,194,600","18,302,979"
"107","","建設業","17","","1千万円以上 - 2千万円未満","20220","","2022年度","","274,648","1,945,287","203,412","304,836","1,323,085","17,962,895"
"107","","建設業","17","","1千万円以上 - 2千万円未満","20230","","2023年度","","216,180","1,808,091","180,936","275,746","1,158,635","16,639,987"
"107","","建設業","17","","1千万円以上 - 2千万円未満","20240","","2024年度","","160,845","1,341,904","226,478","164,195","784,566","14,242,130"
"142","","情報通信業","26","","全規模","20150","","2015年度","","160,116","12,850,874","1,073,792","203,544","4,249,181","66,451,013"
"142","","情報通信業","26","","全規模","20160","","2016年度","","190,353","11,750,286","873,019","243,485","3,863,039","68,819,539"
"142","","情報通信業","26","","全規模","20170","","2017年度","","165,508","12,341,710","702,646","122,052","4,671,478","72,903,542"
"142","","情報通信業","26","","全規模","20180","","2018年度","","197,439","13,484,668","765,922","138,412","4,919,996","76,179,443"
"142","","情報通信業","26","","全規模","20190","","2019年度","","159,777","13,895,700","1,076,602","175,931","4,942,909","78,054,497"
"142","","情報通信業","26","","全規模","20200","","2020年度","","130,686","14,748,916","903,928","136,128","4,989,697","77,373,703"
"142","","情報通信業","26","","全規模","20210","","2021年度","","145,240","14,777,824","861,141","97,137","5,369,652","79,981,288"
"142","","情報通信業","26","","全規模","20220","","2022年度","","232,016","15,586,183","1,071,449","50,393","6,218,681","82,602,347"
"142","","情報通信業","26","","全規模","20230","","2023年度","","392,519","15,961,682","1,428,496","49,455","5,370,665","81,803,447"
"142","","情報通信業","26","","全規模","20240","","2024年度","","426,445","18,240,563","1,803,962","46,896","6,498,623","87,413,759"
"142","","情報通信業","25","","10億円以上","20150","","2015年度","","36,847","5,781,749","263,255","50,172","1,813,457","33,369,430"
"142","","情報通信業","25","","10億円以上","20160","","2016年度","","38,970","5,979,797","271,088","37,653","1,965,703","34,259,944"
"142","","情報通信業","25","","10億円以上","20170","","2017年度","","44,371","6,608,417","294,350","42,766","2,053,829","36,613,898"
"142","","情報通信業","25","","10億円以上","20180","","2018年度","","42,689","7,136,511","301,855","49,150","2,212,377","37,117,377"
"142","","情報通信業","25","","10億円以上","20190","","2019年度","","41,730","7,618,752","312,212","43,764","2,296,061","37,980,464"
"142","","情報通信業","25","","10億円以上","20200","","2020年度","","27,710","7,601,879","298,270","39,547","2,159,444","36,059,221"
"142","","情報通信業","25","","10億円以上","20210","","2021年度","","34,400","7,578,681","314,213","28,150","2,306,669","36,524,523"
"142","","情報通信業","25","","10億円以上","20220","","2022年度","","34,484","8,171,712","377,811","32,544","2,399,302","38,043,105"
"142","","情報通信業","25","","10億円以上","20230","","2023年度","","181,491","8,765,817","316,590","33,232","2,312,428","39,117,853"
"142","","情報通信業","25","","10億円以上","20240","","2024年度","","176,289","9,778,642","427,645","27,408","2,604,272","41,827,041"
"142","","情報通信業","24","","1億円以上 - 10億円未満","20150","","2015年度","","67,975","2,910,366","227,881","41,321","1,142,088","15,837,677"
"142","","情報通信業","24","","1億円以上 - 10億円未満","20160","","2016年度","","105,596","3,221,573","184,699","70,064","1,190,144","17,231,431"
"142","","情報通信業","24","","1億円以上 - 10億円未満","20170","","2017年度","","90,450","3,569,189","169,660","48,111","1,608,982","20,930,457"
"142","","情報通信業","24","","1億円以上 - 10億円未満","20180","","2018年度","","105,466","3,955,431","201,420","49,265","1,961,738","22,037,053"
"142","","情報通信業","24","","1億円以上 - 10億円未満","20190","","2019年度","","83,493","3,992,457","230,435","20,702","1,747,529","22,769,386"
"142","","情報通信業","24","","1億円以上 - 10億円未満","20200","","2020年度","","82,624","4,339,019","270,915","55,605","1,816,364","24,075,872"
"142","","情報通信業","24","","1億円以上 - 10億円未満","20210","","2021年度","","99,500","4,259,472","214,699","66,901","1,800,643","23,240,045"
"142","","情報通信業","24","","1億円以上 - 10億円未満","20220","","2022年度","","175,924","4,104,584","282,307","12,233","2,198,279","22,857,144"
"142","","情報通信業","24","","1億円以上 - 10億円未満","20230","","2023年度","","189,464","4,845,182","745,762","9,489","1,811,996","25,246,002"
"142","","情報通信業","24","","1億円以上 - 10億円未満","20240","","2024年度","","208,315","4,939,007","873,330","16,293","2,283,422","24,339,911"
"142","","情報通信業","21","","5千万円以上 - 1億円未満","20150","","2015年度","","33,961","700,986","90,387","21,951","231,291","3,814,917"
"142","","情報通信業","21","","5千万円以上 - 1億円未満","20160","","2016年度","","26,012","499,491","78,270","13,678","134,043","3,448,790"
"142","","情報通信業","21","","5千万円以上 - 1億円未満","20170","","2017年度","","9,445","817,609","67,446","4,642","239,638","5,116,824"
"142","","情報通信業","21","","5千万円以上 - 1億円未満","20180","","2018年度","","14,675","892,124","164,508","13,927","274,111","5,574,601"
"142","","情報通信業","21","","5千万円以上 - 1億円未満","20190","","2019年度","","2,492","889,763","249,207","62,724","410,087","6,796,327"
"142","","情報通信業","21","","5千万円以上 - 1億円未満","20200","","2020年度","","12,530","764,078","126,400","40,086","298,165","5,050,453"
"142","","情報通信業","21","","5千万円以上 - 1億円未満","20210","","2021年度","","3,464","753,408","52,159","567","306,045","4,652,546"
"142","","情報通信業","21","","5千万円以上 - 1億円未満","20220","","2022年度","","2,253","687,809","54,427","2,162","260,350","4,791,982"
"142","","情報通信業","21","","5千万円以上 - 1億円未満","20230","","2023年度","","2,585","712,915","89,259","2,776","323,113","5,064,603"
"142","","情報通信業","21","","5千万円以上 - 1億円未満","20240","","2024年度","","13,833","930,191","92,324","0","452,089","4,999,578"
"142","","情報通信業","19","","1千万円以上 - 1億円未満","20150","","2015年度","","51,038","3,866,351","571,822","112,051","1,206,579","14,573,133"
"142","","情報通信業","19","","1千万円以上 - 1億円未満","20160","","2016年度","","45,787","2,180,320","411,727","135,768","622,052","14,002,575"
"142","","情報通信業","19","","1千万円以上 - 1億円未満","20170","","2017年度","","30,687","1,912,244","208,872","31,175","981,613","13,235,178"
"142","","情報通信業","19","","1千万円以上 - 1億円未満","20180","","2018年度","","48,759","2,006,555","258,662","39,997","648,554","13,858,109"
"142","","情報通信業","19","","1千万円以上 - 1億円未満","20190","","2019年度","","27,035","2,010,322","499,440","111,465","845,746","14,996,964"
"142","","情報通信業","19","","1千万円以上 - 1億円未満","20200","","2020年度","","18,373","2,063,185","291,852","40,976","853,358","14,775,887"
"142","","情報通信業","19","","1千万円以上 - 1億円未満","20210","","2021年度","","9,598","2,447,601","284,961","2,086","839,725","17,667,408"
"142","","情報通信業","19","","1千万円以上 - 1億円未満","20220","","2022年度","","21,608","2,921,173","410,760","5,616","1,170,528","18,784,268"
"142","","情報通信業","19","","1千万円以上 - 1億円未満","20230","","2023年度","","13,509","2,228,529","338,352","6,734","1,209,021","15,809,482"
"142","","情報通信業","19","","1千万円以上 - 1億円未満","20240","","2024年度","","33,370","3,299,159","493,396","3,195","1,480,108","18,813,168"
"142","","情報通信業","18","","1千万円以上 - 5千万円未満","20150","","2015年度","","17,077","3,165,365","481,435","90,100","975,288","10,758,216"
"142","","情報通信業","18","","1千万円以上 - 5千万円未満","20160","","2016年度","","19,775","1,680,829","333,457","122,090","488,009","10,553,785"
"142","","情報通信業","18","","1千万円以上 - 5千万円未満","20170","","2017年度","","21,242","1,094,635","141,426","26,533","741,975","8,118,354"
"142","","情報通信業","18","","1千万円以上 - 5千万円未満","20180","","2018年度","","34,084","1,114,431","94,154","26,070","374,443","8,283,508"
"142","","情報通信業","18","","1千万円以上 - 5千万円未満","20190","","2019年度","","24,543","1,120,559","250,233","48,741","435,659","8,200,637"
"142","","情報通信業","18","","1千万円以上 - 5千万円未満","20200","","2020年度","","5,843","1,299,107","165,452","890","555,193","9,725,434"
"142","","情報通信業","18","","1千万円以上 - 5千万円未満","20210","","2021年度","","6,134","1,694,193","232,802","1,519","533,680","13,014,862"
"142","","情報通信業","18","","1千万円以上 - 5千万円未満","20220","","2022年度","","19,355","2,233,364","356,333","3,454","910,178","13,992,286"
"142","","情報通信業","18","","1千万円以上 - 5千万円未満","20230","","2023年度","","10,924","1,515,614","249,093","3,958","885,908","10,744,879"
"142","","情報通信業","18","","1千万円以上 - 5千万円未満","20240","","2024年度","","19,537","2,368,968","401,072","3,195","1,028,019","13,813,590"
"142","","情報通信業","16","","1千万円未満","20150","","2015年度","","4,256","292,408","10,834","0","87,057","2,670,773"
"142","","情報通信業","16","","1千万円未満","20160","","2016年度","","0","368,596","5,505","0","85,140","3,325,589"
"142","","情報通信業","16","","1千万円未満","20170","","2017年度","","0","251,860","29,764","0","27,054","2,124,009"
"142","","情報通信業","16","","1千万円未満","20180","","2018年度","","525","386,171","3,985","0","97,327","3,166,904"
"142","","情報通信業","16","","1千万円未満","20190","","2019年度","","7,519","274,169","34,515","0","53,573","2,307,683"
"142","","情報通信業","16","","1千万円未満","20200","","2020年度","","1,979","744,833","42,891","0","160,531","2,462,723"
"142","","情報通信業","16","","1千万円未満","20210","","2021年度","","1,742","492,070","47,268","0","422,615","2,549,312"
"142","","情報通信業","16","","1千万円未満","20220","","2022年度","","0","388,714","571","0","450,572","2,917,830"
"142","","情報通信業","16","","1千万円未満","20230","","2023年度","","8,055","122,154","27,792","0","37,220","1,630,110"
"142","","情報通信業","16","","1千万円未満","20240","","2024年度","","8,471","223,755","9,591","0","130,821","2,433,639"
"142","","情報通信業","23","","1億円以上","20150","","2015年度","","104,822","8,692,115","491,136","91,493","2,955,545","49,207,107"
"142","","情報通信業","23","","1億円以上","20160","","2016年度","","144,566","9,201,370","455,787","107,717","3,155,847","51,491,375"
"142","","情報通信業","23","","1億円以上","20170","","2017年度","","134,821","10,177,606","464,010","90,877","3,662,811","57,544,355"
"142","","情報通信業","23","","1億円以上","20180","","2018年度","","148,155","11,091,942","503,275","98,415","4,174,115","59,154,430"
"142","","情報通信業","23","","1億円以上","20190","","2019年度","","125,223","11,611,209","542,647","64,466","4,043,590","60,749,850"
"142","","情報通信業","23","","1億円以上","20200","","2020年度","","110,334","11,940,898","569,185","95,152","3,975,808","60,135,093"
"142","","情報通信業","23","","1億円以上","20210","","2021年度","","133,900","11,838,153","528,912","95,051","4,107,312","59,764,568"
"142","","情報通信業","23","","1億円以上","20220","","2022年度","","210,408","12,276,296","660,118","44,777","4,597,581","60,900,249"
"142","","情報通信業","23","","1億円以上","20230","","2023年度","","370,955","13,610,999","1,062,352","42,721","4,124,424","64,363,855"
"142","","情報通信業","23","","1億円以上","20240","","2024年度","","384,604","14,717,649","1,300,975","43,701","4,887,694","66,166,952"
"142","","情報通信業","22","","1億円未満","20150","","2015年度","","55,294","4,158,759","582,656","112,051","1,293,636","17,243,906"
"142","","情報通信業","22","","1億円未満","20160","","2016年度","","45,787","2,548,916","417,232","135,768","707,192","17,328,164"
"142","","情報通信業","22","","1億円未満","20170","","2017年度","","30,687","2,164,104","238,636","31,175","1,008,667","15,359,187"
"142","","情報通信業","22","","1億円未満","20180","","2018年度","","49,284","2,392,726","262,647","39,997","745,881","17,025,013"
"142","","情報通信業","22","","1億円未満","20190","","2019年度","","34,554","2,284,491","533,955","111,465","899,319","17,304,647"
"142","","情報通信業","22","","1億円未満","20200","","2020年度","","20,352","2,808,018","334,743","40,976","1,013,889","17,238,610"
"142","","情報通信業","22","","1億円未満","20210","","2021年度","","11,340","2,939,671","332,229","2,086","1,262,340","20,216,720"
"142","","情報通信業","22","","1億円未満","20220","","2022年度","","21,608","3,309,887","411,331","5,616","1,621,100","21,702,098"
"142","","情報通信業","22","","1億円未満","20230","","2023年度","","21,564","2,350,683","366,144","6,734","1,246,241","17,439,592"
"142","","情報通信業","22","","1億円未満","20240","","2024年度","","41,841","3,522,914","502,987","3,195","1,610,929","21,246,807"
"142","","情報通信業","20","","2千万円以上 - 5千万円未満","20150","","2015年度","","8,256","523,978","243,641","2,391","336,762","3,756,697"
"142","","情報通信業","20","","2千万円以上 - 5千万円未満","20160","","2016年度","","3,921","615,344","94,988","6,668","217,268","3,974,815"
"142","","情報通信業","20","","2千万円以上 - 5千万円未満","20170","","2017年度","","1,758","743,332","130,719","26,533","609,661","5,035,447"
"142","","情報通信業","20","","2千万円以上 - 5千万円未満","20180","","2018年度","","12,906","466,968","79,188","26,070","149,032","3,796,004"
"142","","情報通信業","20","","2千万円以上 - 5千万円未満","20190","","2019年度","","12,732","395,436","42,952","3,957","135,757","3,474,243"
"142","","情報通信業","20","","2千万円以上 - 5千万円未満","20200","","2020年度","","5,843","745,435","129,271","412","335,920","5,727,699"
"142","","情報通信業","20","","2千万円以上 - 5千万円未満","20210","","2021年度","","4,032","1,097,077","192,582","1,519","337,007","7,155,176"
"142","","情報通信業","20","","2千万円以上 - 5千万円未満","20220","","2022年度","","9,397","1,254,180","85,255","2,805","575,112","6,639,860"
"142","","情報通信業","20","","2千万円以上 - 5千万円未満","20230","","2023年度","","2,201","521,600","9,595","343","572,550","4,763,362"
"142","","情報通信業","20","","2千万円以上 - 5千万円未満","20240","","2024年度","","17,183","737,579","252,098","363","489,281","5,976,869"
"142","","情報通信業","17","","1千万円以上 - 2千万円未満","20150","","2015年度","","8,821","2,641,387","237,794","87,709","638,526","7,001,519"
"142","","情報通信業","17","","1千万円以上 - 2千万円未満","20160","","2016年度","","15,854","1,065,485","238,469","115,422","270,741","6,578,970"
"142","","情報通信業","17","","1千万円以上 - 2千万円未満","20170","","2017年度","","19,484","351,303","10,707","0","132,314","3,082,907"
"142","","情報通信業","17","","1千万円以上 - 2千万円未満","20180","","2018年度","","21,178","647,463","14,966","0","225,411","4,487,504"
"142","","情報通信業","17","","1千万円以上 - 2千万円未満","20190","","2019年度","","11,811","725,123","207,281","44,784","299,902","4,726,394"
"142","","情報通信業","17","","1千万円以上 - 2千万円未満","20200","","2020年度","","0","553,672","36,181","478","219,273","3,997,735"
"142","","情報通信業","17","","1千万円以上 - 2千万円未満","20210","","2021年度","","2,102","597,116","40,220","0","196,673","5,859,686"
"142","","情報通信業","17","","1千万円以上 - 2千万円未満","20220","","2022年度","","9,958","979,184","271,078","649","335,066","7,352,426"
"142","","情報通信業","17","","1千万円以上 - 2千万円未満","20230","","2023年度","","8,723","994,014","239,498","3,615","313,358","5,981,517"
"142","","情報通信業","17","","1千万円以上 - 2千万円未満","20240","","2024年度","","2,354","1,631,389","148,974","2,832","538,738","7,836,721"
"127","","卸売業","26","","全規模","20150","","2015年度","","9,506,207","48,327,340","18,142,635","10,605,215","40,599,446","350,610,005"
"127","","卸売業","26","","全規模","20160","","2016年度","","7,983,120","50,169,970","16,663,808","8,609,558","43,080,011","355,972,131"
"127","","卸売業","26","","全規模","20170","","2017年度","","9,252,448","57,733,805","19,081,624","9,607,717","48,758,074","382,325,373"
"127","","卸売業","26","","全規模","20180","","2018年度","","9,199,100","52,522,023","18,201,135","10,347,175","45,683,284","360,684,084"
"127","","卸売業","26","","全規模","20190","","2019年度","","8,083,157","45,750,083","17,397,501","9,185,922","39,202,933","332,614,779"
"127","","卸売業","26","","全規模","20200","","2020年度","","7,946,470","44,706,098","17,022,338","7,841,663","38,014,783","300,214,046"
"127","","卸売業","26","","全規模","20210","","2021年度","","8,910,965","52,139,445","19,221,165","7,975,885","43,628,707","316,839,372"
"127","","卸売業","26","","全規模","20220","","2022年度","","8,464,381","53,859,394","21,703,908","7,608,464","43,868,190","342,243,571"
"127","","卸売業","26","","全規模","20230","","2023年度","","9,266,352","54,291,119","20,868,106","9,220,475","45,211,290","342,715,921"
"127","","卸売業","26","","全規模","20240","","2024年度","","8,939,806","59,530,321","23,720,919","9,092,177","50,906,579","357,659,879"
"127","","卸売業","25","","10億円以上","20150","","2015年度","","1,888,009","15,996,499","4,505,114","1,494,032","14,116,786","109,488,021"
"127","","卸売業","25","","10億円以上","20160","","2016年度","","1,973,447","16,460,651","4,405,207","1,611,192","14,427,348","107,058,361"
"127","","卸売業","25","","10億円以上","20170","","2017年度","","2,300,464","18,105,041","4,811,063","1,831,748","15,982,753","118,988,582"
"127","","卸売業","25","","10億円以上","20180","","2018年度","","2,383,963","19,021,285","5,057,559","1,783,788","16,756,909","126,826,989"
"127","","卸売業","25","","10億円以上","20190","","2019年度","","2,049,640","16,150,964","4,769,626","1,523,526","14,063,134","110,349,393"
"127","","卸売業","25","","10億円以上","20200","","2020年度","","1,815,310","16,372,443","4,693,031","1,454,164","14,517,775","95,619,637"
"127","","卸売業","25","","10億円以上","20210","","2021年度","","1,986,041","19,205,014","5,613,368","1,562,062","17,094,613","99,105,401"
"127","","卸売業","25","","10億円以上","20220","","2022年度","","1,951,150","19,228,102","6,513,311","1,491,572","16,999,406","110,528,687"
"127","","卸売業","25","","10億円以上","20230","","2023年度","","2,283,968","20,274,556","6,562,263","1,725,131","17,661,932","106,084,548"
"127","","卸売業","25","","10億円以上","20240","","2024年度","","1,914,106","19,127,673","6,789,587","1,416,819","16,588,271","104,963,963"
"127","","卸売業","24","","1億円以上 - 10億円未満","20150","","2015年度","","2,338,713","13,302,447","3,722,998","2,133,059","12,716,641","75,466,146"
"127","","卸売業","24","","1億円以上 - 10億円未満","20160","","2016年度","","2,197,113","13,053,229","3,423,652","1,998,637","12,302,814","81,381,874"
"127","","卸売業","24","","1億円以上 - 10億円未満","20170","","2017年度","","2,632,136","14,605,027","4,063,918","2,243,833","14,017,210","88,199,575"
"127","","卸売業","24","","1億円以上 - 10億円未満","20180","","2018年度","","2,700,941","14,752,517","4,457,278","2,242,904","14,532,302","93,141,932"
"127","","卸売業","24","","1億円以上 - 10億円未満","20190","","2019年度","","2,233,783","13,315,513","3,952,364","1,987,304","12,758,184","87,604,151"
"127","","卸売業","24","","1億円以上 - 10億円未満","20200","","2020年度","","2,182,887","11,040,745","3,720,403","1,932,752","10,398,364","70,040,641"
"127","","卸売業","24","","1億円以上 - 10億円未満","20210","","2021年度","","2,426,816","12,796,542","4,608,339","2,124,433","12,283,847","73,489,204"
"127","","卸売業","24","","1億円以上 - 10億円未満","20220","","2022年度","","2,535,561","14,395,756","5,272,184","2,189,397","13,743,903","81,162,106"
"127","","卸売業","24","","1億円以上 - 10億円未満","20230","","2023年度","","2,887,887","14,911,301","5,498,308","2,381,385","14,162,199","82,108,949"
"127","","卸売業","24","","1億円以上 - 10億円未満","20240","","2024年度","","2,535,010","15,618,728","5,737,697","2,102,090","15,004,312","93,868,685"
"127","","卸売業","21","","5千万円以上 - 1億円未満","20150","","2015年度","","1,930,439","6,526,056","3,719,232","2,466,659","4,950,871","50,560,006"
"127","","卸売業","21","","5千万円以上 - 1億円未満","20160","","2016年度","","1,199,823","6,967,497","3,040,684","1,854,146","5,912,870","51,455,544"
"127","","卸売業","21","","5千万円以上 - 1億円未満","20170","","2017年度","","1,254,889","6,814,636","2,465,681","1,470,994","6,177,623","40,167,456"
"127","","卸売業","21","","5千万円以上 - 1億円未満","20180","","2018年度","","1,493,581","6,014,030","2,320,847","1,488,999","5,998,039","40,130,464"
"127","","卸売業","21","","5千万円以上 - 1億円未満","20190","","2019年度","","1,474,946","5,666,335","2,126,325","1,395,864","4,791,200","40,349,035"
"127","","卸売業","21","","5千万円以上 - 1億円未満","20200","","2020年度","","1,867,651","6,064,156","2,858,701","1,727,222","4,966,202","40,561,471"
"127","","卸売業","21","","5千万円以上 - 1億円未満","20210","","2021年度","","2,389,644","7,041,612","2,435,376","1,882,550","4,811,306","40,911,238"
"127","","卸売業","21","","5千万円以上 - 1億円未満","20220","","2022年度","","1,726,722","7,449,747","3,500,762","1,904,552","4,720,499","48,771,417"
"127","","卸売業","21","","5千万円以上 - 1億円未満","20230","","2023年度","","1,738,467","6,553,730","2,378,562","2,277,097","4,858,215","50,112,369"
"127","","卸売業","21","","5千万円以上 - 1億円未満","20240","","2024年度","","1,261,333","5,743,271","3,970,661","1,676,454","4,985,602","44,576,575"
"127","","卸売業","19","","1千万円以上 - 1億円未満","20150","","2015年度","","5,094,933","17,434,276","9,069,111","6,894,643","12,547,310","149,568,235"
"127","","卸売業","19","","1千万円以上 - 1億円未満","20160","","2016年度","","3,603,166","19,061,801","8,136,149","4,881,539","15,360,606","149,628,112"
"127","","卸売業","19","","1千万円以上 - 1億円未満","20170","","2017年度","","4,185,411","22,337,537","9,431,514","5,383,719","16,860,982","151,930,512"
"127","","卸売業","19","","1千万円以上 - 1億円未満","20180","","2018年度","","4,054,281","17,410,911","8,083,828","6,159,251","13,369,447","128,998,595"
"127","","卸売業","19","","1千万円以上 - 1億円未満","20190","","2019年度","","3,609,257","14,673,459","7,332,802","5,436,935","11,122,831","120,331,157"
"127","","卸売業","19","","1千万円以上 - 1億円未満","20200","","2020年度","","3,740,720","15,542,246","7,717,951","4,187,854","12,007,023","120,515,405"
"127","","卸売業","19","","1千万円以上 - 1億円未満","20210","","2021年度","","4,345,223","18,646,300","8,187,073","4,189,580","13,063,000","128,925,628"
"127","","卸売業","19","","1千万円以上 - 1億円未満","20220","","2022年度","","3,873,658","19,266,126","9,303,566","3,821,341","12,403,346","135,977,691"
"127","","卸売業","19","","1千万円以上 - 1億円未満","20230","","2023年度","","4,010,089","17,100,607","7,918,047","5,010,212","11,901,220","136,888,063"
"127","","卸売業","19","","1千万円以上 - 1億円未満","20240","","2024年度","","4,461,502","22,673,091","9,914,122","5,478,900","17,562,431","140,381,726"
"127","","卸売業","18","","1千万円以上 - 5千万円未満","20150","","2015年度","","3,164,494","10,908,220","5,349,879","4,427,984","7,596,439","99,008,229"
"127","","卸売業","18","","1千万円以上 - 5千万円未満","20160","","2016年度","","2,403,343","12,094,304","5,095,465","3,027,393","9,447,736","98,172,568"
"127","","卸売業","18","","1千万円以上 - 5千万円未満","20170","","2017年度","","2,930,522","15,522,901","6,965,833","3,912,725","10,683,359","111,763,056"
"127","","卸売業","18","","1千万円以上 - 5千万円未満","20180","","2018年度","","2,560,700","11,396,881","5,762,981","4,670,252","7,371,408","88,868,131"
"127","","卸売業","18","","1千万円以上 - 5千万円未満","20190","","2019年度","","2,134,311","9,007,124","5,206,477","4,041,071","6,331,631","79,982,122"
"127","","卸売業","18","","1千万円以上 - 5千万円未満","20200","","2020年度","","1,873,069","9,478,090","4,859,250","2,460,632","7,040,821","79,953,934"
"127","","卸売業","18","","1千万円以上 - 5千万円未満","20210","","2021年度","","1,955,579","11,604,688","5,751,697","2,307,030","8,251,694","88,014,390"
"127","","卸売業","18","","1千万円以上 - 5千万円未満","20220","","2022年度","","2,146,936","11,816,379","5,802,804","1,916,789","7,682,847","87,206,274"
"127","","卸売業","18","","1千万円以上 - 5千万円未満","20230","","2023年度","","2,271,622","10,546,877","5,539,485","2,733,115","7,043,005","86,775,694"
"127","","卸売業","18","","1千万円以上 - 5千万円未満","20240","","2024年度","","3,200,169","16,929,820","5,943,461","3,802,446","12,576,829","95,805,151"
"127","","卸売業","16","","1千万円未満","20150","","2015年度","","184,552","1,594,118","845,412","83,481","1,218,709","16,087,603"
"127","","卸売業","16","","1千万円未満","20160","","2016年度","","209,394","1,594,289","698,800","118,190","989,243","17,903,784"
"127","","卸売業","16","","1千万円未満","20170","","2017年度","","134,437","2,686,200","775,129","148,417","1,897,129","23,206,704"
"127","","卸売業","16","","1千万円未満","20180","","2018年度","","59,915","1,337,310","602,470","161,232","1,024,626","11,716,568"
"127","","卸売業","16","","1千万円未満","20190","","2019年度","","190,477","1,610,147","1,342,709","238,157","1,258,784","14,330,078"
"127","","卸売業","16","","1千万円未満","20200","","2020年度","","207,553","1,750,664","890,953","266,893","1,091,621","14,038,363"
"127","","卸売業","16","","1千万円未満","20210","","2021年度","","152,885","1,491,589","812,385","99,810","1,187,247","15,319,139"
"127","","卸売業","16","","1千万円未満","20220","","2022年度","","104,012","969,410","614,847","106,154","721,535","14,575,087"
"127","","卸売業","16","","1千万円未満","20230","","2023年度","","84,408","2,004,655","889,488","103,747","1,485,939","17,634,361"
"127","","卸売業","16","","1千万円未満","20240","","2024年度","","29,188","2,110,829","1,279,513","94,368","1,751,565","18,445,505"
"127","","卸売業","23","","1億円以上","20150","","2015年度","","4,226,722","29,298,946","8,228,112","3,627,091","26,833,427","184,954,167"
"127","","卸売業","23","","1億円以上","20160","","2016年度","","4,170,560","29,513,880","7,828,859","3,609,829","26,730,162","188,440,235"
"127","","卸売業","23","","1億円以上","20170","","2017年度","","4,932,600","32,710,068","8,874,981","4,075,581","29,999,963","207,188,157"
"127","","卸売業","23","","1億円以上","20180","","2018年度","","5,084,904","33,773,802","9,514,837","4,026,692","31,289,211","219,968,921"
"127","","卸売業","23","","1億円以上","20190","","2019年度","","4,283,423","29,466,477","8,721,990","3,510,830","26,821,318","197,953,544"
"127","","卸売業","23","","1億円以上","20200","","2020年度","","3,998,197","27,413,188","8,413,434","3,386,916","24,916,139","165,660,278"
"127","","卸売業","23","","1億円以上","20210","","2021年度","","4,412,857","32,001,556","10,221,707","3,686,495","29,378,460","172,594,605"
"127","","卸売業","23","","1億円以上","20220","","2022年度","","4,486,711","33,623,858","11,785,495","3,680,969","30,743,309","191,690,793"
"127","","卸売業","23","","1億円以上","20230","","2023年度","","5,171,855","35,185,857","12,060,571","4,106,516","31,824,131","188,193,497"
"127","","卸売業","23","","1億円以上","20240","","2024年度","","4,449,116","34,746,401","12,527,284","3,518,909","31,592,583","198,832,648"
"127","","卸売業","22","","1億円未満","20150","","2015年度","","5,279,485","19,028,394","9,914,523","6,978,124","13,766,019","165,655,838"
"127","","卸売業","22","","1億円未満","20160","","2016年度","","3,812,560","20,656,090","8,834,949","4,999,729","16,349,849","167,531,896"
"127","","卸売業","22","","1億円未満","20170","","2017年度","","4,319,848","25,023,737","10,206,643","5,532,136","18,758,111","175,137,216"
"127","","卸売業","22","","1億円未満","20180","","2018年度","","4,114,196","18,748,221","8,686,298","6,320,483","14,394,073","140,715,163"
"127","","卸売業","22","","1億円未満","20190","","2019年度","","3,799,734","16,283,606","8,675,511","5,675,092","12,381,615","134,661,235"
"127","","卸売業","22","","1億円未満","20200","","2020年度","","3,948,273","17,292,910","8,608,904","4,454,747","13,098,644","134,553,768"
"127","","卸売業","22","","1億円未満","20210","","2021年度","","4,498,108","20,137,889","8,999,458","4,289,390","14,250,247","144,244,767"
"127","","卸売業","22","","1億円未満","20220","","2022年度","","3,977,670","20,235,536","9,918,413","3,927,495","13,124,881","150,552,778"
"127","","卸売業","22","","1億円未満","20230","","2023年度","","4,094,497","19,105,262","8,807,535","5,113,959","13,387,159","154,522,424"
"127","","卸売業","22","","1億円未満","20240","","2024年度","","4,490,690","24,783,920","11,193,635","5,573,268","19,313,996","158,827,231"
"127","","卸売業","20","","2千万円以上 - 5千万円未満","20150","","2015年度","","1,577,877","5,886,266","2,440,615","2,531,021","4,087,041","48,407,915"
"127","","卸売業","20","","2千万円以上 - 5千万円未満","20160","","2016年度","","1,264,532","4,936,467","2,110,158","1,973,150","2,982,718","40,268,078"
"127","","卸売業","20","","2千万円以上 - 5千万円未満","20170","","2017年度","","1,646,309","6,110,547","2,676,872","1,781,674","4,005,173","41,018,818"
"127","","卸売業","20","","2千万円以上 - 5千万円未満","20180","","2018年度","","1,632,684","5,052,796","2,690,781","2,276,369","3,715,106","40,018,560"
"127","","卸売業","20","","2千万円以上 - 5千万円未満","20190","","2019年度","","1,369,893","4,627,711","2,636,456","2,484,064","3,547,469","40,225,659"
"127","","卸売業","20","","2千万円以上 - 5千万円未満","20200","","2020年度","","1,095,610","4,801,285","2,553,675","1,524,109","3,751,560","40,165,508"
"127","","卸売業","20","","2千万円以上 - 5千万円未満","20210","","2021年度","","1,202,234","4,911,079","3,203,984","1,483,502","3,817,411","38,866,855"
"127","","卸売業","20","","2千万円以上 - 5千万円未満","20220","","2022年度","","1,176,143","4,841,698","2,571,290","832,663","3,546,734","38,392,169"
"127","","卸売業","20","","2千万円以上 - 5千万円未満","20230","","2023年度","","1,354,771","5,936,831","2,601,453","1,540,411","3,954,358","43,660,616"
"127","","卸売業","20","","2千万円以上 - 5千万円未満","20240","","2024年度","","1,766,964","5,999,609","2,407,312","2,120,650","4,638,558","43,737,176"
"127","","卸売業","17","","1千万円以上 - 2千万円未満","20150","","2015年度","","1,586,617","5,021,954","2,909,264","1,896,963","3,509,398","50,600,314"
"127","","卸売業","17","","1千万円以上 - 2千万円未満","20160","","2016年度","","1,138,811","7,157,837","2,985,307","1,054,243","6,465,018","57,904,490"
"127","","卸売業","17","","1千万円以上 - 2千万円未満","20170","","2017年度","","1,284,213","9,412,354","4,288,961","2,131,051","6,678,186","70,744,238"
"127","","卸売業","17","","1千万円以上 - 2千万円未満","20180","","2018年度","","928,016","6,344,085","3,072,200","2,393,883","3,656,302","48,849,571"
"127","","卸売業","17","","1千万円以上 - 2千万円未満","20190","","2019年度","","764,418","4,379,413","2,570,021","1,557,007","2,784,162","39,756,463"
"127","","卸売業","17","","1千万円以上 - 2千万円未満","20200","","2020年度","","777,459","4,676,805","2,305,575","936,523","3,289,261","39,788,426"
"127","","卸売業","17","","1千万円以上 - 2千万円未満","20210","","2021年度","","753,345","6,693,609","2,547,713","823,528","4,434,283","49,147,535"
"127","","卸売業","17","","1千万円以上 - 2千万円未満","20220","","2022年度","","970,793","6,974,681","3,231,514","1,084,126","4,136,113","48,814,105"
"127","","卸売業","17","","1千万円以上 - 2千万円未満","20230","","2023年度","","916,851","4,610,046","2,938,032","1,192,704","3,088,647","43,115,078"
"127","","卸売業","17","","1千万円以上 - 2千万円未満","20240","","2024年度","","1,433,205","10,930,211","3,536,149","1,681,796","7,938,271","52,067,975"
"128","","小売業","26","","全規模","20150","","2015年度","","1,270,553","13,881,410","14,179,531","903,062","17,278,698","175,770,938"
"128","","小売業","26","","全規模","20160","","2016年度","","1,064,677","10,954,842","12,549,295","1,099,229","13,649,431","175,614,246"
"128","","小売業","26","","全規模","20170","","2017年度","","821,189","13,901,159","13,745,739","928,236","15,709,230","199,938,452"
"128","","小売業","26","","全規模","20180","","2018年度","","1,749,790","12,455,591","13,532,227","1,006,130","14,883,403","186,886,436"
"128","","小売業","26","","全規模","20190","","2019年度","","1,790,685","12,908,208","14,822,685","939,075","14,635,281","189,401,693"
"128","","小売業","26","","全規模","20200","","2020年度","","1,178,397","10,860,870","13,852,852","902,833","14,185,999","181,946,832"
"128","","小売業","26","","全規模","20210","","2021年度","","1,278,280","13,246,134","14,084,198","798,045","14,386,979","179,900,709"
"128","","小売業","26","","全規模","20220","","2022年度","","2,547,892","12,211,363","15,467,366","837,746","14,615,147","197,521,042"
"128","","小売業","26","","全規模","20230","","2023年度","","1,993,199","16,887,727","16,213,578","747,301","19,677,101","216,298,352"
"128","","小売業","26","","全規模","20240","","2024年度","","628,588","15,414,078","13,762,575","816,050","15,864,095","206,002,882"
"128","","小売業","25","","10億円以上","20150","","2015年度","","89,876","1,270,705","3,483,415","198,426","3,360,563","41,324,228"
"128","","小売業","25","","10億円以上","20160","","2016年度","","111,703","1,444,139","3,492,997","166,580","3,341,424","41,711,127"
"128","","小売業","25","","10億円以上","20170","","2017年度","","142,342","1,449,000","3,505,417","169,875","3,433,908","42,116,730"
"128","","小売業","25","","10億円以上","20180","","2018年度","","127,581","1,474,374","3,424,523","147,332","3,064,444","38,901,336"
"128","","小売業","25","","10億円以上","20190","","2019年度","","165,679","1,469,144","3,384,240","163,618","3,167,781","38,837,706"
"128","","小売業","25","","10億円以上","20200","","2020年度","","150,585","1,702,019","2,868,351","148,652","3,367,969","38,812,034"
"128","","小売業","25","","10億円以上","20210","","2021年度","","177,469","1,805,403","3,003,764","154,174","3,300,608","39,417,443"
"128","","小売業","25","","10億円以上","20220","","2022年度","","193,704","1,841,888","3,205,928","148,718","3,435,602","37,691,566"
"128","","小売業","25","","10億円以上","20230","","2023年度","","161,404","2,015,511","3,022,040","254,969","3,364,332","37,155,220"
"128","","小売業","25","","10億円以上","20240","","2024年度","","105,559","1,852,824","3,184,128","271,242","3,232,920","35,933,263"
"128","","小売業","24","","1億円以上 - 10億円未満","20150","","2015年度","","465,984","2,733,351","2,058,527","155,380","3,438,732","31,616,214"
"128","","小売業","24","","1億円以上 - 10億円未満","20160","","2016年度","","651,097","2,815,856","2,081,959","270,381","3,608,765","34,146,060"
"128","","小売業","24","","1億円以上 - 10億円未満","20170","","2017年度","","492,189","3,536,484","2,339,833","181,400","4,296,320","41,347,543"
"128","","小売業","24","","1億円以上 - 10億円未満","20180","","2018年度","","465,501","2,999,449","2,296,415","149,031","3,984,798","40,844,729"
"128","","小売業","24","","1億円以上 - 10億円未満","20190","","2019年度","","440,294","3,347,020","2,955,432","218,516","4,688,900","41,232,548"
"128","","小売業","24","","1億円以上 - 10億円未満","20200","","2020年度","","355,283","2,593,296","2,942,634","204,784","3,479,753","37,551,790"
"128","","小売業","24","","1億円以上 - 10億円未満","20210","","2021年度","","603,123","2,541,142","3,434,958","185,689","2,876,718","35,275,014"
"128","","小売業","24","","1億円以上 - 10億円未満","20220","","2022年度","","869,809","2,533,526","3,944,939","147,074","3,080,975","38,656,040"
"128","","小売業","24","","1億円以上 - 10億円未満","20230","","2023年度","","467,325","2,490,732","4,953,090","165,934","4,234,730","49,119,713"
"128","","小売業","24","","1億円以上 - 10億円未満","20240","","2024年度","","96,268","2,831,020","3,446,218","113,699","3,431,889","40,928,127"
"128","","小売業","21","","5千万円以上 - 1億円未満","20150","","2015年度","","495,546","3,564,454","2,140,701","158,033","4,279,014","26,306,557"
"128","","小売業","21","","5千万円以上 - 1億円未満","20160","","2016年度","","84,578","1,887,109","1,816,889","240,083","1,754,656","21,422,410"
"128","","小売業","21","","5千万円以上 - 1億円未満","20170","","2017年度","","44,909","2,801,005","1,969,904","235,222","2,803,487","32,672,874"
"128","","小売業","21","","5千万円以上 - 1億円未満","20180","","2018年度","","68,004","3,275,947","2,279,718","137,774","2,911,523","35,087,490"
"128","","小売業","21","","5千万円以上 - 1億円未満","20190","","2019年度","","61,223","4,203,379","2,599,189","96,453","2,825,831","38,150,065"
"128","","小売業","21","","5千万円以上 - 1億円未満","20200","","2020年度","","219,014","2,180,179","2,438,104","153,492","2,922,217","39,390,080"
"128","","小売業","21","","5千万円以上 - 1億円未満","20210","","2021年度","","15,931","1,647,756","1,740,496","132,933","2,344,005","29,166,457"
"128","","小売業","21","","5千万円以上 - 1億円未満","20220","","2022年度","","50,766","975,379","1,966,960","141,426","2,013,846","32,129,314"
"128","","小売業","21","","5千万円以上 - 1億円未満","20230","","2023年度","","423,142","3,010,955","2,375,797","117,648","2,491,100","37,757,012"
"128","","小売業","21","","5千万円以上 - 1億円未満","20240","","2024年度","","43,376","2,693,063","2,278,549","199,183","2,676,521","41,580,308"
"128","","小売業","19","","1千万円以上 - 1億円未満","20150","","2015年度","","636,428","8,153,278","6,673,641","422,644","9,021,966","75,554,062"
"128","","小売業","19","","1千万円以上 - 1億円未満","20160","","2016年度","","185,547","5,024,195","5,208,871","494,867","5,485,949","75,031,651"
"128","","小売業","19","","1千万円以上 - 1億円未満","20170","","2017年度","","172,962","7,193,860","6,203,800","522,210","6,562,029","89,416,387"
"128","","小売業","19","","1千万円以上 - 1億円未満","20180","","2018年度","","1,037,943","6,165,992","5,832,630","664,495","6,344,237","82,462,636"
"128","","小売業","19","","1千万円以上 - 1億円未満","20190","","2019年度","","1,085,997","6,886,294","6,354,978","517,342","5,809,333","85,843,011"
"128","","小売業","19","","1千万円以上 - 1億円未満","20200","","2020年度","","616,575","4,765,097","6,173,005","534,507","6,079,993","80,057,791"
"128","","小売業","19","","1千万円以上 - 1億円未満","20210","","2021年度","","480,268","7,145,103","5,339,231","421,796","6,634,074","80,396,863"
"128","","小売業","19","","1千万円以上 - 1億円未満","20220","","2022年度","","1,448,254","6,145,726","6,471,118","369,663","6,359,734","86,450,643"
"128","","小売業","19","","1千万円以上 - 1億円未満","20230","","2023年度","","1,331,482","6,436,976","6,321,251","304,198","6,026,893","89,490,363"
"128","","小売業","19","","1千万円以上 - 1億円未満","20240","","2024年度","","400,778","6,607,705","5,346,703","369,203","5,751,683","91,105,662"
"128","","小売業","18","","1千万円以上 - 5千万円未満","20150","","2015年度","","140,882","4,588,824","4,532,940","264,611","4,742,952","49,247,505"
"128","","小売業","18","","1千万円以上 - 5千万円未満","20160","","2016年度","","100,969","3,137,086","3,391,982","254,784","3,731,293","53,609,241"
"128","","小売業","18","","1千万円以上 - 5千万円未満","20170","","2017年度","","128,053","4,392,855","4,233,896","286,988","3,758,542","56,743,513"
"128","","小売業","18","","1千万円以上 - 5千万円未満","20180","","2018年度","","969,939","2,890,045","3,552,912","526,721","3,432,714","47,375,146"
"128","","小売業","18","","1千万円以上 - 5千万円未満","20190","","2019年度","","1,024,774","2,682,915","3,755,789","420,889","2,983,502","47,692,946"
"128","","小売業","18","","1千万円以上 - 5千万円未満","20200","","2020年度","","397,561","2,584,918","3,734,901","381,015","3,157,776","40,667,711"
"128","","小売業","18","","1千万円以上 - 5千万円未満","20210","","2021年度","","464,337","5,497,347","3,598,735","288,863","4,290,069","51,230,406"
"128","","小売業","18","","1千万円以上 - 5千万円未満","20220","","2022年度","","1,397,488","5,170,347","4,504,158","228,237","4,345,888","54,321,329"
"128","","小売業","18","","1千万円以上 - 5千万円未満","20230","","2023年度","","908,340","3,426,021","3,945,454","186,550","3,535,793","51,733,351"
"128","","小売業","18","","1千万円以上 - 5千万円未満","20240","","2024年度","","357,402","3,914,642","3,068,154","170,020","3,075,162","49,525,354"
"128","","小売業","16","","1千万円未満","20150","","2015年度","","78,265","1,724,076","1,963,948","126,612","1,457,437","27,276,434"
"128","","小売業","16","","1千万円未満","20160","","2016年度","","116,330","1,670,652","1,765,468","167,401","1,213,293","24,725,408"
"128","","小売業","16","","1千万円未満","20170","","2017年度","","13,696","1,721,815","1,696,689","54,751","1,416,973","27,057,792"
"128","","小売業","16","","1千万円未満","20180","","2018年度","","118,765","1,815,776","1,978,659","45,272","1,489,924","24,677,735"
"128","","小売業","16","","1千万円未満","20190","","2019年度","","98,715","1,205,750","2,128,035","39,599","969,267","23,488,428"
"128","","小売業","16","","1千万円未満","20200","","2020年度","","55,954","1,800,458","1,868,862","14,890","1,258,284","25,525,217"
"128","","小売業","16","","1千万円未満","20210","","2021年度","","17,420","1,754,486","2,306,245","36,386","1,575,579","24,811,389"
"128","","小売業","16","","1千万円未満","20220","","2022年度","","36,125","1,690,223","1,845,381","172,291","1,738,836","34,722,793"
"128","","小売業","16","","1千万円未満","20230","","2023年度","","32,988","5,944,508","1,917,197","22,200","6,051,146","40,533,056"
"128","","小売業","16","","1千万円未満","20240","","2024年度","","25,983","4,122,529","1,785,526","61,906","3,447,603","38,035,830"
"128","","小売業","23","","1億円以上","20150","","2015年度","","555,860","4,004,056","5,541,942","353,806","6,799,295","72,940,442"
"128","","小売業","23","","1億円以上","20160","","2016年度","","762,800","4,259,995","5,574,956","436,961","6,950,189","75,857,187"
"128","","小売業","23","","1億円以上","20170","","2017年度","","634,531","4,985,484","5,845,250","351,275","7,730,228","83,464,273"
"128","","小売業","23","","1億円以上","20180","","2018年度","","593,082","4,473,823","5,720,938","296,363","7,049,242","79,746,065"
"128","","小売業","23","","1億円以上","20190","","2019年度","","605,973","4,816,164","6,339,672","382,134","7,856,681","80,070,254"
"128","","小売業","23","","1億円以上","20200","","2020年度","","505,868","4,295,315","5,810,985","353,436","6,847,722","76,363,824"
"128","","小売業","23","","1億円以上","20210","","2021年度","","780,592","4,346,545","6,438,722","339,863","6,177,326","74,692,457"
"128","","小売業","23","","1億円以上","20220","","2022年度","","1,063,513","4,375,414","7,150,867","295,792","6,516,577","76,347,606"
"128","","小売業","23","","1億円以上","20230","","2023年度","","628,729","4,506,243","7,975,130","420,903","7,599,062","86,274,933"
"128","","小売業","23","","1億円以上","20240","","2024年度","","201,827","4,683,844","6,630,346","384,941","6,664,809","76,861,390"
"128","","小売業","22","","1億円未満","20150","","2015年度","","714,693","9,877,354","8,637,589","549,256","10,479,403","102,830,496"
"128","","小売業","22","","1億円未満","20160","","2016年度","","301,877","6,694,847","6,974,339","662,268","6,699,242","99,757,059"
"128","","小売業","22","","1億円未満","20170","","2017年度","","186,658","8,915,675","7,900,489","576,961","7,979,002","116,474,179"
"128","","小売業","22","","1億円未満","20180","","2018年度","","1,156,708","7,981,768","7,811,289","709,767","7,834,161","107,140,371"
"128","","小売業","22","","1億円未満","20190","","2019年度","","1,184,712","8,092,044","8,483,013","556,941","6,778,600","109,331,439"
"128","","小売業","22","","1億円未満","20200","","2020年度","","672,529","6,565,555","8,041,867","549,397","7,338,277","105,583,008"
"128","","小売業","22","","1億円未満","20210","","2021年度","","497,688","8,899,589","7,645,476","458,182","8,209,653","105,208,252"
"128","","小売業","22","","1億円未満","20220","","2022年度","","1,484,379","7,835,949","8,316,499","541,954","8,098,570","121,173,436"
"128","","小売業","22","","1億円未満","20230","","2023年度","","1,364,470","12,381,484","8,238,448","326,398","12,078,039","130,023,419"
"128","","小売業","22","","1億円未満","20240","","2024年度","","426,761","10,730,234","7,132,229","431,109","9,199,286","129,141,492"
"128","","小売業","20","","2千万円以上 - 5千万円未満","20150","","2015年度","","106,688","1,519,430","1,186,156","128,604","1,617,601","19,845,574"
"128","","小売業","20","","2千万円以上 - 5千万円未満","20160","","2016年度","","62,765","1,020,322","993,982","148,311","939,800","16,070,997"
"128","","小売業","20","","2千万円以上 - 5千万円未満","20170","","2017年度","","52,202","925,441","1,318,037","182,190","1,163,477","20,606,839"
"128","","小売業","20","","2千万円以上 - 5千万円未満","20180","","2018年度","","834,775","1,360,928","1,204,723","192,567","1,786,602","26,794,044"
"128","","小売業","20","","2千万円以上 - 5千万円未満","20190","","2019年度","","928,337","1,036,001","1,838,643","241,050","1,580,152","24,959,157"
"128","","小売業","20","","2千万円以上 - 5千万円未満","20200","","2020年度","","199,816","1,292,976","1,869,565","195,934","1,722,101","20,721,261"
"128","","小売業","20","","2千万円以上 - 5千万円未満","20210","","2021年度","","405,460","3,898,588","1,917,826","153,509","2,329,015","28,308,728"
"128","","小売業","20","","2千万円以上 - 5千万円未満","20220","","2022年度","","1,348,995","3,563,652","2,864,562","53,905","2,975,173","30,266,642"
"128","","小売業","20","","2千万円以上 - 5千万円未満","20230","","2023年度","","838,381","1,709,791","2,202,668","85,915","2,219,910","29,399,159"
"128","","小売業","20","","2千万円以上 - 5千万円未満","20240","","2024年度","","309,702","1,429,887","1,316,470","85,954","1,525,011","22,646,236"
"128","","小売業","17","","1千万円以上 - 2千万円未満","20150","","2015年度","","34,194","3,069,394","3,346,784","136,007","3,125,351","29,401,931"
"128","","小売業","17","","1千万円以上 - 2千万円未満","20160","","2016年度","","38,204","2,116,764","2,398,000","106,473","2,791,493","37,538,244"
"128","","小売業","17","","1千万円以上 - 2千万円未満","20170","","2017年度","","75,851","3,467,414","2,915,859","104,798","2,595,065","36,136,674"
"128","","小売業","17","","1千万円以上 - 2千万円未満","20180","","2018年度","","135,164","1,529,117","2,348,189","334,154","1,646,112","20,581,102"
"128","","小売業","17","","1千万円以上 - 2千万円未満","20190","","2019年度","","96,437","1,646,914","1,917,146","179,839","1,403,350","22,733,789"
"128","","小売業","17","","1千万円以上 - 2千万円未満","20200","","2020年度","","197,745","1,291,942","1,865,336","185,081","1,435,675","19,946,450"
"128","","小売業","17","","1千万円以上 - 2千万円未満","20210","","2021年度","","58,877","1,598,759","1,680,909","135,354","1,961,054","22,921,678"
"128","","小売業","17","","1千万円以上 - 2千万円未満","20220","","2022年度","","48,493","1,606,695","1,639,596","174,332","1,370,715","24,054,687"
"128","","小売業","17","","1千万円以上 - 2千万円未満","20230","","2023年度","","69,959","1,716,230","1,742,786","100,635","1,315,883","22,334,192"
"128","","小売業","17","","1千万円以上 - 2千万円未満","20240","","2024年度","","47,700","2,484,755","1,751,684","84,066","1,550,151","26,879,118"
"139","","宿泊業","26","","全規模","20150","","2015年度","","1,124","392,599","19,571","796","256,085","6,878,113"
"139","","宿泊業","26","","全規模","20160","","2016年度","","958","388,835","16,990","3,791","253,781","7,809,578"
"139","","宿泊業","26","","全規模","20170","","2017年度","","1,073","407,440","54,020","3,681","220,035","8,690,169"
"139","","宿泊業","26","","全規模","20180","","2018年度","","935","366,525","61,596","6,067","208,974","8,031,433"
"139","","宿泊業","26","","全規模","20190","","2019年度","","1,705","259,027","21,330","1,286","145,494","6,833,300"
"139","","宿泊業","26","","全規模","20200","","2020年度","","321","217,594","24,479","342","168,712","4,161,259"
"139","","宿泊業","26","","全規模","20210","","2021年度","","1,420","294,583","42,458","1,832","200,998","4,524,720"
"139","","宿泊業","26","","全規模","20220","","2022年度","","2,445","470,948","38,722","2,562","242,230","5,795,492"
"139","","宿泊業","26","","全規模","20230","","2023年度","","13,844","617,779","38,897","2,419","278,072","7,965,932"
"139","","宿泊業","26","","全規模","20240","","2024年度","","10,903","729,391","181,409","257","313,184","10,179,084"
"139","","宿泊業","25","","10億円以上","20150","","2015年度","","223","55,201","4,507","161","30,785","908,507"
"139","","宿泊業","25","","10億円以上","20160","","2016年度","","199","57,718","4,578","195","23,516","908,723"
"139","","宿泊業","25","","10億円以上","20170","","2017年度","","546","59,019","4,223","277","23,403","930,082"
"139","","宿泊業","25","","10億円以上","20180","","2018年度","","301","51,839","524","258","21,496","826,188"
"139","","宿泊業","25","","10億円以上","20190","","2019年度","","1,235","29,910","482","112","17,014","797,854"
"139","","宿泊業","25","","10億円以上","20200","","2020年度","","220","30,391","12,221","34","12,812","474,206"
"139","","宿泊業","25","","10億円以上","20210","","2021年度","","286","31,163","13,062","0","13,531","462,701"
"139","","宿泊業","25","","10億円以上","20220","","2022年度","","260","27,079","13,048","0","11,900","385,011"
"139","","宿泊業","25","","10億円以上","20230","","2023年度","","283","31,766","12,766","0","12,272","438,428"
"139","","宿泊業","25","","10億円以上","20240","","2024年度","","161","34,598","9,980","0","13,521","528,723"
"139","","宿泊業","24","","1億円以上 - 10億円未満","20150","","2015年度","","555","81,231","3,731","463","41,253","1,510,486"
"139","","宿泊業","24","","1億円以上 - 10億円未満","20160","","2016年度","","637","107,473","2,725","1,270","48,766","1,506,598"
"139","","宿泊業","24","","1億円以上 - 10億円未満","20170","","2017年度","","164","115,822","2,296","96","50,712","1,830,861"
"139","","宿泊業","24","","1億円以上 - 10億円未満","20180","","2018年度","","29","107,145","2,501","3,639","46,826","1,489,841"
"139","","宿泊業","24","","1億円以上 - 10億円未満","20190","","2019年度","","0","68,175","1,517","144","43,565","1,463,513"
"139","","宿泊業","24","","1億円以上 - 10億円未満","20200","","2020年度","","101","40,739","1,081","46","22,724","483,569"
"139","","宿泊業","24","","1億円以上 - 10億円未満","20210","","2021年度","","760","70,813","6,616","90","26,577","760,235"
"139","","宿泊業","24","","1億円以上 - 10億円未満","20220","","2022年度","","1,457","155,681","4,127","443","45,223","1,561,929"
"139","","宿泊業","24","","1億円以上 - 10億円未満","20230","","2023年度","","12,550","147,294","2,368","173","47,613","1,772,563"
"139","","宿泊業","24","","1億円以上 - 10億円未満","20240","","2024年度","","6,760","194,342","4,734","0","42,975","2,420,197"
"139","","宿泊業","21","","5千万円以上 - 1億円未満","20150","","2015年度","","0","167,072","2,287","172","108,878","1,836,263"
"139","","宿泊業","21","","5千万円以上 - 1億円未満","20160","","2016年度","","0","71,597","2,536","382","63,445","1,684,959"
"139","","宿泊業","21","","5千万円以上 - 1億円未満","20170","","2017年度","","99","91,275","37,385","563","33,574","1,669,936"
"139","","宿泊業","21","","5千万円以上 - 1億円未満","20180","","2018年度","","605","79,749","46,123","168","48,306","1,683,627"
"139","","宿泊業","21","","5千万円以上 - 1億円未満","20190","","2019年度","","470","47,731","4,139","147","28,269","1,434,454"
"139","","宿泊業","21","","5千万円以上 - 1億円未満","20200","","2020年度","","0","79,533","5,638","0","49,697","1,003,876"
"139","","宿泊業","21","","5千万円以上 - 1億円未満","20210","","2021年度","","0","73,394","4,795","997","53,408","961,651"
"139","","宿泊業","21","","5千万円以上 - 1億円未満","20220","","2022年度","","0","102,703","4,088","662","61,537","1,371,459"
"139","","宿泊業","21","","5千万円以上 - 1億円未満","20230","","2023年度","","0","136,504","5,307","437","56,456","1,758,747"
"139","","宿泊業","21","","5千万円以上 - 1億円未満","20240","","2024年度","","0","211,675","14,340","0","66,171","2,553,126"
"139","","宿泊業","19","","1千万円以上 - 1億円未満","20150","","2015年度","","346","226,285","6,669","172","144,308","3,229,817"
"139","","宿泊業","19","","1千万円以上 - 1億円未満","20160","","2016年度","","122","176,466","7,760","2,326","153,531","4,201,361"
"139","","宿泊業","19","","1千万円以上 - 1億円未満","20170","","2017年度","","363","210,745","44,970","3,308","124,392","4,980,415"
"139","","宿泊業","19","","1千万円以上 - 1億円未満","20180","","2018年度","","605","197,412","54,439","570","127,348","5,055,660"
"139","","宿泊業","19","","1千万円以上 - 1億円未満","20190","","2019年度","","470","140,744","16,068","1,030","75,422","3,767,333"
"139","","宿泊業","19","","1千万円以上 - 1億円未満","20200","","2020年度","","0","136,866","9,474","262","89,196","2,432,467"
"139","","宿泊業","19","","1千万円以上 - 1億円未満","20210","","2021年度","","374","168,591","20,658","1,742","127,120","2,617,152"
"139","","宿泊業","19","","1千万円以上 - 1億円未満","20220","","2022年度","","728","248,460","20,512","2,119","172,040","3,240,945"
"139","","宿泊業","19","","1千万円以上 - 1億円未満","20230","","2023年度","","1,011","349,414","21,310","2,246","171,783","4,404,211"
"139","","宿泊業","19","","1千万円以上 - 1億円未満","20240","","2024年度","","3,982","431,116","53,992","0","196,641","5,877,473"
"139","","宿泊業","18","","1千万円以上 - 5千万円未満","20150","","2015年度","","346","59,213","4,382","0","35,430","1,393,554"
"139","","宿泊業","18","","1千万円以上 - 5千万円未満","20160","","2016年度","","122","104,869","5,224","1,944","90,086","2,516,402"
"139","","宿泊業","18","","1千万円以上 - 5千万円未満","20170","","2017年度","","264","119,470","7,585","2,745","90,818","3,310,479"
"139","","宿泊業","18","","1千万円以上 - 5千万円未満","20180","","2018年度","","0","117,663","8,316","402","79,042","3,372,033"
"139","","宿泊業","18","","1千万円以上 - 5千万円未満","20190","","2019年度","","0","93,013","11,929","883","47,153","2,332,879"
"139","","宿泊業","18","","1千万円以上 - 5千万円未満","20200","","2020年度","","0","57,333","3,836","262","39,499","1,428,591"
"139","","宿泊業","18","","1千万円以上 - 5千万円未満","20210","","2021年度","","374","95,197","15,863","745","73,712","1,655,501"
"139","","宿泊業","18","","1千万円以上 - 5千万円未満","20220","","2022年度","","728","145,757","16,424","1,457","110,503","1,869,486"
"139","","宿泊業","18","","1千万円以上 - 5千万円未満","20230","","2023年度","","1,011","212,910","16,003","1,809","115,327","2,645,464"
"139","","宿泊業","18","","1千万円以上 - 5千万円未満","20240","","2024年度","","3,982","219,441","39,652","0","130,470","3,324,347"
"139","","宿泊業","16","","1千万円未満","20150","","2015年度","","0","29,882","4,664","0","39,739","1,229,303"
"139","","宿泊業","16","","1千万円未満","20160","","2016年度","","0","47,178","1,927","0","27,968","1,192,896"
"139","","宿泊業","16","","1千万円未満","20170","","2017年度","","0","21,854","2,531","0","21,528","948,811"
"139","","宿泊業","16","","1千万円未満","20180","","2018年度","","0","10,129","4,132","1,600","13,304","659,744"
"139","","宿泊業","16","","1千万円未満","20190","","2019年度","","0","20,198","3,263","0","9,493","804,600"
"139","","宿泊業","16","","1千万円未満","20200","","2020年度","","0","9,598","1,703","0","43,980","771,017"
"139","","宿泊業","16","","1千万円未満","20210","","2021年度","","0","24,016","2,122","0","33,770","684,632"
"139","","宿泊業","16","","1千万円未満","20220","","2022年度","","0","39,728","1,035","0","13,067","607,607"
"139","","宿泊業","16","","1千万円未満","20230","","2023年度","","0","89,305","2,453","0","46,404","1,350,730"
"139","","宿泊業","16","","1千万円未満","20240","","2024年度","","0","69,335","112,703","257","60,047","1,352,691"
"139","","宿泊業","23","","1億円以上","20150","","2015年度","","778","136,432","8,238","624","72,038","2,418,993"
"139","","宿泊業","23","","1億円以上","20160","","2016年度","","836","165,191","7,303","1,465","72,282","2,415,321"
"139","","宿泊業","23","","1億円以上","20170","","2017年度","","710","174,841","6,519","373","74,115","2,760,943"
"139","","宿泊業","23","","1億円以上","20180","","2018年度","","330","158,984","3,025","3,897","68,322","2,316,029"
"139","","宿泊業","23","","1億円以上","20190","","2019年度","","1,235","98,085","1,999","256","60,579","2,261,367"
"139","","宿泊業","23","","1億円以上","20200","","2020年度","","321","71,130","13,302","80","35,536","957,775"
"139","","宿泊業","23","","1億円以上","20210","","2021年度","","1,046","101,976","19,678","90","40,108","1,222,936"
"139","","宿泊業","23","","1億円以上","20220","","2022年度","","1,717","182,760","17,175","443","57,123","1,946,940"
"139","","宿泊業","23","","1億円以上","20230","","2023年度","","12,833","179,060","15,134","173","59,885","2,210,991"
"139","","宿泊業","23","","1億円以上","20240","","2024年度","","6,921","228,940","14,714","0","56,496","2,948,920"
"139","","宿泊業","22","","1億円未満","20150","","2015年度","","346","256,167","11,333","172","184,047","4,459,120"
"139","","宿泊業","22","","1億円未満","20160","","2016年度","","122","223,644","9,687","2,326","181,499","5,394,257"
"139","","宿泊業","22","","1億円未満","20170","","2017年度","","363","232,599","47,501","3,308","145,920","5,929,226"
"139","","宿泊業","22","","1億円未満","20180","","2018年度","","605","207,541","58,571","2,170","140,652","5,715,404"
"139","","宿泊業","22","","1億円未満","20190","","2019年度","","470","160,942","19,331","1,030","84,915","4,571,933"
"139","","宿泊業","22","","1億円未満","20200","","2020年度","","0","146,464","11,177","262","133,176","3,203,484"
"139","","宿泊業","22","","1億円未満","20210","","2021年度","","374","192,607","22,780","1,742","160,890","3,301,784"
"139","","宿泊業","22","","1億円未満","20220","","2022年度","","728","288,188","21,547","2,119","185,107","3,848,552"
"139","","宿泊業","22","","1億円未満","20230","","2023年度","","1,011","438,719","23,763","2,246","218,187","5,754,941"
"139","","宿泊業","22","","1億円未満","20240","","2024年度","","3,982","500,451","166,695","257","256,688","7,230,164"
"139","","宿泊業","20","","2千万円以上 - 5千万円未満","20150","","2015年度","","346","17,998","2,977","0","22,082","556,616"
"139","","宿泊業","20","","2千万円以上 - 5千万円未満","20160","","2016年度","","122","43,861","4,076","304","32,850","813,098"
"139","","宿泊業","20","","2千万円以上 - 5千万円未満","20170","","2017年度","","264","45,167","3,588","158","29,918","871,409"
"139","","宿泊業","20","","2千万円以上 - 5千万円未満","20180","","2018年度","","0","31,161","3,443","402","23,242","796,476"
"139","","宿泊業","20","","2千万円以上 - 5千万円未満","20190","","2019年度","","0","20,647","2,781","556","24,610","648,691"
"139","","宿泊業","20","","2千万円以上 - 5千万円未満","20200","","2020年度","","0","22,278","949","56","12,898","434,048"
"139","","宿泊業","20","","2千万円以上 - 5千万円未満","20210","","2021年度","","374","12,701","1,121","0","7,596","257,691"
"139","","宿泊業","20","","2千万円以上 - 5千万円未満","20220","","2022年度","","728","24,195","3,798","0","10,146","457,199"
"139","","宿泊業","20","","2千万円以上 - 5千万円未満","20230","","2023年度","","1,011","36,266","3,404","1,809","37,640","642,444"
"139","","宿泊業","20","","2千万円以上 - 5千万円未満","20240","","2024年度","","0","54,454","7,034","0","68,837","994,999"
"139","","宿泊業","17","","1千万円以上 - 2千万円未満","20150","","2015年度","","0","41,215","1,405","0","13,348","836,938"
"139","","宿泊業","17","","1千万円以上 - 2千万円未満","20160","","2016年度","","0","61,008","1,148","1,640","57,236","1,703,304"
"139","","宿泊業","17","","1千万円以上 - 2千万円未満","20170","","2017年度","","0","74,303","3,997","2,587","60,900","2,439,070"
"139","","宿泊業","17","","1千万円以上 - 2千万円未満","20180","","2018年度","","0","86,502","4,873","0","55,800","2,575,557"
"139","","宿泊業","17","","1千万円以上 - 2千万円未満","20190","","2019年度","","0","72,366","9,148","327","22,543","1,684,188"
"139","","宿泊業","17","","1千万円以上 - 2千万円未満","20200","","2020年度","","0","35,055","2,887","206","26,601","994,543"
"139","","宿泊業","17","","1千万円以上 - 2千万円未満","20210","","2021年度","","0","82,496","14,742","745","66,116","1,397,810"
"139","","宿泊業","17","","1千万円以上 - 2千万円未満","20220","","2022年度","","0","121,562","12,626","1,457","100,357","1,412,287"
"139","","宿泊業","17","","1千万円以上 - 2千万円未満","20230","","2023年度","","0","176,644","12,599","0","77,687","2,003,020"
"139","","宿泊業","17","","1千万円以上 - 2千万円未満","20240","","2024年度","","3,982","164,987","32,618","0","61,633","2,329,348"
"148","","飲食サービス業","26","","全規模","20150","","2015年度","","23,276","1,148,962","168,209","7,506","884,283","22,173,007"
"148","","飲食サービス業","26","","全規模","20160","","2016年度","","4,446","931,368","230,867","3,843","994,137","22,838,617"
"148","","飲食サービス業","26","","全規模","20170","","2017年度","","3,650","710,365","142,724","1,799","979,545","21,989,714"
"148","","飲食サービス業","26","","全規模","20180","","2018年度","","58,417","549,077","165,393","7,804","736,693","20,283,624"
"148","","飲食サービス業","26","","全規模","20190","","2019年度","","48,668","536,704","124,052","11,068","684,874","20,846,517"
"148","","飲食サービス業","26","","全規模","20200","","2020年度","","674","485,776","153,279","8,277","997,042","16,150,139"
"148","","飲食サービス業","26","","全規模","20210","","2021年度","","933","627,850","228,150","457","753,310","18,309,962"
"148","","飲食サービス業","26","","全規模","20220","","2022年度","","3,776","832,052","409,930","21,826","738,477","20,108,523"
"148","","飲食サービス業","26","","全規模","20230","","2023年度","","456","962,604","159,444","2,687","845,399","21,658,939"
"148","","飲食サービス業","26","","全規模","20240","","2024年度","","425","877,567","221,906","6,443","771,354","23,987,314"
"148","","飲食サービス業","25","","10億円以上","20150","","2015年度","","358","71,345","20,006","2,896","161,546","4,257,504"
"148","","飲食サービス業","25","","10億円以上","20160","","2016年度","","56","85,676","18,602","674","126,749","2,931,840"
"148","","飲食サービス業","25","","10億円以上","20170","","2017年度","","81","81,890","15,079","833","126,333","2,791,487"
"148","","飲食サービス業","25","","10億円以上","20180","","2018年度","","462","63,147","25,534","1,089","105,508","2,461,342"
"148","","飲食サービス業","25","","10億円以上","20190","","2019年度","","790","74,255","33,323","332","99,124","2,480,380"
"148","","飲食サービス業","25","","10億円以上","20200","","2020年度","","668","89,451","36,086","836","107,373","2,279,285"
"148","","飲食サービス業","25","","10億円以上","20210","","2021年度","","642","98,935","32,515","0","83,471","2,134,636"
"148","","飲食サービス業","25","","10億円以上","20220","","2022年度","","521","86,373","31,729","0","80,727","1,981,852"
"148","","飲食サービス業","25","","10億円以上","20230","","2023年度","","439","105,742","33,328","0","102,656","2,550,000"
"148","","飲食サービス業","25","","10億円以上","20240","","2024年度","","0","109,224","38,093","0","103,881","2,730,140"
"148","","飲食サービス業","24","","1億円以上 - 10億円未満","20150","","2015年度","","6","70,165","16,714","3,054","157,676","3,186,691"
"148","","飲食サービス業","24","","1億円以上 - 10億円未満","20160","","2016年度","","213","134,372","16,857","2,323","257,640","3,965,321"
"148","","飲食サービス業","24","","1億円以上 - 10億円未満","20170","","2017年度","","222","105,726","16,405","488","194,995","3,319,321"
"148","","飲食サービス業","24","","1億円以上 - 10億円未満","20180","","2018年度","","207","96,236","14,030","202","93,890","2,367,174"
"148","","飲食サービス業","24","","1億円以上 - 10億円未満","20190","","2019年度","","207","114,523","15,714","136","90,471","2,561,684"
"148","","飲食サービス業","24","","1億円以上 - 10億円未満","20200","","2020年度","","6","86,418","16,045","0","118,302","2,185,463"
"148","","飲食サービス業","24","","1億円以上 - 10億円未満","20210","","2021年度","","7","93,393","7,063","195","122,143","1,987,717"
"148","","飲食サービス業","24","","1億円以上 - 10億円未満","20220","","2022年度","","3,255","148,537","21,322","21,556","124,058","2,732,299"
"148","","飲食サービス業","24","","1億円以上 - 10億円未満","20230","","2023年度","","17","149,815","24,686","6","97,230","2,398,974"
"148","","飲食サービス業","24","","1億円以上 - 10億円未満","20240","","2024年度","","0","106,669","26,836","0","99,809","2,329,197"
"148","","飲食サービス業","21","","5千万円以上 - 1億円未満","20150","","2015年度","","0","187,047","62,971","0","150,431","1,072,567"
"148","","飲食サービス業","21","","5千万円以上 - 1億円未満","20160","","2016年度","","0","142,731","59,861","97","115,592","2,810,579"
"148","","飲食サービス業","21","","5千万円以上 - 1億円未満","20170","","2017年度","","0","129,997","15,688","99","153,381","2,929,201"
"148","","飲食サービス業","21","","5千万円以上 - 1億円未満","20180","","2018年度","","0","120,541","19,127","2,903","135,837","2,989,952"
"148","","飲食サービス業","21","","5千万円以上 - 1億円未満","20190","","2019年度","","0","69,777","14,529","7,657","86,858","2,543,695"
"148","","飲食サービス業","21","","5千万円以上 - 1億円未満","20200","","2020年度","","0","41,842","9,982","4,242","62,139","1,728,547"
"148","","飲食サービス業","21","","5千万円以上 - 1億円未満","20210","","2021年度","","0","83,985","99,363","165","150,909","2,139,357"
"148","","飲食サービス業","21","","5千万円以上 - 1億円未満","20220","","2022年度","","0","73,260","28,310","270","90,092","2,022,271"
"148","","飲食サービス業","21","","5千万円以上 - 1億円未満","20230","","2023年度","","0","136,557","14,415","0","178,483","4,178,469"
"148","","飲食サービス業","21","","5千万円以上 - 1億円未満","20240","","2024年度","","0","132,988","16,151","0","111,991","3,311,581"
"148","","飲食サービス業","19","","1千万円以上 - 1億円未満","20150","","2015年度","","14,337","759,081","92,207","1,556","392,968","7,532,848"
"148","","飲食サービス業","19","","1千万円以上 - 1億円未満","20160","","2016年度","","4,177","381,534","151,899","846","421,927","8,844,813"
"148","","飲食サービス業","19","","1千万円以上 - 1億円未満","20170","","2017年度","","2,164","414,936","72,681","478","433,707","9,352,764"
"148","","飲食サービス業","19","","1千万円以上 - 1億円未満","20180","","2018年度","","51,926","315,115","57,949","2,903","381,298","9,820,571"
"148","","飲食サービス業","19","","1千万円以上 - 1億円未満","20190","","2019年度","","47,671","302,419","51,235","10,600","352,183","10,285,476"
"148","","飲食サービス業","19","","1千万円以上 - 1億円未満","20200","","2020年度","","0","249,180","69,328","6,989","667,312","7,189,573"
"148","","飲食サービス業","19","","1千万円以上 - 1億円未満","20210","","2021年度","","284","313,058","151,689","262","411,177","9,192,982"
"148","","飲食サービス業","19","","1千万円以上 - 1億円未満","20220","","2022年度","","0","516,579","298,122","270","407,598","9,788,671"
"148","","飲食サービス業","19","","1千万円以上 - 1億円未満","20230","","2023年度","","0","600,760","46,951","2,681","564,994","11,466,707"
"148","","飲食サービス業","19","","1千万円以上 - 1億円未満","20240","","2024年度","","425","510,050","80,969","6,443","436,837","11,258,204"
"148","","飲食サービス業","18","","1千万円以上 - 5千万円未満","20150","","2015年度","","14,337","572,034","29,236","1,556","242,537","6,460,281"
"148","","飲食サービス業","18","","1千万円以上 - 5千万円未満","20160","","2016年度","","4,177","238,803","92,038","749","306,335","6,034,234"
"148","","飲食サービス業","18","","1千万円以上 - 5千万円未満","20170","","2017年度","","2,164","284,939","56,993","379","280,326","6,423,563"
"148","","飲食サービス業","18","","1千万円以上 - 5千万円未満","20180","","2018年度","","51,926","194,574","38,822","0","245,461","6,830,619"
"148","","飲食サービス業","18","","1千万円以上 - 5千万円未満","20190","","2019年度","","47,671","232,642","36,706","2,943","265,325","7,741,781"
"148","","飲食サービス業","18","","1千万円以上 - 5千万円未満","20200","","2020年度","","0","207,338","59,346","2,747","605,173","5,461,026"
"148","","飲食サービス業","18","","1千万円以上 - 5千万円未満","20210","","2021年度","","284","229,073","52,326","97","260,268","7,053,625"
"148","","飲食サービス業","18","","1千万円以上 - 5千万円未満","20220","","2022年度","","0","443,319","269,812","0","317,506","7,766,400"
"148","","飲食サービス業","18","","1千万円以上 - 5千万円未満","20230","","2023年度","","0","464,203","32,536","2,681","386,511","7,288,238"
"148","","飲食サービス業","18","","1千万円以上 - 5千万円未満","20240","","2024年度","","425","377,062","64,818","6,443","324,846","7,946,623"
"148","","飲食サービス業","16","","1千万円未満","20150","","2015年度","","8,575","248,371","39,282","0","172,093","7,195,964"
"148","","飲食サービス業","16","","1千万円未満","20160","","2016年度","","0","329,786","43,509","0","187,821","7,096,643"
"148","","飲食サービス業","16","","1千万円未満","20170","","2017年度","","1,183","107,813","38,559","0","224,510","6,526,142"
"148","","飲食サービス業","16","","1千万円未満","20180","","2018年度","","5,822","74,579","67,880","3,610","155,997","5,634,537"
"148","","飲食サービス業","16","","1千万円未満","20190","","2019年度","","0","45,507","23,780","0","143,096","5,518,977"
"148","","飲食サービス業","16","","1千万円未満","20200","","2020年度","","0","60,727","31,820","452","104,055","4,495,818"
"148","","飲食サービス業","16","","1千万円未満","20210","","2021年度","","0","122,464","36,883","0","136,519","4,994,627"
"148","","飲食サービス業","16","","1千万円未満","20220","","2022年度","","0","80,563","58,757","0","126,094","5,605,701"
"148","","飲食サービス業","16","","1千万円未満","20230","","2023年度","","0","106,287","54,479","0","80,519","5,243,258"
"148","","飲食サービス業","16","","1千万円未満","20240","","2024年度","","0","151,624","76,008","0","130,827","7,669,773"
"148","","飲食サービス業","23","","1億円以上","20150","","2015年度","","364","141,510","36,720","5,950","319,222","7,444,195"
"148","","飲食サービス業","23","","1億円以上","20160","","2016年度","","269","220,048","35,459","2,997","384,389","6,897,161"
"148","","飲食サービス業","23","","1億円以上","20170","","2017年度","","303","187,616","31,484","1,321","321,328","6,110,808"
"148","","飲食サービス業","23","","1億円以上","20180","","2018年度","","669","159,383","39,564","1,291","199,398","4,828,516"
"148","","飲食サービス業","23","","1億円以上","20190","","2019年度","","997","188,778","49,037","468","189,595","5,042,064"
"148","","飲食サービス業","23","","1億円以上","20200","","2020年度","","674","175,869","52,131","836","225,675","4,464,748"
"148","","飲食サービス業","23","","1億円以上","20210","","2021年度","","649","192,328","39,578","195","205,614","4,122,353"
"148","","飲食サービス業","23","","1億円以上","20220","","2022年度","","3,776","234,910","53,051","21,556","204,785","4,714,151"
"148","","飲食サービス業","23","","1億円以上","20230","","2023年度","","456","255,557","58,014","6","199,886","4,948,974"
"148","","飲食サービス業","23","","1億円以上","20240","","2024年度","","0","215,893","64,929","0","203,690","5,059,337"
"148","","飲食サービス業","22","","1億円未満","20150","","2015年度","","22,912","1,007,452","131,489","1,556","565,061","14,728,812"
"148","","飲食サービス業","22","","1億円未満","20160","","2016年度","","4,177","711,320","195,408","846","609,748","15,941,456"
"148","","飲食サービス業","22","","1億円未満","20170","","2017年度","","3,347","522,749","111,240","478","658,217","15,878,906"
"148","","飲食サービス業","22","","1億円未満","20180","","2018年度","","57,748","389,694","125,829","6,513","537,295","15,455,108"
"148","","飲食サービス業","22","","1億円未満","20190","","2019年度","","47,671","347,926","75,015","10,600","495,279","15,804,453"
"148","","飲食サービス業","22","","1億円未満","20200","","2020年度","","0","309,907","101,148","7,441","771,367","11,685,391"
"148","","飲食サービス業","22","","1億円未満","20210","","2021年度","","284","435,522","188,572","262","547,696","14,187,609"
"148","","飲食サービス業","22","","1億円未満","20220","","2022年度","","0","597,142","356,879","270","533,692","15,394,372"
"148","","飲食サービス業","22","","1億円未満","20230","","2023年度","","0","707,047","101,430","2,681","645,513","16,709,965"
"148","","飲食サービス業","22","","1億円未満","20240","","2024年度","","425","661,674","156,977","6,443","567,664","18,927,977"
"148","","飲食サービス業","20","","2千万円以上 - 5千万円未満","20150","","2015年度","","0","47,285","20,710","1,556","50,398","1,807,137"
"148","","飲食サービス業","20","","2千万円以上 - 5千万円未満","20160","","2016年度","","1,181","57,038","9,264","0","52,497","1,500,792"
"148","","飲食サービス業","20","","2千万円以上 - 5千万円未満","20170","","2017年度","","2,164","218,239","38,044","0","121,535","3,438,738"
"148","","飲食サービス業","20","","2千万円以上 - 5千万円未満","20180","","2018年度","","51,926","138,790","31,305","0","99,472","3,565,055"
"148","","飲食サービス業","20","","2千万円以上 - 5千万円未満","20190","","2019年度","","47,671","149,388","15,988","2,943","118,000","3,290,958"
"148","","飲食サービス業","20","","2千万円以上 - 5千万円未満","20200","","2020年度","","0","119,536","16,925","2,747","63,889","2,208,721"
"148","","飲食サービス業","20","","2千万円以上 - 5千万円未満","20210","","2021年度","","0","83,272","18,505","97","73,825","2,297,913"
"148","","飲食サービス業","20","","2千万円以上 - 5千万円未満","20220","","2022年度","","0","106,558","15,889","0","99,736","2,907,709"
"148","","飲食サービス業","20","","2千万円以上 - 5千万円未満","20230","","2023年度","","0","78,530","14,703","2,681","76,714","1,796,151"
"148","","飲食サービス業","20","","2千万円以上 - 5千万円未満","20240","","2024年度","","425","152,008","35,117","6,443","129,493","2,485,930"
"148","","飲食サービス業","17","","1千万円以上 - 2千万円未満","20150","","2015年度","","14,337","524,749","8,526","0","192,139","4,653,144"
"148","","飲食サービス業","17","","1千万円以上 - 2千万円未満","20160","","2016年度","","2,996","181,765","82,774","749","253,838","4,533,442"
"148","","飲食サービス業","17","","1千万円以上 - 2千万円未満","20170","","2017年度","","0","66,700","18,949","379","158,791","2,984,825"
"148","","飲食サービス業","17","","1千万円以上 - 2千万円未満","20180","","2018年度","","0","55,784","7,517","0","145,989","3,265,564"
"148","","飲食サービス業","17","","1千万円以上 - 2千万円未満","20190","","2019年度","","0","83,254","20,718","0","147,325","4,450,823"
"148","","飲食サービス業","17","","1千万円以上 - 2千万円未満","20200","","2020年度","","0","87,802","42,421","0","541,284","3,252,305"
"148","","飲食サービス業","17","","1千万円以上 - 2千万円未満","20210","","2021年度","","284","145,801","33,821","0","186,443","4,755,712"
"148","","飲食サービス業","17","","1千万円以上 - 2千万円未満","20220","","2022年度","","0","336,761","253,923","0","217,770","4,858,691"
"148","","飲食サービス業","17","","1千万円以上 - 2千万円未満","20230","","2023年度","","0","385,673","17,833","0","309,797","5,492,087"
"148","","飲食サービス業","17","","1千万円以上 - 2千万円未満","20240","","2024年度","","0","225,054","29,701","0","195,353","5,460,693"
"160","","職業紹介・労働者派遣業","26","","全規模","20150","","2015年度","","3,128","903,399","1,642","0","167,134","7,759,043"
"160","","職業紹介・労働者派遣業","26","","全規模","20160","","2016年度","","2,983","1,074,336","1,761","0","216,565","9,004,630"
"160","","職業紹介・労働者派遣業","26","","全規模","20170","","2017年度","","31,739","1,105,884","29,227","2,076","225,745","9,312,179"
"160","","職業紹介・労働者派遣業","26","","全規模","20180","","2018年度","","21,911","1,041,327","20,351","0","163,573","9,546,711"
"160","","職業紹介・労働者派遣業","26","","全規模","20190","","2019年度","","11,029","957,841","2,397","0","142,665","9,090,441"
"160","","職業紹介・労働者派遣業","26","","全規模","20200","","2020年度","","7,597","796,248","2,982","1,058","179,309","7,653,661"
"160","","職業紹介・労働者派遣業","26","","全規模","20210","","2021年度","","5,501","1,264,410","15,631","2,278","285,408","9,981,025"
"160","","職業紹介・労働者派遣業","26","","全規模","20220","","2022年度","","5,263","1,177,151","1,524","17","265,772","9,626,134"
"160","","職業紹介・労働者派遣業","26","","全規模","20230","","2023年度","","5,944","1,269,253","4,934","620","303,438","11,119,011"
"160","","職業紹介・労働者派遣業","26","","全規模","20240","","2024年度","","975","1,297,848","7,602","164","307,156","11,124,352"
"160","","職業紹介・労働者派遣業","25","","10億円以上","20150","","2015年度","","729","152,717","0","0","47,279","1,178,452"
"160","","職業紹介・労働者派遣業","25","","10億円以上","20160","","2016年度","","988","121,240","0","0","41,249","985,100"
"160","","職業紹介・労働者派遣業","25","","10億円以上","20170","","2017年度","","1,141","131,159","6","0","60,656","1,061,350"
"160","","職業紹介・労働者派遣業","25","","10億円以上","20180","","2018年度","","1,063","134,515","1","0","65,999","1,084,653"
"160","","職業紹介・労働者派遣業","25","","10億円以上","20190","","2019年度","","920","144,749","0","0","67,752","1,141,025"
"160","","職業紹介・労働者派遣業","25","","10億円以上","20200","","2020年度","","512","158,328","0","0","90,105","1,240,391"
"160","","職業紹介・労働者派遣業","25","","10億円以上","20210","","2021年度","","869","197,558","0","0","93,004","1,450,262"
"160","","職業紹介・労働者派遣業","25","","10億円以上","20220","","2022年度","","570","140,825","0","0","55,234","1,051,786"
"160","","職業紹介・労働者派遣業","25","","10億円以上","20230","","2023年度","","403","131,850","0","0","57,691","1,035,292"
"160","","職業紹介・労働者派遣業","25","","10億円以上","20240","","2024年度","","21","116,844","0","0","49,885","1,020,716"
"160","","職業紹介・労働者派遣業","24","","1億円以上 - 10億円未満","20150","","2015年度","","848","150,288","93","0","29,895","1,262,998"
"160","","職業紹介・労働者派遣業","24","","1億円以上 - 10億円未満","20160","","2016年度","","1,352","250,005","75","0","71,758","2,022,607"
"160","","職業紹介・労働者派遣業","24","","1億円以上 - 10億円未満","20170","","2017年度","","18,877","271,581","112","48","65,937","2,380,194"
"160","","職業紹介・労働者派遣業","24","","1億円以上 - 10億円未満","20180","","2018年度","","16,293","181,293","77","0","14,826","1,711,720"
"160","","職業紹介・労働者派遣業","24","","1億円以上 - 10億円未満","20190","","2019年度","","4,015","174,046","171","0","24,889","1,600,993"
"160","","職業紹介・労働者派遣業","24","","1億円以上 - 10億円未満","20200","","2020年度","","2,416","195,988","215","0","39,928","1,661,091"
"160","","職業紹介・労働者派遣業","24","","1億円以上 - 10億円未満","20210","","2021年度","","965","410,191","27","0","36,608","3,243,270"
"160","","職業紹介・労働者派遣業","24","","1億円以上 - 10億円未満","20220","","2022年度","","1,675","445,795","308","17","87,906","3,455,180"
"160","","職業紹介・労働者派遣業","24","","1億円以上 - 10億円未満","20230","","2023年度","","1,733","482,554","173","0","113,542","3,720,916"
"160","","職業紹介・労働者派遣業","24","","1億円以上 - 10億円未満","20240","","2024年度","","461","501,499","175","0","111,514","4,107,208"
"160","","職業紹介・労働者派遣業","21","","5千万円以上 - 1億円未満","20150","","2015年度","","1,165","257,289","0","0","40,607","2,225,841"
"160","","職業紹介・労働者派遣業","21","","5千万円以上 - 1億円未満","20160","","2016年度","","568","227,211","128","0","34,930","1,875,560"
"160","","職業紹介・労働者派遣業","21","","5千万円以上 - 1億円未満","20170","","2017年度","","7,781","152,757","4,138","2,028","29,345","1,377,365"
"160","","職業紹介・労働者派遣業","21","","5千万円以上 - 1億円未満","20180","","2018年度","","3,500","143,843","6,686","0","23,819","1,282,467"
"160","","職業紹介・労働者派遣業","21","","5千万円以上 - 1億円未満","20190","","2019年度","","5,020","146,006","18","0","16,054","1,180,559"
"160","","職業紹介・労働者派遣業","21","","5千万円以上 - 1億円未満","20200","","2020年度","","1,551","114,159","32","0","15,798","1,091,952"
"160","","職業紹介・労働者派遣業","21","","5千万円以上 - 1億円未満","20210","","2021年度","","305","220,834","849","0","98,811","1,810,960"
"160","","職業紹介・労働者派遣業","21","","5千万円以上 - 1億円未満","20220","","2022年度","","211","125,198","660","0","14,762","986,132"
"160","","職業紹介・労働者派遣業","21","","5千万円以上 - 1億円未満","20230","","2023年度","","396","163,130","330","0","37,906","1,386,660"
"160","","職業紹介・労働者派遣業","21","","5千万円以上 - 1億円未満","20240","","2024年度","","0","221,803","0","0","64,780","1,779,162"
"160","","職業紹介・労働者派遣業","19","","1千万円以上 - 1億円未満","20150","","2015年度","","1,551","481,201","1,040","0","65,844","4,405,734"
"160","","職業紹介・労働者派遣業","19","","1千万円以上 - 1億円未満","20160","","2016年度","","643","586,313","1,443","0","71,251","5,008,517"
"160","","職業紹介・労働者派遣業","19","","1千万円以上 - 1億円未満","20170","","2017年度","","11,721","570,690","6,647","2,028","63,590","4,735,015"
"160","","職業紹介・労働者派遣業","19","","1千万円以上 - 1億円未満","20180","","2018年度","","4,171","630,449","8,643","0","56,977","5,657,213"
"160","","職業紹介・労働者派遣業","19","","1千万円以上 - 1億円未満","20190","","2019年度","","6,094","592,675","1,102","0","42,382","5,697,846"
"160","","職業紹介・労働者派遣業","19","","1千万円以上 - 1億円未満","20200","","2020年度","","4,669","377,566","1,748","1,058","28,237","4,154,349"
"160","","職業紹介・労働者派遣業","19","","1千万円以上 - 1億円未満","20210","","2021年度","","3,667","511,238","8,028","1,452","137,291","4,428,271"
"160","","職業紹介・労働者派遣業","19","","1千万円以上 - 1億円未満","20220","","2022年度","","1,463","419,837","1,216","0","90,281","4,058,968"
"160","","職業紹介・労働者派遣業","19","","1千万円以上 - 1億円未満","20230","","2023年度","","3,808","496,230","1,166","620","123,993","4,889,610"
"160","","職業紹介・労働者派遣業","19","","1千万円以上 - 1億円未満","20240","","2024年度","","493","593,977","2,864","164","119,460","5,134,388"
"160","","職業紹介・労働者派遣業","18","","1千万円以上 - 5千万円未満","20150","","2015年度","","386","223,912","1,040","0","25,237","2,179,893"
"160","","職業紹介・労働者派遣業","18","","1千万円以上 - 5千万円未満","20160","","2016年度","","75","359,102","1,315","0","36,321","3,132,957"
"160","","職業紹介・労働者派遣業","18","","1千万円以上 - 5千万円未満","20170","","2017年度","","3,940","417,933","2,509","0","34,245","3,357,650"
"160","","職業紹介・労働者派遣業","18","","1千万円以上 - 5千万円未満","20180","","2018年度","","671","486,606","1,957","0","33,158","4,374,746"
"160","","職業紹介・労働者派遣業","18","","1千万円以上 - 5千万円未満","20190","","2019年度","","1,074","446,669","1,084","0","26,328","4,517,287"
"160","","職業紹介・労働者派遣業","18","","1千万円以上 - 5千万円未満","20200","","2020年度","","3,118","263,407","1,716","1,058","12,439","3,062,397"
"160","","職業紹介・労働者派遣業","18","","1千万円以上 - 5千万円未満","20210","","2021年度","","3,362","290,404","7,179","1,452","38,480","2,617,311"
"160","","職業紹介・労働者派遣業","18","","1千万円以上 - 5千万円未満","20220","","2022年度","","1,252","294,639","556","0","75,519","3,072,836"
"160","","職業紹介・労働者派遣業","18","","1千万円以上 - 5千万円未満","20230","","2023年度","","3,412","333,100","836","620","86,087","3,502,950"
"160","","職業紹介・労働者派遣業","18","","1千万円以上 - 5千万円未満","20240","","2024年度","","493","372,174","2,864","164","54,680","3,355,226"
"160","","職業紹介・労働者派遣業","16","","1千万円未満","20150","","2015年度","","0","119,193","509","0","24,116","911,859"
"160","","職業紹介・労働者派遣業","16","","1千万円未満","20160","","2016年度","","0","116,778","243","0","32,307","988,406"
"160","","職業紹介・労働者派遣業","16","","1千万円未満","20170","","2017年度","","0","132,454","22,462","0","35,562","1,135,620"
"160","","職業紹介・労働者派遣業","16","","1千万円未満","20180","","2018年度","","384","95,070","11,630","0","25,771","1,093,125"
"160","","職業紹介・労働者派遣業","16","","1千万円未満","20190","","2019年度","","0","46,371","1,124","0","7,642","650,577"
"160","","職業紹介・労働者派遣業","16","","1千万円未満","20200","","2020年度","","0","64,366","1,019","0","21,039","597,830"
"160","","職業紹介・労働者派遣業","16","","1千万円未満","20210","","2021年度","","0","145,423","7,576","826","18,505","859,222"
"160","","職業紹介・労働者派遣業","16","","1千万円未満","20220","","2022年度","","1,555","170,694","0","0","32,351","1,060,200"
"160","","職業紹介・労働者派遣業","16","","1千万円未満","20230","","2023年度","","0","158,619","3,595","0","8,212","1,473,193"
"160","","職業紹介・労働者派遣業","16","","1千万円未満","20240","","2024年度","","0","85,528","4,563","0","26,297","862,040"
"160","","職業紹介・労働者派遣業","23","","1億円以上","20150","","2015年度","","1,577","303,005","93","0","77,174","2,441,450"
"160","","職業紹介・労働者派遣業","23","","1億円以上","20160","","2016年度","","2,340","371,245","75","0","113,007","3,007,707"
"160","","職業紹介・労働者派遣業","23","","1億円以上","20170","","2017年度","","20,018","402,740","118","48","126,593","3,441,544"
"160","","職業紹介・労働者派遣業","23","","1億円以上","20180","","2018年度","","17,356","315,808","78","0","80,825","2,796,373"
"160","","職業紹介・労働者派遣業","23","","1億円以上","20190","","2019年度","","4,935","318,795","171","0","92,641","2,742,018"
"160","","職業紹介・労働者派遣業","23","","1億円以上","20200","","2020年度","","2,928","354,316","215","0","130,033","2,901,482"
"160","","職業紹介・労働者派遣業","23","","1億円以上","20210","","2021年度","","1,834","607,749","27","0","129,612","4,693,532"
"160","","職業紹介・労働者派遣業","23","","1億円以上","20220","","2022年度","","2,245","586,620","308","17","143,140","4,506,966"
"160","","職業紹介・労働者派遣業","23","","1億円以上","20230","","2023年度","","2,136","614,404","173","0","171,233","4,756,208"
"160","","職業紹介・労働者派遣業","23","","1億円以上","20240","","2024年度","","482","618,343","175","0","161,399","5,127,924"
"160","","職業紹介・労働者派遣業","22","","1億円未満","20150","","2015年度","","1,551","600,394","1,549","0","89,960","5,317,593"
"160","","職業紹介・労働者派遣業","22","","1億円未満","20160","","2016年度","","643","703,091","1,686","0","103,558","5,996,923"
"160","","職業紹介・労働者派遣業","22","","1億円未満","20170","","2017年度","","11,721","703,144","29,109","2,028","99,152","5,870,635"
"160","","職業紹介・労働者派遣業","22","","1億円未満","20180","","2018年度","","4,555","725,519","20,273","0","82,748","6,750,338"
"160","","職業紹介・労働者派遣業","22","","1億円未満","20190","","2019年度","","6,094","639,046","2,226","0","50,024","6,348,423"
"160","","職業紹介・労働者派遣業","22","","1億円未満","20200","","2020年度","","4,669","441,932","2,767","1,058","49,276","4,752,179"
"160","","職業紹介・労働者派遣業","22","","1億円未満","20210","","2021年度","","3,667","656,661","15,604","2,278","155,796","5,287,493"
"160","","職業紹介・労働者派遣業","22","","1億円未満","20220","","2022年度","","3,018","590,531","1,216","0","122,632","5,119,168"
"160","","職業紹介・労働者派遣業","22","","1億円未満","20230","","2023年度","","3,808","654,849","4,761","620","132,205","6,362,803"
"160","","職業紹介・労働者派遣業","22","","1億円未満","20240","","2024年度","","493","679,505","7,427","164","145,757","5,996,428"
"160","","職業紹介・労働者派遣業","20","","2千万円以上 - 5千万円未満","20150","","2015年度","","0","120,319","74","0","18,670","1,065,907"
"160","","職業紹介・労働者派遣業","20","","2千万円以上 - 5千万円未満","20160","","2016年度","","75","216,508","301","0","17,453","1,792,622"
"160","","職業紹介・労働者派遣業","20","","2千万円以上 - 5千万円未満","20170","","2017年度","","0","222,793","435","0","12,885","1,786,784"
"160","","職業紹介・労働者派遣業","20","","2千万円以上 - 5千万円未満","20180","","2018年度","","205","350,889","1,024","0","11,471","2,900,516"
"160","","職業紹介・労働者派遣業","20","","2千万円以上 - 5千万円未満","20190","","2019年度","","1,074","240,105","661","0","11,489","2,427,329"
"160","","職業紹介・労働者派遣業","20","","2千万円以上 - 5千万円未満","20200","","2020年度","","1,552","177,668","1,129","1,058","10,090","1,854,228"
"160","","職業紹介・労働者派遣業","20","","2千万円以上 - 5千万円未満","20210","","2021年度","","3,362","170,878","6,437","1,452","20,477","1,386,226"
"160","","職業紹介・労働者派遣業","20","","2千万円以上 - 5千万円未満","20220","","2022年度","","715","143,358","556","0","19,628","1,221,721"
"160","","職業紹介・労働者派遣業","20","","2千万円以上 - 5千万円未満","20230","","2023年度","","3,412","183,373","836","620","39,697","1,744,942"
"160","","職業紹介・労働者派遣業","20","","2千万円以上 - 5千万円未満","20240","","2024年度","","493","256,939","2,711","164","38,800","2,123,682"
"160","","職業紹介・労働者派遣業","17","","1千万円以上 - 2千万円未満","20150","","2015年度","","386","103,593","966","0","6,567","1,113,986"
"160","","職業紹介・労働者派遣業","17","","1千万円以上 - 2千万円未満","20160","","2016年度","","0","142,594","1,014","0","18,868","1,340,335"
"160","","職業紹介・労働者派遣業","17","","1千万円以上 - 2千万円未満","20170","","2017年度","","3,940","195,140","2,074","0","21,360","1,570,866"
"160","","職業紹介・労働者派遣業","17","","1千万円以上 - 2千万円未満","20180","","2018年度","","466","135,717","933","0","21,687","1,474,230"
"160","","職業紹介・労働者派遣業","17","","1千万円以上 - 2千万円未満","20190","","2019年度","","0","206,564","423","0","14,839","2,089,958"
"160","","職業紹介・労働者派遣業","17","","1千万円以上 - 2千万円未満","20200","","2020年度","","1,566","85,739","587","0","2,349","1,208,169"
"160","","職業紹介・労働者派遣業","17","","1千万円以上 - 2千万円未満","20210","","2021年度","","0","119,526","742","0","18,003","1,231,085"
"160","","職業紹介・労働者派遣業","17","","1千万円以上 - 2千万円未満","20220","","2022年度","","537","151,281","0","0","55,891","1,851,115"
"160","","職業紹介・労働者派遣業","17","","1千万円以上 - 2千万円未満","20230","","2023年度","","0","149,727","0","0","46,390","1,758,008"
"160","","職業紹介・労働者派遣業","17","","1千万円以上 - 2千万円未満","20240","","2024年度","","0","115,235","153","0","15,880","1,231,544"
"143","","その他のサービス業","26","","全規模","20150","","2015年度","","210,622","4,715,940","381,823","256,436","2,409,461","36,388,106"
"143","","その他のサービス業","26","","全規模","20160","","2016年度","","263,334","4,805,472","364,433","229,647","2,135,120","41,092,280"
"143","","その他のサービス業","26","","全規模","20170","","2017年度","","270,287","5,359,471","506,088","264,687","2,121,268","42,658,475"
"143","","その他のサービス業","26","","全規模","20180","","2018年度","","309,024","5,366,640","515,886","196,480","2,237,824","42,851,729"
"143","","その他のサービス業","26","","全規模","20190","","2019年度","","298,249","5,014,902","772,723","254,162","2,445,989","41,719,618"
"143","","その他のサービス業","26","","全規模","20200","","2020年度","","260,539","4,831,423","491,189","208,819","2,479,560","39,342,647"
"143","","その他のサービス業","26","","全規模","20210","","2021年度","","304,315","5,032,838","390,988","226,090","2,140,971","38,800,877"
"143","","その他のサービス業","26","","全規模","20220","","2022年度","","271,361","6,004,914","690,856","366,160","3,047,298","41,873,870"
"143","","その他のサービス業","26","","全規模","20230","","2023年度","","711,584","6,385,988","831,422","339,131","3,718,106","43,573,756"
"143","","その他のサービス業","26","","全規模","20240","","2024年度","","286,947","6,620,261","1,078,223","344,338","2,998,511","49,286,662"
"143","","その他のサービス業","25","","10億円以上","20150","","2015年度","","31,469","768,477","72,171","39,919","665,004","6,411,288"
"143","","その他のサービス業","25","","10億円以上","20160","","2016年度","","27,641","906,691","50,198","35,841","504,490","8,641,321"
"143","","その他のサービス業","25","","10億円以上","20170","","2017年度","","34,520","926,486","56,520","35,359","551,782","8,695,848"
"143","","その他のサービス業","25","","10億円以上","20180","","2018年度","","39,469","1,031,677","63,241","33,428","531,761","8,892,691"
"143","","その他のサービス業","25","","10億円以上","20190","","2019年度","","40,185","961,735","85,745","26,265","455,974","8,498,141"
"143","","その他のサービス業","25","","10億円以上","20200","","2020年度","","34,763","910,116","74,448","19,783","428,147","7,860,896"
"143","","その他のサービス業","25","","10億円以上","20210","","2021年度","","45,222","942,912","82,702","20,875","440,365","7,838,739"
"143","","その他のサービス業","25","","10億円以上","20220","","2022年度","","68,994","1,028,718","103,473","26,443","486,443","8,103,545"
"143","","その他のサービス業","25","","10億円以上","20230","","2023年度","","55,322","1,011,479","117,479","30,034","465,090","7,972,247"
"143","","その他のサービス業","25","","10億円以上","20240","","2024年度","","67,568","1,036,432","111,616","29,173","488,451","8,380,527"
"143","","その他のサービス業","24","","1億円以上 - 10億円未満","20150","","2015年度","","49,397","1,267,205","60,705","45,952","592,885","8,520,350"
"143","","その他のサービス業","24","","1億円以上 - 10億円未満","20160","","2016年度","","85,927","1,121,099","101,309","29,709","567,388","7,738,729"
"143","","その他のサービス業","24","","1億円以上 - 10億円未満","20170","","2017年度","","81,060","1,274,621","181,409","35,850","562,123","7,755,844"
"143","","その他のサービス業","24","","1億円以上 - 10億円未満","20180","","2018年度","","87,655","1,267,896","159,921","39,574","576,745","8,388,772"
"143","","その他のサービス業","24","","1億円以上 - 10億円未満","20190","","2019年度","","91,021","1,577,282","176,517","72,175","774,507","9,338,518"
"143","","その他のサービス業","24","","1億円以上 - 10億円未満","20200","","2020年度","","74,083","1,509,465","151,511","58,202","661,911","9,098,660"
"143","","その他のサービス業","24","","1億円以上 - 10億円未満","20210","","2021年度","","102,047","1,725,798","68,492","65,889","698,101","9,994,016"
"143","","その他のサービス業","24","","1億円以上 - 10億円未満","20220","","2022年度","","105,489","1,692,897","107,263","111,740","772,180","9,825,189"
"143","","その他のサービス業","24","","1億円以上 - 10億円未満","20230","","2023年度","","577,343","1,942,172","222,261","206,928","1,573,835","10,171,149"
"143","","その他のサービス業","24","","1億円以上 - 10億円未満","20240","","2024年度","","81,765","2,495,715","251,644","245,596","1,393,737","10,736,805"
"143","","その他のサービス業","21","","5千万円以上 - 1億円未満","20150","","2015年度","","30,167","433,266","57,380","68,177","210,960","3,790,855"
"143","","その他のサービス業","21","","5千万円以上 - 1億円未満","20160","","2016年度","","39,050","514,722","15,222","85,882","197,238","4,463,486"
"143","","その他のサービス業","21","","5千万円以上 - 1億円未満","20170","","2017年度","","44,846","1,039,146","71,540","121,737","293,139","5,681,302"
"143","","その他のサービス業","21","","5千万円以上 - 1億円未満","20180","","2018年度","","37,866","680,806","18,015","17,527","325,372","4,430,652"
"143","","その他のサービス業","21","","5千万円以上 - 1億円未満","20190","","2019年度","","38,232","511,693","26,242","30,799","283,465","4,338,412"
"143","","その他のサービス業","21","","5千万円以上 - 1億円未満","20200","","2020年度","","20,687","650,715","71,292","72,368","301,408","4,493,460"
"143","","その他のサービス業","21","","5千万円以上 - 1億円未満","20210","","2021年度","","19,937","411,564","72,790","9,617","180,958","3,608,806"
"143","","その他のサービス業","21","","5千万円以上 - 1億円未満","20220","","2022年度","","6,311","445,453","129,094","13,579","277,536","4,226,466"
"143","","その他のサービス業","21","","5千万円以上 - 1億円未満","20230","","2023年度","","9,228","578,780","150,864","22,625","178,483","4,579,996"
"143","","その他のサービス業","21","","5千万円以上 - 1億円未満","20240","","2024年度","","8,105","692,216","76,142","13,386","209,820","5,058,923"
"143","","その他のサービス業","19","","1千万円以上 - 1億円未満","20150","","2015年度","","112,335","2,218,170","199,510","159,708","981,273","16,775,534"
"143","","その他のサービス業","19","","1千万円以上 - 1億円未満","20160","","2016年度","","129,603","2,248,204","179,469","151,552","909,889","19,758,758"
"143","","その他のサービス業","19","","1千万円以上 - 1億円未満","20170","","2017年度","","107,570","2,641,226","217,053","184,985","863,664","20,445,915"
"143","","その他のサービス業","19","","1千万円以上 - 1億円未満","20180","","2018年度","","138,535","2,426,728","102,888","115,587","951,187","18,745,217"
"143","","その他のサービス業","19","","1千万円以上 - 1億円未満","20190","","2019年度","","116,930","1,920,759","331,365","146,185","902,004","17,788,632"
"143","","その他のサービス業","19","","1千万円以上 - 1億円未満","20200","","2020年度","","119,779","1,963,355","208,238","119,466","1,262,432","17,596,793"
"143","","その他のサービス業","19","","1千万円以上 - 1億円未満","20210","","2021年度","","92,352","1,824,640","185,885","74,682","841,726","15,958,921"
"143","","その他のサービス業","19","","1千万円以上 - 1億円未満","20220","","2022年度","","59,062","2,613,262","357,760","181,177","1,593,015","18,101,839"
"143","","その他のサービス業","19","","1千万円以上 - 1億円未満","20230","","2023年度","","75,641","2,810,683","275,115","86,845","1,488,254","18,558,061"
"143","","その他のサービス業","19","","1千万円以上 - 1億円未満","20240","","2024年度","","62,689","2,434,204","469,657","61,750","915,842","19,730,032"
"143","","その他のサービス業","18","","1千万円以上 - 5千万円未満","20150","","2015年度","","82,168","1,784,904","142,130","91,531","770,313","12,984,679"
"143","","その他のサービス業","18","","1千万円以上 - 5千万円未満","20160","","2016年度","","90,553","1,733,482","164,247","65,670","712,651","15,295,272"
"143","","その他のサービス業","18","","1千万円以上 - 5千万円未満","20170","","2017年度","","62,724","1,602,080","145,513","63,248","570,525","14,764,613"
"143","","その他のサービス業","18","","1千万円以上 - 5千万円未満","20180","","2018年度","","100,669","1,745,922","84,873","98,060","625,815","14,314,565"
"143","","その他のサービス業","18","","1千万円以上 - 5千万円未満","20190","","2019年度","","78,698","1,409,066","305,123","115,386","618,539","13,450,220"
"143","","その他のサービス業","18","","1千万円以上 - 5千万円未満","20200","","2020年度","","99,092","1,312,640","136,946","47,098","961,024","13,103,333"
"143","","その他のサービス業","18","","1千万円以上 - 5千万円未満","20210","","2021年度","","72,415","1,413,076","113,095","65,065","660,768","12,350,115"
"143","","その他のサービス業","18","","1千万円以上 - 5千万円未満","20220","","2022年度","","52,751","2,167,809","228,666","167,598","1,315,479","13,875,373"
"143","","その他のサービス業","18","","1千万円以上 - 5千万円未満","20230","","2023年度","","66,413","2,231,903","124,251","64,220","1,309,771","13,978,065"
"143","","その他のサービス業","18","","1千万円以上 - 5千万円未満","20240","","2024年度","","54,584","1,741,988","393,515","48,364","706,022","14,671,109"
"143","","その他のサービス業","16","","1千万円未満","20150","","2015年度","","17,421","462,088","49,437","10,857","170,299","4,680,934"
"143","","その他のサービス業","16","","1千万円未満","20160","","2016年度","","20,163","529,478","33,457","12,545","153,353","4,953,472"
"143","","その他のサービス業","16","","1千万円未満","20170","","2017年度","","47,137","517,138","51,106","8,493","143,699","5,760,868"
"143","","その他のサービス業","16","","1千万円未満","20180","","2018年度","","43,365","640,339","189,836","7,891","178,131","6,825,049"
"143","","その他のサービス業","16","","1千万円未満","20190","","2019年度","","50,113","555,126","179,096","9,537","313,504","6,094,327"
"143","","その他のサービス業","16","","1千万円未満","20200","","2020年度","","31,914","448,487","56,992","11,368","127,070","4,786,298"
"143","","その他のサービス業","16","","1千万円未満","20210","","2021年度","","64,694","539,488","53,909","64,644","160,779","5,009,201"
"143","","その他のサービス業","16","","1千万円未満","20220","","2022年度","","37,816","670,037","122,360","46,800","195,660","5,843,297"
"143","","その他のサービス業","16","","1千万円未満","20230","","2023年度","","3,278","621,654","216,567","15,324","190,927","6,872,299"
"143","","その他のサービス業","16","","1千万円未満","20240","","2024年度","","74,925","653,910","245,306","7,819","200,481","10,439,298"
"143","","その他のサービス業","23","","1億円以上","20150","","2015年度","","80,866","2,035,682","132,876","85,871","1,257,889","14,931,638"
"143","","その他のサービス業","23","","1億円以上","20160","","2016年度","","113,568","2,027,790","151,507","65,550","1,071,878","16,380,050"
"143","","その他のサービス業","23","","1億円以上","20170","","2017年度","","115,580","2,201,107","237,929","71,209","1,113,905","16,451,692"
"143","","その他のサービス業","23","","1億円以上","20180","","2018年度","","127,124","2,299,573","223,162","73,002","1,108,506","17,281,463"
"143","","その他のサービス業","23","","1億円以上","20190","","2019年度","","131,206","2,539,017","262,262","98,440","1,230,481","17,836,659"
"143","","その他のサービス業","23","","1億円以上","20200","","2020年度","","108,846","2,419,581","225,959","77,985","1,090,058","16,959,556"
"143","","その他のサービス業","23","","1億円以上","20210","","2021年度","","147,269","2,668,710","151,194","86,764","1,138,466","17,832,755"
"143","","その他のサービス業","23","","1億円以上","20220","","2022年度","","174,483","2,721,615","210,736","138,183","1,258,623","17,928,734"
"143","","その他のサービス業","23","","1億円以上","20230","","2023年度","","632,665","2,953,651","339,740","236,962","2,038,925","18,143,396"
"143","","その他のサービス業","23","","1億円以上","20240","","2024年度","","149,333","3,532,147","363,260","274,769","1,882,188","19,117,332"
"143","","その他のサービス業","22","","1億円未満","20150","","2015年度","","129,756","2,680,258","248,947","170,565","1,151,572","21,456,468"
"143","","その他のサービス業","22","","1億円未満","20160","","2016年度","","149,766","2,777,682","212,926","164,097","1,063,242","24,712,230"
"143","","その他のサービス業","22","","1億円未満","20170","","2017年度","","154,707","3,158,364","268,159","193,478","1,007,363","26,206,783"
"143","","その他のサービス業","22","","1億円未満","20180","","2018年度","","181,900","3,067,067","292,724","123,478","1,129,318","25,570,266"
"143","","その他のサービス業","22","","1億円未満","20190","","2019年度","","167,043","2,475,885","510,461","155,722","1,215,508","23,882,959"
"143","","その他のサービス業","22","","1億円未満","20200","","2020年度","","151,693","2,411,842","265,230","130,834","1,389,502","22,383,091"
"143","","その他のサービス業","22","","1億円未満","20210","","2021年度","","157,046","2,364,128","239,794","139,326","1,002,505","20,968,122"
"143","","その他のサービス業","22","","1億円未満","20220","","2022年度","","96,878","3,283,299","480,120","227,977","1,788,675","23,945,136"
"143","","その他のサービス業","22","","1億円未満","20230","","2023年度","","78,919","3,432,337","491,682","102,169","1,679,181","25,430,360"
"143","","その他のサービス業","22","","1億円未満","20240","","2024年度","","137,614","3,088,114","714,963","69,569","1,116,323","30,169,330"
"143","","その他のサービス業","20","","2千万円以上 - 5千万円未満","20150","","2015年度","","28,548","611,443","65,807","28,087","307,582","4,474,694"
"143","","その他のサービス業","20","","2千万円以上 - 5千万円未満","20160","","2016年度","","40,540","644,691","86,744","30,703","352,728","5,261,978"
"143","","その他のサービス業","20","","2千万円以上 - 5千万円未満","20170","","2017年度","","30,300","906,686","113,158","42,291","370,881","7,395,181"
"143","","その他のサービス業","20","","2千万円以上 - 5千万円未満","20180","","2018年度","","38,293","907,816","26,290","34,992","328,215","7,035,365"
"143","","その他のサービス業","20","","2千万円以上 - 5千万円未満","20190","","2019年度","","32,452","684,875","40,109","48,898","276,972","6,084,646"
"143","","その他のサービス業","20","","2千万円以上 - 5千万円未満","20200","","2020年度","","84,668","602,430","29,383","39,364","627,820","5,978,396"
"143","","その他のサービス業","20","","2千万円以上 - 5千万円未満","20210","","2021年度","","59,674","475,186","28,924","23,743","200,618","4,450,371"
"143","","その他のサービス業","20","","2千万円以上 - 5千万円未満","20220","","2022年度","","16,207","631,637","40,188","38,495","269,538","6,502,072"
"143","","その他のサービス業","20","","2千万円以上 - 5千万円未満","20230","","2023年度","","47,929","886,700","59,505","51,722","371,326","8,047,780"
"143","","その他のサービス業","20","","2千万円以上 - 5千万円未満","20240","","2024年度","","27,810","813,962","34,064","13,149","334,946","5,792,419"
"143","","その他のサービス業","17","","1千万円以上 - 2千万円未満","20150","","2015年度","","53,620","1,173,461","76,323","63,444","462,731","8,509,985"
"143","","その他のサービス業","17","","1千万円以上 - 2千万円未満","20160","","2016年度","","50,013","1,088,791","77,503","34,967","359,923","10,033,294"
"143","","その他のサービス業","17","","1千万円以上 - 2千万円未満","20170","","2017年度","","32,424","695,394","32,355","20,957","199,644","7,369,432"
"143","","その他のサービス業","17","","1千万円以上 - 2千万円未満","20180","","2018年度","","62,376","838,106","58,583","63,068","297,600","7,279,200"
"143","","その他のサービス業","17","","1千万円以上 - 2千万円未満","20190","","2019年度","","46,246","724,191","265,014","66,488","341,567","7,365,574"
"143","","その他のサービス業","17","","1千万円以上 - 2千万円未満","20200","","2020年度","","14,424","710,210","107,563","7,734","333,204","7,124,937"
"143","","その他のサービス業","17","","1千万円以上 - 2千万円未満","20210","","2021年度","","12,741","937,890","84,171","41,322","460,150","7,899,744"
"143","","その他のサービス業","17","","1千万円以上 - 2千万円未満","20220","","2022年度","","36,544","1,536,172","188,478","129,103","1,045,941","7,373,301"
"143","","その他のサービス業","17","","1千万円以上 - 2千万円未満","20230","","2023年度","","18,484","1,345,203","64,746","12,498","938,445","5,930,285"
"143","","その他のサービス業","17","","1千万円以上 - 2千万円未満","20240","","2024年度","","26,774","928,026","359,451","35,215","371,076","8,878,690"
