"統計名：","法人企業統計調査 時系列データ"
"表番号：","1"
"表題：","[時系列データ] 金融業、保険業以外の業種(原数値)"
"実施年月：","2024年度","-"

"*","計算結果が値を持たない項目"
"***","数字が得られないもの"

"","","","","","","","","","/調査項目 (金融業、保険業以外の業種) コード","065","057","066","235"
"","","","","","","","","","/調査項目 (金融業、保険業以外の業種) 補助コード","-","-","-","-"
"業種 (金融業、保険業以外の業種) コード","業種 (金融業、保険業以外の業種) 補助コード","業種 (金融業、保険業以外の業種)","規模 (金融業、保険業以外の業種) コード","規模 (金融業、保険業以外の業種) 補助コード","規模 (金融業、保険業以外の業種)","年  期 コード","年  期 補助コード","年  期","/調査項目 (金融業、保険業以外の業種)","役員給与(当期末)【百万円】","役員賞与(当期末)【百万円】","従業員給与(当期末)【百万円】","従業員賞与(当期末)【百万円】"
"104","","全産業（除く金融保険業）","26","","全規模","20150","","2015年度","","24,543,501","672,263","128,751,643","21,816,969"
"104","","全産業（除く金融保険業）","26","","全規模","20160","","2016年度","","25,225,773","707,727","130,690,544","22,002,062"
"104","","全産業（除く金融保険業）","26","","全規模","20170","","2017年度","","25,841,966","840,456","132,168,552","23,765,358"
"104","","全産業（除く金融保険業）","26","","全規模","20180","","2018年度","","25,832,612","799,774","133,664,651","24,221,843"
"104","","全産業（除く金融保険業）","26","","全規模","20190","","2019年度","","25,366,675","782,183","129,160,856","23,301,975"
"104","","全産業（除く金融保険業）","26","","全規模","20200","","2020年度","","24,631,778","706,523","125,286,841","21,828,349"
"104","","全産業（除く金融保険業）","26","","全規模","20210","","2021年度","","25,250,456","965,070","132,782,703","24,190,514"
"104","","全産業（除く金融保険業）","26","","全規模","20220","","2022年度","","26,291,281","1,189,366","138,617,090","25,225,709"
"104","","全産業（除く金融保険業）","26","","全規模","20230","","2023年度","","27,012,024","1,248,901","142,805,299","26,579,495"
"104","","全産業（除く金融保険業）","26","","全規模","20240","","2024年度","","27,894,414","1,326,054","147,621,243","28,015,078"
"104","","全産業（除く金融保険業）","25","","10億円以上","20150","","2015年度","","759,389","103,659","33,346,478","8,927,780"
"104","","全産業（除く金融保険業）","25","","10億円以上","20160","","2016年度","","760,833","101,640","32,965,638","8,945,517"
"104","","全産業（除く金融保険業）","25","","10億円以上","20170","","2017年度","","779,550","123,638","33,704,442","9,434,329"
"104","","全産業（除く金融保険業）","25","","10億円以上","20180","","2018年度","","798,022","122,416","34,262,364","9,668,292"
"104","","全産業（除く金融保険業）","25","","10億円以上","20190","","2019年度","","802,420","109,326","34,535,909","9,727,768"
"104","","全産業（除く金融保険業）","25","","10億円以上","20200","","2020年度","","779,006","110,420","33,274,488","9,191,219"
"104","","全産業（除く金融保険業）","25","","10億円以上","20210","","2021年度","","773,506","133,842","34,112,016","9,769,799"
"104","","全産業（除く金融保険業）","25","","10億円以上","20220","","2022年度","","833,761","140,469","34,101,211","9,942,938"
"104","","全産業（除く金融保険業）","25","","10億円以上","20230","","2023年度","","794,552","151,846","34,519,556","10,292,572"
"104","","全産業（除く金融保険業）","25","","10億円以上","20240","","2024年度","","799,707","163,254","35,981,802","10,933,808"
"104","","全産業（除く金融保険業）","24","","1億円以上 - 10億円未満","20150","","2015年度","","1,037,468","101,084","22,212,425","4,525,827"
"104","","全産業（除く金融保険業）","24","","1億円以上 - 10億円未満","20160","","2016年度","","1,064,999","99,443","22,212,130","4,695,180"
"104","","全産業（除く金融保険業）","24","","1億円以上 - 10億円未満","20170","","2017年度","","1,065,732","111,127","22,468,076","4,918,336"
"104","","全産業（除く金融保険業）","24","","1億円以上 - 10億円未満","20180","","2018年度","","1,079,889","118,902","23,465,015","5,085,873"
"104","","全産業（除く金融保険業）","24","","1億円以上 - 10億円未満","20190","","2019年度","","1,088,964","117,016","23,629,117","5,103,489"
"104","","全産業（除く金融保険業）","24","","1億円以上 - 10億円未満","20200","","2020年度","","1,093,735","109,066","23,730,113","5,018,817"
"104","","全産業（除く金融保険業）","24","","1億円以上 - 10億円未満","20210","","2021年度","","1,119,842","116,140","25,096,814","5,483,409"
"104","","全産業（除く金融保険業）","24","","1億円以上 - 10億円未満","20220","","2022年度","","1,157,513","133,804","25,012,973","5,442,165"
"104","","全産業（除く金融保険業）","24","","1億円以上 - 10億円未満","20230","","2023年度","","1,181,072","136,533","26,700,256","6,064,895"
"104","","全産業（除く金融保険業）","24","","1億円以上 - 10億円未満","20240","","2024年度","","1,229,038","153,941","27,890,983","6,455,992"
"104","","全産業（除く金融保険業）","21","","5千万円以上 - 1億円未満","20150","","2015年度","","1,664,407","124,468","16,106,291","2,632,130"
"104","","全産業（除く金融保険業）","21","","5千万円以上 - 1億円未満","20160","","2016年度","","1,583,530","108,987","16,072,876","2,525,443"
"104","","全産業（除く金融保険業）","21","","5千万円以上 - 1億円未満","20170","","2017年度","","1,634,195","127,615","16,566,136","2,750,611"
"104","","全産業（除く金融保険業）","21","","5千万円以上 - 1億円未満","20180","","2018年度","","1,660,369","115,519","16,502,216","2,845,845"
"104","","全産業（除く金融保険業）","21","","5千万円以上 - 1億円未満","20190","","2019年度","","1,752,194","111,784","15,957,221","2,737,951"
"104","","全産業（除く金融保険業）","21","","5千万円以上 - 1億円未満","20200","","2020年度","","1,684,994","93,978","16,049,981","2,480,627"
"104","","全産業（除く金融保険業）","21","","5千万円以上 - 1億円未満","20210","","2021年度","","1,767,718","122,611","17,534,769","2,663,683"
"104","","全産業（除く金融保険業）","21","","5千万円以上 - 1億円未満","20220","","2022年度","","1,763,068","169,502","18,416,647","3,039,679"
"104","","全産業（除く金融保険業）","21","","5千万円以上 - 1億円未満","20230","","2023年度","","1,949,235","196,115","19,062,049","3,115,935"
"104","","全産業（除く金融保険業）","21","","5千万円以上 - 1億円未満","20240","","2024年度","","1,859,507","156,578","19,766,643","3,237,876"
"104","","全産業（除く金融保険業）","19","","1千万円以上 - 1億円未満","20150","","2015年度","","12,393,364","393,827","56,066,734","7,429,068"
"104","","全産業（除く金融保険業）","19","","1千万円以上 - 1億円未満","20160","","2016年度","","12,415,765","432,393","57,134,404","7,343,249"
"104","","全産業（除く金融保険業）","19","","1千万円以上 - 1億円未満","20170","","2017年度","","12,734,494","482,346","57,611,982","8,156,539"
"104","","全産業（除く金融保険業）","19","","1千万円以上 - 1億円未満","20180","","2018年度","","12,565,242","461,288","58,133,246","8,018,356"
"104","","全産業（除く金融保険業）","19","","1千万円以上 - 1億円未満","20190","","2019年度","","12,357,732","427,386","53,796,069","7,330,884"
"104","","全産業（除く金融保険業）","19","","1千万円以上 - 1億円未満","20200","","2020年度","","11,977,047","377,959","52,227,691","6,696,063"
"104","","全産業（除く金融保険業）","19","","1千万円以上 - 1億円未満","20210","","2021年度","","12,382,707","532,820","57,130,286","7,773,008"
"104","","全産業（除く金融保険業）","19","","1千万円以上 - 1億円未満","20220","","2022年度","","12,915,865","636,143","60,618,952","8,573,743"
"104","","全産業（除く金融保険業）","19","","1千万円以上 - 1億円未満","20230","","2023年度","","12,938,041","668,159","60,492,259","8,590,479"
"104","","全産業（除く金融保険業）","19","","1千万円以上 - 1億円未満","20240","","2024年度","","12,577,347","662,920","60,744,579","8,826,171"
"104","","全産業（除く金融保険業）","18","","1千万円以上 - 5千万円未満","20150","","2015年度","","10,728,957","269,359","39,960,443","4,796,938"
"104","","全産業（除く金融保険業）","18","","1千万円以上 - 5千万円未満","20160","","2016年度","","10,832,235","323,406","41,061,528","4,817,806"
"104","","全産業（除く金融保険業）","18","","1千万円以上 - 5千万円未満","20170","","2017年度","","11,100,299","354,731","41,045,846","5,405,928"
"104","","全産業（除く金融保険業）","18","","1千万円以上 - 5千万円未満","20180","","2018年度","","10,904,873","345,769","41,631,030","5,172,511"
"104","","全産業（除く金融保険業）","18","","1千万円以上 - 5千万円未満","20190","","2019年度","","10,605,538","315,602","37,838,848","4,592,933"
"104","","全産業（除く金融保険業）","18","","1千万円以上 - 5千万円未満","20200","","2020年度","","10,292,053","283,981","36,177,710","4,215,436"
"104","","全産業（除く金融保険業）","18","","1千万円以上 - 5千万円未満","20210","","2021年度","","10,614,989","410,209","39,595,517","5,109,325"
"104","","全産業（除く金融保険業）","18","","1千万円以上 - 5千万円未満","20220","","2022年度","","11,152,797","466,641","42,202,305","5,534,064"
"104","","全産業（除く金融保険業）","18","","1千万円以上 - 5千万円未満","20230","","2023年度","","10,988,806","472,044","41,430,210","5,474,544"
"104","","全産業（除く金融保険業）","18","","1千万円以上 - 5千万円未満","20240","","2024年度","","10,717,840","506,342","40,977,936","5,588,295"
"104","","全産業（除く金融保険業）","16","","1千万円未満","20150","","2015年度","","10,353,280","73,693","17,126,006","934,294"
"104","","全産業（除く金融保険業）","16","","1千万円未満","20160","","2016年度","","10,984,176","74,251","18,378,372","1,018,116"
"104","","全産業（除く金融保険業）","16","","1千万円未満","20170","","2017年度","","11,262,190","123,345","18,384,052","1,256,154"
"104","","全産業（除く金融保険業）","16","","1千万円未満","20180","","2018年度","","11,389,459","97,168","17,804,026","1,449,322"
"104","","全産業（除く金融保険業）","16","","1千万円未満","20190","","2019年度","","11,117,559","128,455","17,199,761","1,139,834"
"104","","全産業（除く金融保険業）","16","","1千万円未満","20200","","2020年度","","10,781,990","109,078","16,054,549","922,250"
"104","","全産業（除く金融保険業）","16","","1千万円未満","20210","","2021年度","","10,974,401","182,268","16,443,587","1,164,298"
"104","","全産業（除く金融保険業）","16","","1千万円未満","20220","","2022年度","","11,384,142","278,950","18,883,954","1,266,863"
"104","","全産業（除く金融保険業）","16","","1千万円未満","20230","","2023年度","","12,098,359","292,363","21,093,228","1,631,549"
"104","","全産業（除く金融保険業）","16","","1千万円未満","20240","","2024年度","","13,288,322","345,939","23,003,879","1,799,107"
"104","","全産業（除く金融保険業）","23","","1億円以上","20150","","2015年度","","1,796,857","204,743","55,558,903","13,453,607"
"104","","全産業（除く金融保険業）","23","","1億円以上","20160","","2016年度","","1,825,832","201,083","55,177,768","13,640,697"
"104","","全産業（除く金融保険業）","23","","1億円以上","20170","","2017年度","","1,845,282","234,765","56,172,518","14,352,665"
"104","","全産業（除く金融保険業）","23","","1億円以上","20180","","2018年度","","1,877,911","241,318","57,727,379","14,754,165"
"104","","全産業（除く金融保険業）","23","","1億円以上","20190","","2019年度","","1,891,384","226,342","58,165,026","14,831,257"
"104","","全産業（除く金融保険業）","23","","1億円以上","20200","","2020年度","","1,872,741","219,486","57,004,601","14,210,036"
"104","","全産業（除く金融保険業）","23","","1億円以上","20210","","2021年度","","1,893,348","249,982","59,208,830","15,253,208"
"104","","全産業（除く金融保険業）","23","","1億円以上","20220","","2022年度","","1,991,274","274,273","59,114,184","15,385,103"
"104","","全産業（除く金融保険業）","23","","1億円以上","20230","","2023年度","","1,975,624","288,379","61,219,812","16,357,467"
"104","","全産業（除く金融保険業）","23","","1億円以上","20240","","2024年度","","2,028,745","317,195","63,872,785","17,389,800"
"104","","全産業（除く金融保険業）","22","","1億円未満","20150","","2015年度","","22,746,644","467,520","73,192,740","8,363,362"
"104","","全産業（除く金融保険業）","22","","1億円未満","20160","","2016年度","","23,399,941","506,644","75,512,776","8,361,365"
"104","","全産業（除く金融保険業）","22","","1億円未満","20170","","2017年度","","23,996,684","605,691","75,996,034","9,412,693"
"104","","全産業（除く金融保険業）","22","","1億円未満","20180","","2018年度","","23,954,701","558,456","75,937,272","9,467,678"
"104","","全産業（除く金融保険業）","22","","1億円未満","20190","","2019年度","","23,475,291","555,841","70,995,830","8,470,718"
"104","","全産業（除く金融保険業）","22","","1億円未満","20200","","2020年度","","22,759,037","487,037","68,282,240","7,618,313"
"104","","全産業（除く金融保険業）","22","","1億円未満","20210","","2021年度","","23,357,108","715,088","73,573,873","8,937,306"
"104","","全産業（除く金融保険業）","22","","1億円未満","20220","","2022年度","","24,300,007","915,093","79,502,906","9,840,606"
"104","","全産業（除く金融保険業）","22","","1億円未満","20230","","2023年度","","25,036,400","960,522","81,585,487","10,222,028"
"104","","全産業（除く金融保険業）","22","","1億円未満","20240","","2024年度","","25,865,669","1,008,859","83,748,458","10,625,278"
"104","","全産業（除く金融保険業）","20","","2千万円以上 - 5千万円未満","20150","","2015年度","","3,281,635","129,548","16,564,281","2,253,345"
"104","","全産業（除く金融保険業）","20","","2千万円以上 - 5千万円未満","20160","","2016年度","","3,552,937","140,410","16,984,424","2,329,869"
"104","","全産業（除く金融保険業）","20","","2千万円以上 - 5千万円未満","20170","","2017年度","","3,532,318","159,015","18,042,725","2,860,181"
"104","","全産業（除く金融保険業）","20","","2千万円以上 - 5千万円未満","20180","","2018年度","","3,751,563","171,267","19,427,252","2,839,223"
"104","","全産業（除く金融保険業）","20","","2千万円以上 - 5千万円未満","20190","","2019年度","","3,542,825","172,001","18,042,877","2,502,942"
"104","","全産業（除く金融保険業）","20","","2千万円以上 - 5千万円未満","20200","","2020年度","","3,451,919","154,375","16,934,723","2,290,945"
"104","","全産業（除く金融保険業）","20","","2千万円以上 - 5千万円未満","20210","","2021年度","","3,617,272","176,018","19,167,401","2,719,592"
"104","","全産業（除く金融保険業）","20","","2千万円以上 - 5千万円未満","20220","","2022年度","","3,772,007","234,383","19,996,095","2,949,797"
"104","","全産業（除く金融保険業）","20","","2千万円以上 - 5千万円未満","20230","","2023年度","","3,884,189","214,788","19,453,168","2,928,813"
"104","","全産業（除く金融保険業）","20","","2千万円以上 - 5千万円未満","20240","","2024年度","","3,778,209","235,950","18,753,283","2,920,257"
"104","","全産業（除く金融保険業）","17","","1千万円以上 - 2千万円未満","20150","","2015年度","","7,447,322","139,811","23,396,162","2,543,593"
"104","","全産業（除く金融保険業）","17","","1千万円以上 - 2千万円未満","20160","","2016年度","","7,279,298","182,996","24,077,104","2,487,937"
"104","","全産業（除く金融保険業）","17","","1千万円以上 - 2千万円未満","20170","","2017年度","","7,567,981","195,716","23,003,121","2,545,747"
"104","","全産業（除く金融保険業）","17","","1千万円以上 - 2千万円未満","20180","","2018年度","","7,153,310","174,502","22,203,778","2,333,288"
"104","","全産業（除く金融保険業）","17","","1千万円以上 - 2千万円未満","20190","","2019年度","","7,062,713","143,601","19,795,971","2,089,991"
"104","","全産業（除く金融保険業）","17","","1千万円以上 - 2千万円未満","20200","","2020年度","","6,840,134","129,606","19,242,987","1,924,491"
"104","","全産業（除く金融保険業）","17","","1千万円以上 - 2千万円未満","20210","","2021年度","","6,997,717","234,191","20,428,116","2,389,733"
"104","","全産業（除く金融保険業）","17","","1千万円以上 - 2千万円未満","20220","","2022年度","","7,380,790","232,258","22,206,210","2,584,267"
"104","","全産業（除く金融保険業）","17","","1千万円以上 - 2千万円未満","20230","","2023年度","","7,104,617","257,256","21,977,042","2,545,731"
"104","","全産業（除く金融保険業）","17","","1千万円以上 - 2千万円未満","20240","","2024年度","","6,939,631","270,392","22,224,653","2,668,038"
"108","","製造業","26","","全規模","20150","","2015年度","","4,391,850","186,891","34,069,244","8,198,985"
"108","","製造業","26","","全規模","20160","","2016年度","","4,441,341","179,013","34,824,997","8,330,505"
"108","","製造業","26","","全規模","20170","","2017年度","","4,521,324","213,450","35,310,873","8,578,775"
"108","","製造業","26","","全規模","20180","","2018年度","","4,412,997","202,186","35,098,875","8,742,098"
"108","","製造業","26","","全規模","20190","","2019年度","","4,215,692","182,688","34,128,960","8,521,363"
"108","","製造業","26","","全規模","20200","","2020年度","","4,007,548","162,242","32,857,203","7,974,441"
"108","","製造業","26","","全規模","20210","","2021年度","","3,983,114","218,187","33,895,350","8,912,117"
"108","","製造業","26","","全規模","20220","","2022年度","","4,186,551","261,489","35,258,628","9,177,115"
"108","","製造業","26","","全規模","20230","","2023年度","","4,247,299","285,577","35,390,564","9,481,100"
"108","","製造業","26","","全規模","20240","","2024年度","","4,337,031","280,039","37,458,052","10,209,369"
"108","","製造業","25","","10億円以上","20150","","2015年度","","337,511","49,118","14,907,475","4,891,757"
"108","","製造業","25","","10億円以上","20160","","2016年度","","335,900","49,290","14,894,478","4,845,945"
"108","","製造業","25","","10億円以上","20170","","2017年度","","338,878","62,649","15,051,759","4,999,372"
"108","","製造業","25","","10億円以上","20180","","2018年度","","339,842","60,299","15,495,608","5,108,463"
"108","","製造業","25","","10億円以上","20190","","2019年度","","339,015","50,209","15,726,070","5,140,897"
"108","","製造業","25","","10億円以上","20200","","2020年度","","323,093","52,712","15,193,994","4,890,085"
"108","","製造業","25","","10億円以上","20210","","2021年度","","324,627","68,458","15,571,048","5,341,272"
"108","","製造業","25","","10億円以上","20220","","2022年度","","325,134","65,743","15,680,177","5,374,911"
"108","","製造業","25","","10億円以上","20230","","2023年度","","327,493","68,252","15,789,683","5,470,167"
"108","","製造業","25","","10億円以上","20240","","2024年度","","332,076","72,809","16,564,335","5,848,632"
"108","","製造業","24","","1億円以上 - 10億円未満","20150","","2015年度","","276,955","28,903","5,601,435","1,372,181"
"108","","製造業","24","","1億円以上 - 10億円未満","20160","","2016年度","","275,799","30,909","5,724,795","1,448,636"
"108","","製造業","24","","1億円以上 - 10億円未満","20170","","2017年度","","278,889","38,634","5,639,012","1,453,388"
"108","","製造業","24","","1億円以上 - 10億円未満","20180","","2018年度","","285,161","35,682","5,706,288","1,503,787"
"108","","製造業","24","","1億円以上 - 10億円未満","20190","","2019年度","","280,295","33,499","5,556,038","1,405,145"
"108","","製造業","24","","1億円以上 - 10億円未満","20200","","2020年度","","282,211","34,232","5,495,680","1,377,680"
"108","","製造業","24","","1億円以上 - 10億円未満","20210","","2021年度","","278,405","34,733","5,731,639","1,529,843"
"108","","製造業","24","","1億円以上 - 10億円未満","20220","","2022年度","","283,083","37,554","5,940,246","1,646,789"
"108","","製造業","24","","1億円以上 - 10億円未満","20230","","2023年度","","288,476","35,908","6,120,340","1,731,241"
"108","","製造業","24","","1億円以上 - 10億円未満","20240","","2024年度","","292,218","43,223","6,879,818","1,975,411"
"108","","製造業","21","","5千万円以上 - 1億円未満","20150","","2015年度","","435,128","33,106","3,971,906","809,105"
"108","","製造業","21","","5千万円以上 - 1億円未満","20160","","2016年度","","390,387","28,745","4,040,018","775,941"
"108","","製造業","21","","5千万円以上 - 1億円未満","20170","","2017年度","","403,269","36,563","4,014,093","823,380"
"108","","製造業","21","","5千万円以上 - 1億円未満","20180","","2018年度","","416,364","30,580","3,893,164","780,212"
"108","","製造業","21","","5千万円以上 - 1億円未満","20190","","2019年度","","410,932","30,968","3,649,135","771,110"
"108","","製造業","21","","5千万円以上 - 1億円未満","20200","","2020年度","","380,708","23,707","3,369,531","632,825"
"108","","製造業","21","","5千万円以上 - 1億円未満","20210","","2021年度","","358,708","31,371","3,435,684","735,217"
"108","","製造業","21","","5千万円以上 - 1億円未満","20220","","2022年度","","400,285","30,099","3,970,718","774,802"
"108","","製造業","21","","5千万円以上 - 1億円未満","20230","","2023年度","","405,234","34,445","4,130,639","842,379"
"108","","製造業","21","","5千万円以上 - 1億円未満","20240","","2024年度","","405,551","38,955","4,212,004","908,933"
"108","","製造業","19","","1千万円以上 - 1億円未満","20150","","2015年度","","2,430,637","91,166","11,395,411","1,765,484"
"108","","製造業","19","","1千万円以上 - 1億円未満","20160","","2016年度","","2,442,583","83,849","12,036,212","1,883,716"
"108","","製造業","19","","1千万円以上 - 1億円未満","20170","","2017年度","","2,540,940","98,141","12,393,948","1,973,847"
"108","","製造業","19","","1千万円以上 - 1億円未満","20180","","2018年度","","2,542,907","98,016","11,855,326","1,965,027"
"108","","製造業","19","","1千万円以上 - 1億円未満","20190","","2019年度","","2,376,429","86,131","10,888,665","1,815,552"
"108","","製造業","19","","1千万円以上 - 1億円未満","20200","","2020年度","","2,225,498","62,353","10,312,452","1,566,255"
"108","","製造業","19","","1千万円以上 - 1億円未満","20210","","2021年度","","2,252,143","94,683","10,844,780","1,827,261"
"108","","製造業","19","","1千万円以上 - 1億円未満","20220","","2022年度","","2,474,643","115,855","11,796,625","2,003,459"
"108","","製造業","19","","1千万円以上 - 1億円未満","20230","","2023年度","","2,463,995","112,238","11,526,275","2,125,471"
"108","","製造業","19","","1千万円以上 - 1億円未満","20240","","2024年度","","2,333,697","123,751","12,084,152","2,197,457"
"108","","製造業","18","","1千万円以上 - 5千万円未満","20150","","2015年度","","1,995,509","58,060","7,423,505","956,379"
"108","","製造業","18","","1千万円以上 - 5千万円未満","20160","","2016年度","","2,052,196","55,104","7,996,194","1,107,775"
"108","","製造業","18","","1千万円以上 - 5千万円未満","20170","","2017年度","","2,137,671","61,578","8,379,855","1,150,467"
"108","","製造業","18","","1千万円以上 - 5千万円未満","20180","","2018年度","","2,126,543","67,436","7,962,162","1,184,815"
"108","","製造業","18","","1千万円以上 - 5千万円未満","20190","","2019年度","","1,965,497","55,163","7,239,530","1,044,442"
"108","","製造業","18","","1千万円以上 - 5千万円未満","20200","","2020年度","","1,844,790","38,646","6,942,921","933,430"
"108","","製造業","18","","1千万円以上 - 5千万円未満","20210","","2021年度","","1,893,435","63,312","7,409,096","1,092,044"
"108","","製造業","18","","1千万円以上 - 5千万円未満","20220","","2022年度","","2,074,358","85,756","7,825,907","1,228,657"
"108","","製造業","18","","1千万円以上 - 5千万円未満","20230","","2023年度","","2,058,761","77,793","7,395,636","1,283,092"
"108","","製造業","18","","1千万円以上 - 5千万円未満","20240","","2024年度","","1,928,146","84,796","7,872,148","1,288,524"
"108","","製造業","16","","1千万円未満","20150","","2015年度","","1,346,747","17,704","2,164,923","169,563"
"108","","製造業","16","","1千万円未満","20160","","2016年度","","1,387,059","14,965","2,169,512","152,208"
"108","","製造業","16","","1千万円未満","20170","","2017年度","","1,362,617","14,026","2,226,154","152,168"
"108","","製造業","16","","1千万円未満","20180","","2018年度","","1,245,087","8,189","2,041,653","164,821"
"108","","製造業","16","","1千万円未満","20190","","2019年度","","1,219,953","12,849","1,958,187","159,769"
"108","","製造業","16","","1千万円未満","20200","","2020年度","","1,176,746","12,945","1,855,077","140,421"
"108","","製造業","16","","1千万円未満","20210","","2021年度","","1,127,939","20,313","1,747,883","213,741"
"108","","製造業","16","","1千万円未満","20220","","2022年度","","1,103,691","42,337","1,841,580","151,956"
"108","","製造業","16","","1千万円未満","20230","","2023年度","","1,167,335","69,179","1,954,266","154,221"
"108","","製造業","16","","1千万円未満","20240","","2024年度","","1,379,040","40,256","1,929,747","187,869"
"108","","製造業","23","","1億円以上","20150","","2015年度","","614,466","78,021","20,508,910","6,263,938"
"108","","製造業","23","","1億円以上","20160","","2016年度","","611,699","80,199","20,619,273","6,294,581"
"108","","製造業","23","","1億円以上","20170","","2017年度","","617,767","101,283","20,690,771","6,452,760"
"108","","製造業","23","","1億円以上","20180","","2018年度","","625,003","95,981","21,201,896","6,612,250"
"108","","製造業","23","","1億円以上","20190","","2019年度","","619,310","83,708","21,282,108","6,546,042"
"108","","製造業","23","","1億円以上","20200","","2020年度","","605,304","86,944","20,689,674","6,267,765"
"108","","製造業","23","","1億円以上","20210","","2021年度","","603,032","103,191","21,302,687","6,871,115"
"108","","製造業","23","","1億円以上","20220","","2022年度","","608,217","103,297","21,620,423","7,021,700"
"108","","製造業","23","","1億円以上","20230","","2023年度","","615,969","104,160","21,910,023","7,201,408"
"108","","製造業","23","","1億円以上","20240","","2024年度","","624,294","116,032","23,444,153","7,824,043"
"108","","製造業","22","","1億円未満","20150","","2015年度","","3,777,384","108,870","13,560,334","1,935,047"
"108","","製造業","22","","1億円未満","20160","","2016年度","","3,829,642","98,814","14,205,724","2,035,924"
"108","","製造業","22","","1億円未満","20170","","2017年度","","3,903,557","112,167","14,620,102","2,126,015"
"108","","製造業","22","","1億円未満","20180","","2018年度","","3,787,994","106,205","13,896,979","2,129,848"
"108","","製造業","22","","1億円未満","20190","","2019年度","","3,596,382","98,980","12,846,852","1,975,321"
"108","","製造業","22","","1億円未満","20200","","2020年度","","3,402,244","75,298","12,167,529","1,706,676"
"108","","製造業","22","","1億円未満","20210","","2021年度","","3,380,082","114,996","12,592,663","2,041,002"
"108","","製造業","22","","1億円未満","20220","","2022年度","","3,578,334","158,192","13,638,205","2,155,415"
"108","","製造業","22","","1億円未満","20230","","2023年度","","3,631,330","181,417","13,480,541","2,279,692"
"108","","製造業","22","","1億円未満","20240","","2024年度","","3,712,737","164,007","14,013,899","2,385,326"
"108","","製造業","20","","2千万円以上 - 5千万円未満","20150","","2015年度","","653,319","34,589","3,275,187","477,649"
"108","","製造業","20","","2千万円以上 - 5千万円未満","20160","","2016年度","","688,019","23,405","3,654,946","584,068"
"108","","製造業","20","","2千万円以上 - 5千万円未満","20170","","2017年度","","706,430","29,909","4,031,733","640,327"
"108","","製造業","20","","2千万円以上 - 5千万円未満","20180","","2018年度","","752,680","37,159","3,867,218","659,694"
"108","","製造業","20","","2千万円以上 - 5千万円未満","20190","","2019年度","","654,805","34,254","3,516,081","567,411"
"108","","製造業","20","","2千万円以上 - 5千万円未満","20200","","2020年度","","580,192","22,340","3,325,164","505,585"
"108","","製造業","20","","2千万円以上 - 5千万円未満","20210","","2021年度","","614,920","31,563","3,725,699","630,217"
"108","","製造業","20","","2千万円以上 - 5千万円未満","20220","","2022年度","","675,459","43,786","3,684,069","663,918"
"108","","製造業","20","","2千万円以上 - 5千万円未満","20230","","2023年度","","672,684","40,145","3,414,532","662,522"
"108","","製造業","20","","2千万円以上 - 5千万円未満","20240","","2024年度","","671,414","37,789","3,644,541","655,541"
"108","","製造業","17","","1千万円以上 - 2千万円未満","20150","","2015年度","","1,342,190","23,471","4,148,318","478,730"
"108","","製造業","17","","1千万円以上 - 2千万円未満","20160","","2016年度","","1,364,177","31,699","4,341,248","523,707"
"108","","製造業","17","","1千万円以上 - 2千万円未満","20170","","2017年度","","1,431,241","31,669","4,348,122","510,140"
"108","","製造業","17","","1千万円以上 - 2千万円未満","20180","","2018年度","","1,373,863","30,277","4,094,944","525,121"
"108","","製造業","17","","1千万円以上 - 2千万円未満","20190","","2019年度","","1,310,692","20,909","3,723,449","477,031"
"108","","製造業","17","","1千万円以上 - 2千万円未満","20200","","2020年度","","1,264,598","16,306","3,617,757","427,845"
"108","","製造業","17","","1千万円以上 - 2千万円未満","20210","","2021年度","","1,278,515","31,749","3,683,397","461,827"
"108","","製造業","17","","1千万円以上 - 2千万円未満","20220","","2022年度","","1,398,899","41,970","4,141,838","564,739"
"108","","製造業","17","","1千万円以上 - 2千万円未満","20230","","2023年度","","1,386,077","37,648","3,981,104","620,570"
"108","","製造業","17","","1千万円以上 - 2千万円未満","20240","","2024年度","","1,256,732","47,007","4,227,607","632,983"
"107","","建設業","26","","全規模","20150","","2015年度","","4,057,784","109,476","11,511,065","1,685,642"
"107","","建設業","26","","全規模","20160","","2016年度","","4,221,643","117,630","11,483,523","1,969,638"
"107","","建設業","26","","全規模","20170","","2017年度","","4,847,362","128,090","12,892,062","2,386,465"
"107","","建設業","26","","全規模","20180","","2018年度","","5,131,934","128,787","13,292,575","2,512,624"
"107","","建設業","26","","全規模","20190","","2019年度","","5,217,811","158,650","12,715,055","2,290,640"
"107","","建設業","26","","全規模","20200","","2020年度","","4,845,436","155,376","12,152,470","2,128,920"
"107","","建設業","26","","全規模","20210","","2021年度","","5,101,414","204,573","13,015,383","2,237,733"
"107","","建設業","26","","全規模","20220","","2022年度","","5,380,049","183,776","13,806,532","2,462,565"
"107","","建設業","26","","全規模","20230","","2023年度","","5,340,194","223,134","13,477,340","2,550,468"
"107","","建設業","26","","全規模","20240","","2024年度","","5,455,218","241,763","14,722,340","2,795,581"
"107","","建設業","25","","10億円以上","20150","","2015年度","","43,981","7,073","2,040,274","629,516"
"107","","建設業","25","","10億円以上","20160","","2016年度","","47,275","7,917","2,072,931","652,740"
"107","","建設業","25","","10億円以上","20170","","2017年度","","49,246","6,828","2,164,826","738,999"
"107","","建設業","25","","10億円以上","20180","","2018年度","","48,953","8,933","2,225,772","745,334"
"107","","建設業","25","","10億円以上","20190","","2019年度","","48,896","8,548","2,241,969","760,206"
"107","","建設業","25","","10億円以上","20200","","2020年度","","47,331","7,747","2,172,845","729,808"
"107","","建設業","25","","10億円以上","20210","","2021年度","","47,962","8,039","2,353,260","761,036"
"107","","建設業","25","","10億円以上","20220","","2022年度","","46,761","8,475","2,364,900","762,214"
"107","","建設業","25","","10億円以上","20230","","2023年度","","45,162","8,214","2,436,273","833,001"
"107","","建設業","25","","10億円以上","20240","","2024年度","","48,928","11,056","2,549,246","922,519"
"107","","建設業","24","","1億円以上 - 10億円未満","20150","","2015年度","","78,116","7,874","1,394,569","315,347"
"107","","建設業","24","","1億円以上 - 10億円未満","20160","","2016年度","","80,408","9,474","1,139,289","299,076"
"107","","建設業","24","","1億円以上 - 10億円未満","20170","","2017年度","","77,562","10,578","1,136,411","321,309"
"107","","建設業","24","","1億円以上 - 10億円未満","20180","","2018年度","","80,204","11,902","1,374,040","345,938"
"107","","建設業","24","","1億円以上 - 10億円未満","20190","","2019年度","","79,760","11,063","1,117,441","303,075"
"107","","建設業","24","","1億円以上 - 10億円未満","20200","","2020年度","","83,726","11,837","1,176,129","337,837"
"107","","建設業","24","","1億円以上 - 10億円未満","20210","","2021年度","","89,009","10,701","1,217,312","339,803"
"107","","建設業","24","","1億円以上 - 10億円未満","20220","","2022年度","","88,078","12,201","1,194,842","340,055"
"107","","建設業","24","","1億円以上 - 10億円未満","20230","","2023年度","","91,133","13,787","1,341,240","399,854"
"107","","建設業","24","","1億円以上 - 10億円未満","20240","","2024年度","","89,894","14,739","1,635,704","500,910"
"107","","建設業","21","","5千万円以上 - 1億円未満","20150","","2015年度","","191,704","9,854","982,070","151,811"
"107","","建設業","21","","5千万円以上 - 1億円未満","20160","","2016年度","","210,429","21,829","1,237,166","270,545"
"107","","建設業","21","","5千万円以上 - 1億円未満","20170","","2017年度","","219,208","17,743","1,172,230","258,086"
"107","","建設業","21","","5千万円以上 - 1億円未満","20180","","2018年度","","200,876","16,097","1,137,488","269,597"
"107","","建設業","21","","5千万円以上 - 1億円未満","20190","","2019年度","","206,720","17,205","1,080,564","251,518"
"107","","建設業","21","","5千万円以上 - 1億円未満","20200","","2020年度","","197,187","15,834","1,097,281","197,790"
"107","","建設業","21","","5千万円以上 - 1億円未満","20210","","2021年度","","254,412","27,996","1,357,988","247,178"
"107","","建設業","21","","5千万円以上 - 1億円未満","20220","","2022年度","","266,256","38,733","1,540,138","404,601"
"107","","建設業","21","","5千万円以上 - 1億円未満","20230","","2023年度","","295,083","45,141","1,638,751","341,022"
"107","","建設業","21","","5千万円以上 - 1億円未満","20240","","2024年度","","271,366","35,682","1,864,197","373,393"
"107","","建設業","19","","1千万円以上 - 1億円未満","20150","","2015年度","","2,002,583","64,452","5,582,645","624,760"
"107","","建設業","19","","1千万円以上 - 1億円未満","20160","","2016年度","","2,179,445","82,398","6,059,704","911,963"
"107","","建設業","19","","1千万円以上 - 1億円未満","20170","","2017年度","","2,289,021","91,707","6,992,618","1,129,001"
"107","","建設業","19","","1千万円以上 - 1億円未満","20180","","2018年度","","2,246,851","84,240","6,390,550","1,073,672"
"107","","建設業","19","","1千万円以上 - 1億円未満","20190","","2019年度","","2,240,108","101,039","5,698,371","899,797"
"107","","建設業","19","","1千万円以上 - 1億円未満","20200","","2020年度","","2,149,922","104,754","5,373,336","816,351"
"107","","建設業","19","","1千万円以上 - 1億円未満","20210","","2021年度","","2,286,157","111,756","5,787,771","864,005"
"107","","建設業","19","","1千万円以上 - 1億円未満","20220","","2022年度","","2,313,674","137,239","6,192,463","1,055,618"
"107","","建設業","19","","1千万円以上 - 1億円未満","20230","","2023年度","","2,392,754","142,778","6,397,566","1,062,120"
"107","","建設業","19","","1千万円以上 - 1億円未満","20240","","2024年度","","2,346,854","149,911","6,484,310","1,083,676"
"107","","建設業","18","","1千万円以上 - 5千万円未満","20150","","2015年度","","1,810,879","54,598","4,600,575","472,949"
"107","","建設業","18","","1千万円以上 - 5千万円未満","20160","","2016年度","","1,969,016","60,569","4,822,538","641,418"
"107","","建設業","18","","1千万円以上 - 5千万円未満","20170","","2017年度","","2,069,813","73,964","5,820,388","870,915"
"107","","建設業","18","","1千万円以上 - 5千万円未満","20180","","2018年度","","2,045,975","68,143","5,253,062","804,075"
"107","","建設業","18","","1千万円以上 - 5千万円未満","20190","","2019年度","","2,033,388","83,834","4,617,807","648,279"
"107","","建設業","18","","1千万円以上 - 5千万円未満","20200","","2020年度","","1,952,735","88,920","4,276,055","618,561"
"107","","建設業","18","","1千万円以上 - 5千万円未満","20210","","2021年度","","2,031,745","83,760","4,429,783","616,827"
"107","","建設業","18","","1千万円以上 - 5千万円未満","20220","","2022年度","","2,047,418","98,506","4,652,325","651,017"
"107","","建設業","18","","1千万円以上 - 5千万円未満","20230","","2023年度","","2,097,671","97,637","4,758,815","721,098"
"107","","建設業","18","","1千万円以上 - 5千万円未満","20240","","2024年度","","2,075,488","114,229","4,620,113","710,283"
"107","","建設業","16","","1千万円未満","20150","","2015年度","","1,933,104","30,077","2,493,577","116,019"
"107","","建設業","16","","1千万円未満","20160","","2016年度","","1,914,515","17,841","2,211,599","105,859"
"107","","建設業","16","","1千万円未満","20170","","2017年度","","2,431,533","18,977","2,598,207","197,156"
"107","","建設業","16","","1千万円未満","20180","","2018年度","","2,755,926","23,712","3,302,213","347,680"
"107","","建設業","16","","1千万円未満","20190","","2019年度","","2,849,047","38,000","3,657,274","327,562"
"107","","建設業","16","","1千万円未満","20200","","2020年度","","2,564,457","31,038","3,430,160","244,924"
"107","","建設業","16","","1千万円未満","20210","","2021年度","","2,678,286","74,077","3,657,040","272,889"
"107","","建設業","16","","1千万円未満","20220","","2022年度","","2,931,536","25,861","4,054,327","304,678"
"107","","建設業","16","","1千万円未満","20230","","2023年度","","2,811,145","58,355","3,302,261","255,493"
"107","","建設業","16","","1千万円未満","20240","","2024年度","","2,969,542","66,057","4,053,080","288,476"
"107","","建設業","23","","1億円以上","20150","","2015年度","","122,097","14,947","3,434,843","944,863"
"107","","建設業","23","","1億円以上","20160","","2016年度","","127,683","17,391","3,212,220","951,816"
"107","","建設業","23","","1億円以上","20170","","2017年度","","126,808","17,406","3,301,237","1,060,308"
"107","","建設業","23","","1億円以上","20180","","2018年度","","129,157","20,835","3,599,812","1,091,272"
"107","","建設業","23","","1億円以上","20190","","2019年度","","128,656","19,611","3,359,410","1,063,281"
"107","","建設業","23","","1億円以上","20200","","2020年度","","131,057","19,584","3,348,974","1,067,645"
"107","","建設業","23","","1億円以上","20210","","2021年度","","136,971","18,740","3,570,572","1,100,839"
"107","","建設業","23","","1億円以上","20220","","2022年度","","134,839","20,676","3,559,742","1,102,269"
"107","","建設業","23","","1億円以上","20230","","2023年度","","136,295","22,001","3,777,513","1,232,855"
"107","","建設業","23","","1億円以上","20240","","2024年度","","138,822","25,795","4,184,950","1,423,429"
"107","","建設業","22","","1億円未満","20150","","2015年度","","3,935,687","94,529","8,076,222","740,779"
"107","","建設業","22","","1億円未満","20160","","2016年度","","4,093,960","100,239","8,271,303","1,017,822"
"107","","建設業","22","","1億円未満","20170","","2017年度","","4,720,554","110,684","9,590,825","1,326,157"
"107","","建設業","22","","1億円未満","20180","","2018年度","","5,002,777","107,952","9,692,763","1,421,352"
"107","","建設業","22","","1億円未満","20190","","2019年度","","5,089,155","139,039","9,355,645","1,227,359"
"107","","建設業","22","","1億円未満","20200","","2020年度","","4,714,379","135,792","8,803,496","1,061,275"
"107","","建設業","22","","1億円未満","20210","","2021年度","","4,964,443","185,833","9,444,811","1,136,894"
"107","","建設業","22","","1億円未満","20220","","2022年度","","5,245,210","163,100","10,246,790","1,360,296"
"107","","建設業","22","","1億円未満","20230","","2023年度","","5,203,899","201,133","9,699,827","1,317,613"
"107","","建設業","22","","1億円未満","20240","","2024年度","","5,316,396","215,968","10,537,390","1,372,152"
"107","","建設業","20","","2千万円以上 - 5千万円未満","20150","","2015年度","","788,351","36,213","2,445,135","318,687"
"107","","建設業","20","","2千万円以上 - 5千万円未満","20160","","2016年度","","909,233","47,986","2,769,110","423,974"
"107","","建設業","20","","2千万円以上 - 5千万円未満","20170","","2017年度","","934,595","57,085","3,182,796","576,163"
"107","","建設業","20","","2千万円以上 - 5千万円未満","20180","","2018年度","","931,272","45,871","3,031,273","539,146"
"107","","建設業","20","","2千万円以上 - 5千万円未満","20190","","2019年度","","922,489","65,703","2,644,719","412,511"
"107","","建設業","20","","2千万円以上 - 5千万円未満","20200","","2020年度","","926,462","60,661","2,343,302","410,256"
"107","","建設業","20","","2千万円以上 - 5千万円未満","20210","","2021年度","","967,779","52,549","2,434,553","388,071"
"107","","建設業","20","","2千万円以上 - 5千万円未満","20220","","2022年度","","974,379","61,495","2,553,581","425,872"
"107","","建設業","20","","2千万円以上 - 5千万円未満","20230","","2023年度","","1,050,680","65,293","2,483,938","435,239"
"107","","建設業","20","","2千万円以上 - 5千万円未満","20240","","2024年度","","1,090,992","78,302","2,670,903","462,190"
"107","","建設業","17","","1千万円以上 - 2千万円未満","20150","","2015年度","","1,022,528","18,385","2,155,440","154,262"
"107","","建設業","17","","1千万円以上 - 2千万円未満","20160","","2016年度","","1,059,783","12,583","2,053,428","217,444"
"107","","建設業","17","","1千万円以上 - 2千万円未満","20170","","2017年度","","1,135,218","16,879","2,637,592","294,752"
"107","","建設業","17","","1千万円以上 - 2千万円未満","20180","","2018年度","","1,114,703","22,272","2,221,789","264,929"
"107","","建設業","17","","1千万円以上 - 2千万円未満","20190","","2019年度","","1,110,899","18,131","1,973,088","235,768"
"107","","建設業","17","","1千万円以上 - 2千万円未満","20200","","2020年度","","1,026,273","28,259","1,932,753","208,305"
"107","","建設業","17","","1千万円以上 - 2千万円未満","20210","","2021年度","","1,063,966","31,211","1,995,230","228,756"
"107","","建設業","17","","1千万円以上 - 2千万円未満","20220","","2022年度","","1,073,039","37,011","2,098,744","225,145"
"107","","建設業","17","","1千万円以上 - 2千万円未満","20230","","2023年度","","1,046,991","32,344","2,274,877","285,859"
"107","","建設業","17","","1千万円以上 - 2千万円未満","20240","","2024年度","","984,496","35,927","1,949,210","248,093"
"142","","情報通信業","26","","全規模","20150","","2015年度","","1,098,703","38,043","8,561,684","1,823,007"
"142","","情報通信業","26","","全規模","20160","","2016年度","","1,216,134","25,666","8,728,742","1,775,275"
"142","","情報通信業","26","","全規模","20170","","2017年度","","1,114,462","40,859","7,861,366","1,824,982"
"142","","情報通信業","26","","全規模","20180","","2018年度","","1,190,090","47,187","8,791,738","1,949,021"
"142","","情報通信業","26","","全規模","20190","","2019年度","","1,111,530","36,779","9,688,446","2,186,904"
"142","","情報通信業","26","","全規模","20200","","2020年度","","1,121,981","38,537","9,818,878","2,091,408"
"142","","情報通信業","26","","全規模","20210","","2021年度","","1,088,187","49,907","10,348,866","2,270,988"
"142","","情報通信業","26","","全規模","20220","","2022年度","","1,139,957","44,328","10,307,078","2,101,472"
"142","","情報通信業","26","","全規模","20230","","2023年度","","1,119,850","46,850","10,002,848","2,103,956"
"142","","情報通信業","26","","全規模","20240","","2024年度","","1,314,552","54,834","10,393,343","2,254,142"
"142","","情報通信業","25","","10億円以上","20150","","2015年度","","53,186","6,372","2,233,842","580,782"
"142","","情報通信業","25","","10億円以上","20160","","2016年度","","51,567","7,067","2,328,593","601,172"
"142","","情報通信業","25","","10億円以上","20170","","2017年度","","54,825","7,419","2,406,553","650,132"
"142","","情報通信業","25","","10億円以上","20180","","2018年度","","57,985","8,511","2,546,950","718,522"
"142","","情報通信業","25","","10億円以上","20190","","2019年度","","65,333","8,324","2,814,990","804,303"
"142","","情報通信業","25","","10億円以上","20200","","2020年度","","65,585","7,695","2,708,454","734,039"
"142","","情報通信業","25","","10億円以上","20210","","2021年度","","59,851","6,547","2,764,589","749,843"
"142","","情報通信業","25","","10億円以上","20220","","2022年度","","60,876","9,914","2,799,780","802,112"
"142","","情報通信業","25","","10億円以上","20230","","2023年度","","66,069","12,573","2,807,718","834,111"
"142","","情報通信業","25","","10億円以上","20240","","2024年度","","65,236","11,920","3,031,089","876,525"
"142","","情報通信業","24","","1億円以上 - 10億円未満","20150","","2015年度","","123,461","9,146","2,687,395","651,519"
"142","","情報通信業","24","","1億円以上 - 10億円未満","20160","","2016年度","","131,245","11,225","2,702,425","688,449"
"142","","情報通信業","24","","1億円以上 - 10億円未満","20170","","2017年度","","134,556","13,511","2,749,702","700,505"
"142","","情報通信業","24","","1億円以上 - 10億円未満","20180","","2018年度","","136,683","12,380","2,837,517","678,976"
"142","","情報通信業","24","","1億円以上 - 10億円未満","20190","","2019年度","","149,459","12,960","3,419,930","827,679"
"142","","情報通信業","24","","1億円以上 - 10億円未満","20200","","2020年度","","159,064","12,964","3,553,321","862,600"
"142","","情報通信業","24","","1億円以上 - 10億円未満","20210","","2021年度","","170,208","14,079","3,700,215","999,235"
"142","","情報通信業","24","","1億円以上 - 10億円未満","20220","","2022年度","","170,003","17,035","3,430,821","800,628"
"142","","情報通信業","24","","1億円以上 - 10億円未満","20230","","2023年度","","165,543","14,553","3,217,518","811,974"
"142","","情報通信業","24","","1億円以上 - 10億円未満","20240","","2024年度","","164,945","12,041","3,256,425","804,814"
"142","","情報通信業","21","","5千万円以上 - 1億円未満","20150","","2015年度","","98,859","11,563","895,305","178,778"
"142","","情報通信業","21","","5千万円以上 - 1億円未満","20160","","2016年度","","98,027","1,514","914,013","143,437"
"142","","情報通信業","21","","5千万円以上 - 1億円未満","20170","","2017年度","","95,155","1,917","931,777","160,019"
"142","","情報通信業","21","","5千万円以上 - 1億円未満","20180","","2018年度","","114,222","2,534","982,760","145,203"
"142","","情報通信業","21","","5千万円以上 - 1億円未満","20190","","2019年度","","138,854","2,586","1,264,773","183,979"
"142","","情報通信業","21","","5千万円以上 - 1億円未満","20200","","2020年度","","112,112","5,485","1,011,478","182,055"
"142","","情報通信業","21","","5千万円以上 - 1億円未満","20210","","2021年度","","108,277","9,451","1,041,598","203,160"
"142","","情報通信業","21","","5千万円以上 - 1億円未満","20220","","2022年度","","114,636","3,145","1,145,173","180,181"
"142","","情報通信業","21","","5千万円以上 - 1億円未満","20230","","2023年度","","139,944","3,479","1,285,386","168,289"
"142","","情報通信業","21","","5千万円以上 - 1億円未満","20240","","2024年度","","142,118","2,519","1,151,065","148,527"
"142","","情報通信業","19","","1千万円以上 - 1億円未満","20150","","2015年度","","558,991","22,525","3,245,833","566,805"
"142","","情報通信業","19","","1千万円以上 - 1億円未満","20160","","2016年度","","583,923","7,374","3,086,913","460,937"
"142","","情報通信業","19","","1千万円以上 - 1億円未満","20170","","2017年度","","449,993","10,078","2,428,542","420,384"
"142","","情報通信業","19","","1千万円以上 - 1億円未満","20180","","2018年度","","583,871","22,000","3,054,207","490,004"
"142","","情報通信業","19","","1千万円以上 - 1億円未満","20190","","2019年度","","576,850","9,797","3,155,396","525,541"
"142","","情報通信業","19","","1千万円以上 - 1億円未満","20200","","2020年度","","543,666","12,430","2,986,121","432,091"
"142","","情報通信業","19","","1千万円以上 - 1億円未満","20210","","2021年度","","538,720","27,830","3,277,083","481,744"
"142","","情報通信業","19","","1千万円以上 - 1億円未満","20220","","2022年度","","609,257","17,379","3,641,122","467,404"
"142","","情報通信業","19","","1千万円以上 - 1億円未満","20230","","2023年度","","590,784","19,724","3,654,596","434,262"
"142","","情報通信業","19","","1千万円以上 - 1億円未満","20240","","2024年度","","620,104","26,229","3,724,086","538,107"
"142","","情報通信業","18","","1千万円以上 - 5千万円未満","20150","","2015年度","","460,132","10,962","2,350,528","388,027"
"142","","情報通信業","18","","1千万円以上 - 5千万円未満","20160","","2016年度","","485,896","5,860","2,172,900","317,500"
"142","","情報通信業","18","","1千万円以上 - 5千万円未満","20170","","2017年度","","354,838","8,161","1,496,765","260,365"
"142","","情報通信業","18","","1千万円以上 - 5千万円未満","20180","","2018年度","","469,649","19,466","2,071,447","344,801"
"142","","情報通信業","18","","1千万円以上 - 5千万円未満","20190","","2019年度","","437,996","7,211","1,890,623","341,562"
"142","","情報通信業","18","","1千万円以上 - 5千万円未満","20200","","2020年度","","431,554","6,945","1,974,643","250,036"
"142","","情報通信業","18","","1千万円以上 - 5千万円未満","20210","","2021年度","","430,443","18,379","2,235,485","278,584"
"142","","情報通信業","18","","1千万円以上 - 5千万円未満","20220","","2022年度","","494,621","14,234","2,495,949","287,223"
"142","","情報通信業","18","","1千万円以上 - 5千万円未満","20230","","2023年度","","450,840","16,245","2,369,210","265,973"
"142","","情報通信業","18","","1千万円以上 - 5千万円未満","20240","","2024年度","","477,986","23,710","2,573,021","389,580"
"142","","情報通信業","16","","1千万円未満","20150","","2015年度","","363,065","0","394,614","23,901"
"142","","情報通信業","16","","1千万円未満","20160","","2016年度","","449,399","0","610,811","24,717"
"142","","情報通信業","16","","1千万円未満","20170","","2017年度","","475,088","9,851","276,569","53,961"
"142","","情報通信業","16","","1千万円未満","20180","","2018年度","","411,551","4,296","353,064","61,519"
"142","","情報通信業","16","","1千万円未満","20190","","2019年度","","319,888","5,698","298,130","29,381"
"142","","情報通信業","16","","1千万円未満","20200","","2020年度","","353,666","5,448","570,982","62,678"
"142","","情報通信業","16","","1千万円未満","20210","","2021年度","","319,408","1,451","606,979","40,166"
"142","","情報通信業","16","","1千万円未満","20220","","2022年度","","299,821","0","435,355","31,328"
"142","","情報通信業","16","","1千万円未満","20230","","2023年度","","297,454","0","323,016","23,609"
"142","","情報通信業","16","","1千万円未満","20240","","2024年度","","464,267","4,644","381,743","34,696"
"142","","情報通信業","23","","1億円以上","20150","","2015年度","","176,647","15,518","4,921,237","1,232,301"
"142","","情報通信業","23","","1億円以上","20160","","2016年度","","182,812","18,292","5,031,018","1,289,621"
"142","","情報通信業","23","","1億円以上","20170","","2017年度","","189,381","20,930","5,156,255","1,350,637"
"142","","情報通信業","23","","1億円以上","20180","","2018年度","","194,668","20,891","5,384,467","1,397,498"
"142","","情報通信業","23","","1億円以上","20190","","2019年度","","214,792","21,284","6,234,920","1,631,982"
"142","","情報通信業","23","","1億円以上","20200","","2020年度","","224,649","20,659","6,261,775","1,596,639"
"142","","情報通信業","23","","1億円以上","20210","","2021年度","","230,059","20,626","6,464,804","1,749,078"
"142","","情報通信業","23","","1億円以上","20220","","2022年度","","230,879","26,949","6,230,601","1,602,740"
"142","","情報通信業","23","","1億円以上","20230","","2023年度","","231,612","27,126","6,025,236","1,646,085"
"142","","情報通信業","23","","1億円以上","20240","","2024年度","","230,181","23,961","6,287,514","1,681,339"
"142","","情報通信業","22","","1億円未満","20150","","2015年度","","922,056","22,525","3,640,447","590,706"
"142","","情報通信業","22","","1億円未満","20160","","2016年度","","1,033,322","7,374","3,697,724","485,654"
"142","","情報通信業","22","","1億円未満","20170","","2017年度","","925,081","19,929","2,705,111","474,345"
"142","","情報通信業","22","","1億円未満","20180","","2018年度","","995,422","26,296","3,407,271","551,523"
"142","","情報通信業","22","","1億円未満","20190","","2019年度","","896,738","15,495","3,453,526","554,922"
"142","","情報通信業","22","","1億円未満","20200","","2020年度","","897,332","17,878","3,557,103","494,769"
"142","","情報通信業","22","","1億円未満","20210","","2021年度","","858,128","29,281","3,884,062","521,910"
"142","","情報通信業","22","","1億円未満","20220","","2022年度","","909,078","17,379","4,076,477","498,732"
"142","","情報通信業","22","","1億円未満","20230","","2023年度","","888,238","19,724","3,977,612","457,871"
"142","","情報通信業","22","","1億円未満","20240","","2024年度","","1,084,371","30,873","4,105,829","572,803"
"142","","情報通信業","20","","2千万円以上 - 5千万円未満","20150","","2015年度","","105,174","1,554","709,665","91,153"
"142","","情報通信業","20","","2千万円以上 - 5千万円未満","20160","","2016年度","","144,380","5,505","1,037,596","132,307"
"142","","情報通信業","20","","2千万円以上 - 5千万円未満","20170","","2017年度","","160,155","6,987","912,333","186,240"
"142","","情報通信業","20","","2千万円以上 - 5千万円未満","20180","","2018年度","","166,455","11,967","972,131","209,901"
"142","","情報通信業","20","","2千万円以上 - 5千万円未満","20190","","2019年度","","147,068","2,848","965,913","205,316"
"142","","情報通信業","20","","2千万円以上 - 5千万円未満","20200","","2020年度","","173,622","3,511","1,013,016","144,781"
"142","","情報通信業","20","","2千万円以上 - 5千万円未満","20210","","2021年度","","181,819","2,607","1,326,032","168,613"
"142","","情報通信業","20","","2千万円以上 - 5千万円未満","20220","","2022年度","","164,159","7,729","1,353,634","161,288"
"142","","情報通信業","20","","2千万円以上 - 5千万円未満","20230","","2023年度","","145,158","8,458","988,643","161,511"
"142","","情報通信業","20","","2千万円以上 - 5千万円未満","20240","","2024年度","","181,430","5,709","1,122,146","207,962"
"142","","情報通信業","17","","1千万円以上 - 2千万円未満","20150","","2015年度","","354,958","9,408","1,640,863","296,874"
"142","","情報通信業","17","","1千万円以上 - 2千万円未満","20160","","2016年度","","341,516","355","1,135,304","185,193"
"142","","情報通信業","17","","1千万円以上 - 2千万円未満","20170","","2017年度","","194,683","1,174","584,432","74,125"
"142","","情報通信業","17","","1千万円以上 - 2千万円未満","20180","","2018年度","","303,194","7,499","1,099,316","134,900"
"142","","情報通信業","17","","1千万円以上 - 2千万円未満","20190","","2019年度","","290,928","4,363","924,710","136,246"
"142","","情報通信業","17","","1千万円以上 - 2千万円未満","20200","","2020年度","","257,932","3,434","961,627","105,255"
"142","","情報通信業","17","","1千万円以上 - 2千万円未満","20210","","2021年度","","248,624","15,772","909,453","109,971"
"142","","情報通信業","17","","1千万円以上 - 2千万円未満","20220","","2022年度","","330,462","6,505","1,142,315","125,935"
"142","","情報通信業","17","","1千万円以上 - 2千万円未満","20230","","2023年度","","305,682","7,787","1,380,567","104,462"
"142","","情報通信業","17","","1千万円以上 - 2千万円未満","20240","","2024年度","","296,556","18,001","1,450,875","181,618"
"127","","卸売業","26","","全規模","20150","","2015年度","","2,977,488","112,926","12,264,917","2,383,678"
"127","","卸売業","26","","全規模","20160","","2016年度","","2,968,284","104,423","12,474,311","2,306,246"
"127","","卸売業","26","","全規模","20170","","2017年度","","3,165,540","114,034","12,812,933","2,606,995"
"127","","卸売業","26","","全規模","20180","","2018年度","","2,749,595","118,009","11,313,979","2,541,096"
"127","","卸売業","26","","全規模","20190","","2019年度","","2,787,625","110,330","10,412,074","2,261,238"
"127","","卸売業","26","","全規模","20200","","2020年度","","2,914,027","105,480","10,642,270","2,119,533"
"127","","卸売業","26","","全規模","20210","","2021年度","","3,156,426","170,287","11,523,460","2,528,958"
"127","","卸売業","26","","全規模","20220","","2022年度","","3,041,597","229,822","12,232,030","2,889,198"
"127","","卸売業","26","","全規模","20230","","2023年度","","3,175,489","226,540","12,203,407","3,002,372"
"127","","卸売業","26","","全規模","20240","","2024年度","","3,024,647","209,161","12,156,502","2,867,545"
"127","","卸売業","25","","10億円以上","20150","","2015年度","","76,617","11,094","1,821,334","568,418"
"127","","卸売業","25","","10億円以上","20160","","2016年度","","73,376","9,952","1,891,628","601,878"
"127","","卸売業","25","","10億円以上","20170","","2017年度","","72,972","11,909","1,844,463","631,706"
"127","","卸売業","25","","10億円以上","20180","","2018年度","","76,360","14,015","1,857,547","670,756"
"127","","卸売業","25","","10億円以上","20190","","2019年度","","74,590","11,796","1,670,409","574,090"
"127","","卸売業","25","","10億円以上","20200","","2020年度","","71,420","9,720","1,650,439","568,049"
"127","","卸売業","25","","10億円以上","20210","","2021年度","","74,618","13,565","1,828,578","641,987"
"127","","卸売業","25","","10億円以上","20220","","2022年度","","74,023","16,060","1,850,919","679,996"
"127","","卸売業","25","","10億円以上","20230","","2023年度","","74,438","20,021","1,830,110","696,554"
"127","","卸売業","25","","10億円以上","20240","","2024年度","","71,241","20,004","1,746,066","724,527"
"127","","卸売業","24","","1億円以上 - 10億円未満","20150","","2015年度","","166,327","20,597","2,486,223","607,257"
"127","","卸売業","24","","1億円以上 - 10億円未満","20160","","2016年度","","164,152","17,547","2,563,130","609,352"
"127","","卸売業","24","","1億円以上 - 10億円未満","20170","","2017年度","","168,774","19,799","2,596,737","614,538"
"127","","卸売業","24","","1億円以上 - 10億円未満","20180","","2018年度","","160,663","21,997","2,622,638","690,050"
"127","","卸売業","24","","1億円以上 - 10億円未満","20190","","2019年度","","164,564","21,609","2,280,698","566,316"
"127","","卸売業","24","","1億円以上 - 10億円未満","20200","","2020年度","","159,176","17,926","2,202,463","554,175"
"127","","卸売業","24","","1億円以上 - 10億円未満","20210","","2021年度","","163,756","21,280","2,384,177","640,369"
"127","","卸売業","24","","1億円以上 - 10億円未満","20220","","2022年度","","156,596","28,983","2,428,140","628,597"
"127","","卸売業","24","","1億円以上 - 10億円未満","20230","","2023年度","","168,968","27,463","2,581,731","699,777"
"127","","卸売業","24","","1億円以上 - 10億円未満","20240","","2024年度","","179,851","26,308","2,708,084","735,589"
"127","","卸売業","21","","5千万円以上 - 1億円未満","20150","","2015年度","","281,540","29,891","2,317,578","451,916"
"127","","卸売業","21","","5千万円以上 - 1億円未満","20160","","2016年度","","251,147","19,090","2,473,715","389,523"
"127","","卸売業","21","","5千万円以上 - 1億円未満","20170","","2017年度","","251,664","17,025","1,909,923","330,469"
"127","","卸売業","21","","5千万円以上 - 1億円未満","20180","","2018年度","","285,168","21,965","1,792,036","412,206"
"127","","卸売業","21","","5千万円以上 - 1億円未満","20190","","2019年度","","294,906","21,026","1,739,896","382,148"
"127","","卸売業","21","","5千万円以上 - 1億円未満","20200","","2020年度","","282,004","18,754","2,059,504","350,417"
"127","","卸売業","21","","5千万円以上 - 1億円未満","20210","","2021年度","","291,179","26,630","1,980,301","405,519"
"127","","卸売業","21","","5千万円以上 - 1億円未満","20220","","2022年度","","297,313","62,813","2,296,576","551,145"
"127","","卸売業","21","","5千万円以上 - 1億円未満","20230","","2023年度","","318,338","48,526","1,932,490","491,791"
"127","","卸売業","21","","5千万円以上 - 1億円未満","20240","","2024年度","","247,846","21,321","1,945,715","417,363"
"127","","卸売業","19","","1千万円以上 - 1億円未満","20150","","2015年度","","2,038,882","76,997","7,150,774","1,127,476"
"127","","卸売業","19","","1千万円以上 - 1億円未満","20160","","2016年度","","2,008,114","73,573","7,059,028","1,010,934"
"127","","卸売業","19","","1千万円以上 - 1億円未満","20170","","2017年度","","2,177,017","78,349","7,222,180","1,265,670"
"127","","卸売業","19","","1千万円以上 - 1億円未満","20180","","2018年度","","1,948,447","71,946","6,211,467","1,132,303"
"127","","卸売業","19","","1千万円以上 - 1億円未満","20190","","2019年度","","1,837,886","64,070","5,634,291","1,019,037"
"127","","卸売業","19","","1千万円以上 - 1億円未満","20200","","2020年度","","1,897,727","69,556","5,959,027","942,961"
"127","","卸売業","19","","1千万円以上 - 1億円未満","20210","","2021年度","","2,027,952","131,002","6,624,105","1,211,172"
"127","","卸売業","19","","1千万円以上 - 1億円未満","20220","","2022年度","","2,086,818","153,406","7,204,764","1,519,366"
"127","","卸売業","19","","1千万円以上 - 1億円未満","20230","","2023年度","","2,204,636","140,967","6,752,809","1,380,600"
"127","","卸売業","19","","1千万円以上 - 1億円未満","20240","","2024年度","","1,933,652","125,423","6,591,395","1,212,717"
"127","","卸売業","18","","1千万円以上 - 5千万円未満","20150","","2015年度","","1,757,342","47,106","4,833,196","675,560"
"127","","卸売業","18","","1千万円以上 - 5千万円未満","20160","","2016年度","","1,756,967","54,483","4,585,313","621,411"
"127","","卸売業","18","","1千万円以上 - 5千万円未満","20170","","2017年度","","1,925,353","61,324","5,312,257","935,201"
"127","","卸売業","18","","1千万円以上 - 5千万円未満","20180","","2018年度","","1,663,279","49,981","4,419,431","720,097"
"127","","卸売業","18","","1千万円以上 - 5千万円未満","20190","","2019年度","","1,542,980","43,044","3,894,395","636,889"
"127","","卸売業","18","","1千万円以上 - 5千万円未満","20200","","2020年度","","1,615,723","50,802","3,899,523","592,544"
"127","","卸売業","18","","1千万円以上 - 5千万円未満","20210","","2021年度","","1,736,773","104,372","4,643,804","805,653"
"127","","卸売業","18","","1千万円以上 - 5千万円未満","20220","","2022年度","","1,789,505","90,593","4,908,188","968,221"
"127","","卸売業","18","","1千万円以上 - 5千万円未満","20230","","2023年度","","1,886,298","92,441","4,820,319","888,809"
"127","","卸売業","18","","1千万円以上 - 5千万円未満","20240","","2024年度","","1,685,806","104,102","4,645,680","795,354"
"127","","卸売業","16","","1千万円未満","20150","","2015年度","","695,662","4,238","806,586","80,527"
"127","","卸売業","16","","1千万円未満","20160","","2016年度","","722,642","3,351","960,525","84,082"
"127","","卸売業","16","","1千万円未満","20170","","2017年度","","746,777","3,977","1,149,553","95,081"
"127","","卸売業","16","","1千万円未満","20180","","2018年度","","564,125","10,051","622,327","47,987"
"127","","卸売業","16","","1千万円未満","20190","","2019年度","","710,585","12,855","826,676","101,795"
"127","","卸売業","16","","1千万円未満","20200","","2020年度","","785,704","8,278","830,341","54,348"
"127","","卸売業","16","","1千万円未満","20210","","2021年度","","890,100","4,440","686,600","35,430"
"127","","卸売業","16","","1千万円未満","20220","","2022年度","","724,160","31,373","748,207","61,239"
"127","","卸売業","16","","1千万円未満","20230","","2023年度","","727,447","38,089","1,038,757","225,441"
"127","","卸売業","16","","1千万円未満","20240","","2024年度","","839,903","37,426","1,110,957","194,712"
"127","","卸売業","23","","1億円以上","20150","","2015年度","","242,944","31,691","4,307,557","1,175,675"
"127","","卸売業","23","","1億円以上","20160","","2016年度","","237,528","27,499","4,454,758","1,211,230"
"127","","卸売業","23","","1億円以上","20170","","2017年度","","241,746","31,708","4,441,200","1,246,244"
"127","","卸売業","23","","1億円以上","20180","","2018年度","","237,023","36,012","4,480,185","1,360,806"
"127","","卸売業","23","","1億円以上","20190","","2019年度","","239,154","33,405","3,951,107","1,140,406"
"127","","卸売業","23","","1億円以上","20200","","2020年度","","230,596","27,646","3,852,902","1,122,224"
"127","","卸売業","23","","1億円以上","20210","","2021年度","","238,374","34,845","4,212,755","1,282,356"
"127","","卸売業","23","","1億円以上","20220","","2022年度","","230,619","45,043","4,279,059","1,308,593"
"127","","卸売業","23","","1億円以上","20230","","2023年度","","243,406","47,484","4,411,841","1,396,331"
"127","","卸売業","23","","1億円以上","20240","","2024年度","","251,092","46,312","4,454,150","1,460,116"
"127","","卸売業","22","","1億円未満","20150","","2015年度","","2,734,544","81,235","7,957,360","1,208,003"
"127","","卸売業","22","","1億円未満","20160","","2016年度","","2,730,756","76,924","8,019,553","1,095,016"
"127","","卸売業","22","","1億円未満","20170","","2017年度","","2,923,794","82,326","8,371,733","1,360,751"
"127","","卸売業","22","","1億円未満","20180","","2018年度","","2,512,572","81,997","6,833,794","1,180,290"
"127","","卸売業","22","","1億円未満","20190","","2019年度","","2,548,471","76,925","6,460,967","1,120,832"
"127","","卸売業","22","","1億円未満","20200","","2020年度","","2,683,431","77,834","6,789,368","997,309"
"127","","卸売業","22","","1億円未満","20210","","2021年度","","2,918,052","135,442","7,310,705","1,246,602"
"127","","卸売業","22","","1億円未満","20220","","2022年度","","2,810,978","184,779","7,952,971","1,580,605"
"127","","卸売業","22","","1億円未満","20230","","2023年度","","2,932,083","179,056","7,791,566","1,606,041"
"127","","卸売業","22","","1億円未満","20240","","2024年度","","2,773,555","162,849","7,702,352","1,407,429"
"127","","卸売業","20","","2千万円以上 - 5千万円未満","20150","","2015年度","","555,232","19,010","2,256,371","414,129"
"127","","卸売業","20","","2千万円以上 - 5千万円未満","20160","","2016年度","","597,889","17,545","1,871,860","307,511"
"127","","卸売業","20","","2千万円以上 - 5千万円未満","20170","","2017年度","","551,104","23,685","2,120,646","456,482"
"127","","卸売業","20","","2千万円以上 - 5千万円未満","20180","","2018年度","","553,998","34,391","1,930,028","369,942"
"127","","卸売業","20","","2千万円以上 - 5千万円未満","20190","","2019年度","","527,917","28,213","1,916,137","382,134"
"127","","卸売業","20","","2千万円以上 - 5千万円未満","20200","","2020年度","","539,167","29,403","1,875,369","318,667"
"127","","卸売業","20","","2千万円以上 - 5千万円未満","20210","","2021年度","","534,468","47,865","2,012,863","385,042"
"127","","卸売業","20","","2千万円以上 - 5千万円未満","20220","","2022年度","","583,220","54,206","2,039,305","445,117"
"127","","卸売業","20","","2千万円以上 - 5千万円未満","20230","","2023年度","","592,121","45,796","2,190,772","444,066"
"127","","卸売業","20","","2千万円以上 - 5千万円未満","20240","","2024年度","","532,640","56,722","2,202,573","400,735"
"127","","卸売業","17","","1千万円以上 - 2千万円未満","20150","","2015年度","","1,202,110","28,096","2,576,825","261,431"
"127","","卸売業","17","","1千万円以上 - 2千万円未満","20160","","2016年度","","1,159,078","36,938","2,713,453","313,900"
"127","","卸売業","17","","1千万円以上 - 2千万円未満","20170","","2017年度","","1,374,249","37,639","3,191,611","478,719"
"127","","卸売業","17","","1千万円以上 - 2千万円未満","20180","","2018年度","","1,109,281","15,590","2,489,403","350,155"
"127","","卸売業","17","","1千万円以上 - 2千万円未満","20190","","2019年度","","1,015,063","14,831","1,978,258","254,755"
"127","","卸売業","17","","1千万円以上 - 2千万円未満","20200","","2020年度","","1,076,556","21,399","2,024,154","273,877"
"127","","卸売業","17","","1千万円以上 - 2千万円未満","20210","","2021年度","","1,202,305","56,507","2,630,941","420,611"
"127","","卸売業","17","","1千万円以上 - 2千万円未満","20220","","2022年度","","1,206,285","36,387","2,868,883","523,104"
"127","","卸売業","17","","1千万円以上 - 2千万円未満","20230","","2023年度","","1,294,177","46,645","2,629,547","444,743"
"127","","卸売業","17","","1千万円以上 - 2千万円未満","20240","","2024年度","","1,153,166","47,380","2,443,107","394,619"
"128","","小売業","26","","全規模","20150","","2015年度","","2,751,661","49,488","14,648,677","1,743,651"
"128","","小売業","26","","全規模","20160","","2016年度","","2,955,801","61,810","13,083,059","1,511,070"
"128","","小売業","26","","全規模","20170","","2017年度","","2,441,312","73,870","14,637,307","1,769,274"
"128","","小売業","26","","全規模","20180","","2018年度","","2,686,357","56,098","14,340,952","1,802,521"
"128","","小売業","26","","全規模","20190","","2019年度","","2,723,729","60,032","14,599,307","1,796,785"
"128","","小売業","26","","全規模","20200","","2020年度","","2,619,898","50,264","13,670,156","1,726,482"
"128","","小売業","26","","全規模","20210","","2021年度","","2,289,514","68,383","15,360,490","1,880,973"
"128","","小売業","26","","全規模","20220","","2022年度","","2,568,469","92,339","16,128,626","1,932,582"
"128","","小売業","26","","全規模","20230","","2023年度","","2,750,037","98,143","16,523,662","2,171,788"
"128","","小売業","26","","全規模","20240","","2024年度","","2,839,055","83,792","16,542,931","2,173,548"
"128","","小売業","25","","10億円以上","20150","","2015年度","","36,936","2,923","2,975,526","373,713"
"128","","小売業","25","","10億円以上","20160","","2016年度","","35,870","3,344","3,035,612","382,494"
"128","","小売業","25","","10億円以上","20170","","2017年度","","36,877","4,003","3,157,278","404,608"
"128","","小売業","25","","10億円以上","20180","","2018年度","","35,331","3,319","2,794,541","370,977"
"128","","小売業","25","","10億円以上","20190","","2019年度","","33,939","3,754","2,830,070","406,731"
"128","","小売業","25","","10億円以上","20200","","2020年度","","29,788","3,662","2,583,286","373,310"
"128","","小売業","25","","10億円以上","20210","","2021年度","","30,616","3,185","2,838,660","376,757"
"128","","小売業","25","","10億円以上","20220","","2022年度","","27,879","2,926","2,597,297","344,559"
"128","","小売業","25","","10億円以上","20230","","2023年度","","26,199","3,106","2,553,523","361,651"
"128","","小売業","25","","10億円以上","20240","","2024年度","","25,552","3,140","2,847,694","393,223"
"128","","小売業","24","","1億円以上 - 10億円未満","20150","","2015年度","","76,885","13,959","2,383,145","361,519"
"128","","小売業","24","","1億円以上 - 10億円未満","20160","","2016年度","","80,018","6,211","2,271,324","367,644"
"128","","小売業","24","","1億円以上 - 10億円未満","20170","","2017年度","","81,500","5,275","2,673,462","395,912"
"128","","小売業","24","","1億円以上 - 10億円未満","20180","","2018年度","","78,599","8,052","2,764,133","389,628"
"128","","小売業","24","","1億円以上 - 10億円未満","20190","","2019年度","","73,187","7,631","2,790,135","428,603"
"128","","小売業","24","","1億円以上 - 10億円未満","20200","","2020年度","","66,671","7,724","2,646,007","432,273"
"128","","小売業","24","","1億円以上 - 10億円未満","20210","","2021年度","","64,688","5,358","2,920,119","437,008"
"128","","小売業","24","","1億円以上 - 10億円未満","20220","","2022年度","","62,269","6,020","3,011,051","437,503"
"128","","小売業","24","","1億円以上 - 10億円未満","20230","","2023年度","","69,059","7,383","3,865,435","587,868"
"128","","小売業","24","","1億円以上 - 10億円未満","20240","","2024年度","","77,584","8,193","3,006,508","506,951"
"128","","小売業","21","","5千万円以上 - 1億円未満","20150","","2015年度","","117,453","10,211","2,384,205","336,560"
"128","","小売業","21","","5千万円以上 - 1億円未満","20160","","2016年度","","107,305","7,128","1,560,921","235,834"
"128","","小売業","21","","5千万円以上 - 1億円未満","20170","","2017年度","","113,518","10,099","1,723,824","358,535"
"128","","小売業","21","","5千万円以上 - 1億円未満","20180","","2018年度","","127,039","12,191","2,201,239","419,764"
"128","","小売業","21","","5千万円以上 - 1億円未満","20190","","2019年度","","129,569","5,913","2,583,652","404,680"
"128","","小売業","21","","5千万円以上 - 1億円未満","20200","","2020年度","","127,318","7,211","2,696,081","369,109"
"128","","小売業","21","","5千万円以上 - 1億円未満","20210","","2021年度","","149,739","5,365","2,856,273","318,401"
"128","","小売業","21","","5千万円以上 - 1億円未満","20220","","2022年度","","134,988","6,699","2,991,756","308,696"
"128","","小売業","21","","5千万円以上 - 1億円未満","20230","","2023年度","","126,880","24,506","3,188,193","414,164"
"128","","小売業","21","","5千万円以上 - 1億円未満","20240","","2024年度","","138,774","13,383","3,800,591","497,797"
"128","","小売業","19","","1千万円以上 - 1億円未満","20150","","2015年度","","1,164,858","26,350","7,120,098","904,447"
"128","","小売業","19","","1千万円以上 - 1億円未満","20160","","2016年度","","1,136,094","50,481","6,001,906","647,756"
"128","","小売業","19","","1千万円以上 - 1億円未満","20170","","2017年度","","1,079,175","56,028","6,294,971","825,778"
"128","","小売業","19","","1千万円以上 - 1億円未満","20180","","2018年度","","1,104,417","37,968","6,586,192","908,407"
"128","","小売業","19","","1千万円以上 - 1億円未満","20190","","2019年度","","1,155,974","31,160","6,929,563","871,085"
"128","","小売業","19","","1千万円以上 - 1億円未満","20200","","2020年度","","1,170,937","20,441","6,563,116","824,494"
"128","","小売業","19","","1千万円以上 - 1億円未満","20210","","2021年度","","1,024,613","39,320","7,612,865","955,710"
"128","","小売業","19","","1千万円以上 - 1億円未満","20220","","2022年度","","1,171,961","55,954","7,580,828","973,615"
"128","","小売業","19","","1千万円以上 - 1億円未満","20230","","2023年度","","1,064,800","56,873","6,959,271","920,704"
"128","","小売業","19","","1千万円以上 - 1億円未満","20240","","2024年度","","972,632","35,004","7,299,416","989,916"
"128","","小売業","18","","1千万円以上 - 5千万円未満","20150","","2015年度","","1,047,405","16,139","4,735,893","567,887"
"128","","小売業","18","","1千万円以上 - 5千万円未満","20160","","2016年度","","1,028,789","43,353","4,440,985","411,922"
"128","","小売業","18","","1千万円以上 - 5千万円未満","20170","","2017年度","","965,657","45,929","4,571,147","467,243"
"128","","小売業","18","","1千万円以上 - 5千万円未満","20180","","2018年度","","977,378","25,777","4,384,953","488,643"
"128","","小売業","18","","1千万円以上 - 5千万円未満","20190","","2019年度","","1,026,405","25,247","4,345,911","466,405"
"128","","小売業","18","","1千万円以上 - 5千万円未満","20200","","2020年度","","1,043,619","13,230","3,867,035","455,385"
"128","","小売業","18","","1千万円以上 - 5千万円未満","20210","","2021年度","","874,874","33,955","4,756,592","637,309"
"128","","小売業","18","","1千万円以上 - 5千万円未満","20220","","2022年度","","1,036,973","49,255","4,589,072","664,919"
"128","","小売業","18","","1千万円以上 - 5千万円未満","20230","","2023年度","","937,920","32,367","3,771,078","506,540"
"128","","小売業","18","","1千万円以上 - 5千万円未満","20240","","2024年度","","833,858","21,621","3,498,825","492,119"
"128","","小売業","16","","1千万円未満","20150","","2015年度","","1,472,982","6,256","2,169,908","103,972"
"128","","小売業","16","","1千万円未満","20160","","2016年度","","1,703,819","1,774","1,774,217","113,176"
"128","","小売業","16","","1千万円未満","20170","","2017年度","","1,243,760","8,564","2,511,596","142,976"
"128","","小売業","16","","1千万円未満","20180","","2018年度","","1,468,010","6,759","2,196,086","133,509"
"128","","小売業","16","","1千万円未満","20190","","2019年度","","1,460,629","17,487","2,049,539","90,366"
"128","","小売業","16","","1千万円未満","20200","","2020年度","","1,352,502","18,437","1,877,747","96,405"
"128","","小売業","16","","1千万円未満","20210","","2021年度","","1,169,597","20,520","1,988,846","111,498"
"128","","小売業","16","","1千万円未満","20220","","2022年度","","1,306,360","27,439","2,939,450","176,905"
"128","","小売業","16","","1千万円未満","20230","","2023年度","","1,589,979","30,781","3,145,433","301,565"
"128","","小売業","16","","1千万円未満","20240","","2024年度","","1,763,287","37,455","3,389,313","283,458"
"128","","小売業","23","","1億円以上","20150","","2015年度","","113,821","16,882","5,358,671","735,232"
"128","","小売業","23","","1億円以上","20160","","2016年度","","115,888","9,555","5,306,936","750,138"
"128","","小売業","23","","1億円以上","20170","","2017年度","","118,377","9,278","5,830,740","800,520"
"128","","小売業","23","","1億円以上","20180","","2018年度","","113,930","11,371","5,558,674","760,605"
"128","","小売業","23","","1億円以上","20190","","2019年度","","107,126","11,385","5,620,205","835,334"
"128","","小売業","23","","1億円以上","20200","","2020年度","","96,459","11,386","5,229,293","805,583"
"128","","小売業","23","","1億円以上","20210","","2021年度","","95,304","8,543","5,758,779","813,765"
"128","","小売業","23","","1億円以上","20220","","2022年度","","90,148","8,946","5,608,348","782,062"
"128","","小売業","23","","1億円以上","20230","","2023年度","","95,258","10,489","6,418,958","949,519"
"128","","小売業","23","","1億円以上","20240","","2024年度","","103,136","11,333","5,854,202","900,174"
"128","","小売業","22","","1億円未満","20150","","2015年度","","2,637,840","32,606","9,290,006","1,008,419"
"128","","小売業","22","","1億円未満","20160","","2016年度","","2,839,913","52,255","7,776,123","760,932"
"128","","小売業","22","","1億円未満","20170","","2017年度","","2,322,935","64,592","8,806,567","968,754"
"128","","小売業","22","","1億円未満","20180","","2018年度","","2,572,427","44,727","8,782,278","1,041,916"
"128","","小売業","22","","1億円未満","20190","","2019年度","","2,616,603","48,647","8,979,102","961,451"
"128","","小売業","22","","1億円未満","20200","","2020年度","","2,523,439","38,878","8,440,863","920,899"
"128","","小売業","22","","1億円未満","20210","","2021年度","","2,194,210","59,840","9,601,711","1,067,208"
"128","","小売業","22","","1億円未満","20220","","2022年度","","2,478,321","83,393","10,520,278","1,150,520"
"128","","小売業","22","","1億円未満","20230","","2023年度","","2,654,779","87,654","10,104,704","1,222,269"
"128","","小売業","22","","1億円未満","20240","","2024年度","","2,735,919","72,459","10,688,729","1,273,374"
"128","","小売業","20","","2千万円以上 - 5千万円未満","20150","","2015年度","","227,131","8,953","1,514,628","228,310"
"128","","小売業","20","","2千万円以上 - 5千万円未満","20160","","2016年度","","244,666","3,171","1,338,282","171,129"
"128","","小売業","20","","2千万円以上 - 5千万円未満","20170","","2017年度","","206,542","3,224","1,560,727","156,240"
"128","","小売業","20","","2千万円以上 - 5千万円未満","20180","","2018年度","","301,600","7,821","2,140,386","269,904"
"128","","小売業","20","","2千万円以上 - 5千万円未満","20190","","2019年度","","296,338","7,360","2,223,789","253,409"
"128","","小売業","20","","2千万円以上 - 5千万円未満","20200","","2020年度","","255,498","6,475","1,851,513","247,809"
"128","","小売業","20","","2千万円以上 - 5千万円未満","20210","","2021年度","","267,469","9,333","2,370,646","353,179"
"128","","小売業","20","","2千万円以上 - 5千万円未満","20220","","2022年度","","314,466","10,401","2,316,819","379,058"
"128","","小売業","20","","2千万円以上 - 5千万円未満","20230","","2023年度","","308,171","13,187","2,065,317","333,278"
"128","","小売業","20","","2千万円以上 - 5千万円未満","20240","","2024年度","","225,614","18,737","1,611,460","300,960"
"128","","小売業","17","","1千万円以上 - 2千万円未満","20150","","2015年度","","820,274","7,186","3,221,265","339,577"
"128","","小売業","17","","1千万円以上 - 2千万円未満","20160","","2016年度","","784,123","40,182","3,102,703","240,793"
"128","","小売業","17","","1千万円以上 - 2千万円未満","20170","","2017年度","","759,115","42,705","3,010,420","311,003"
"128","","小売業","17","","1千万円以上 - 2千万円未満","20180","","2018年度","","675,778","17,956","2,244,567","218,739"
"128","","小売業","17","","1千万円以上 - 2千万円未満","20190","","2019年度","","730,067","17,887","2,122,122","212,996"
"128","","小売業","17","","1千万円以上 - 2千万円未満","20200","","2020年度","","788,121","6,755","2,015,522","207,576"
"128","","小売業","17","","1千万円以上 - 2千万円未満","20210","","2021年度","","607,405","24,622","2,385,946","284,130"
"128","","小売業","17","","1千万円以上 - 2千万円未満","20220","","2022年度","","722,507","38,854","2,272,253","285,861"
"128","","小売業","17","","1千万円以上 - 2千万円未満","20230","","2023年度","","629,749","19,180","1,705,761","173,262"
"128","","小売業","17","","1千万円以上 - 2千万円未満","20240","","2024年度","","608,244","2,884","1,887,365","191,159"
"139","","宿泊業","26","","全規模","20150","","2015年度","","129,863","1,093","1,188,563","89,856"
"139","","宿泊業","26","","全規模","20160","","2016年度","","124,937","1,168","1,290,770","103,875"
"139","","宿泊業","26","","全規模","20170","","2017年度","","173,838","1,156","1,483,086","144,330"
"139","","宿泊業","26","","全規模","20180","","2018年度","","161,092","1,281","1,769,690","150,056"
"139","","宿泊業","26","","全規模","20190","","2019年度","","131,695","2,178","1,497,423","126,719"
"139","","宿泊業","26","","全規模","20200","","2020年度","","114,494","467","1,315,843","77,399"
"139","","宿泊業","26","","全規模","20210","","2021年度","","119,201","164","1,242,306","67,999"
"139","","宿泊業","26","","全規模","20220","","2022年度","","108,226","1,254","1,268,800","97,724"
"139","","宿泊業","26","","全規模","20230","","2023年度","","112,128","2,256","1,480,337","150,811"
"139","","宿泊業","26","","全規模","20240","","2024年度","","134,320","3,274","1,936,108","226,754"
"139","","宿泊業","25","","10億円以上","20150","","2015年度","","3,894","400","160,607","23,960"
"139","","宿泊業","25","","10億円以上","20160","","2016年度","","4,005","370","162,377","21,624"
"139","","宿泊業","25","","10億円以上","20170","","2017年度","","4,111","444","159,190","25,031"
"139","","宿泊業","25","","10億円以上","20180","","2018年度","","3,977","391","135,222","20,346"
"139","","宿泊業","25","","10億円以上","20190","","2019年度","","4,031","436","133,644","20,643"
"139","","宿泊業","25","","10億円以上","20200","","2020年度","","4,067","340","145,459","16,640"
"139","","宿泊業","25","","10億円以上","20210","","2021年度","","3,395","1","110,189","11,872"
"139","","宿泊業","25","","10億円以上","20220","","2022年度","","1,696","1","61,787","5,419"
"139","","宿泊業","25","","10億円以上","20230","","2023年度","","1,694","213","56,493","10,017"
"139","","宿泊業","25","","10億円以上","20240","","2024年度","","1,806","512","65,888","10,723"
"139","","宿泊業","24","","1億円以上 - 10億円未満","20150","","2015年度","","8,753","529","199,911","19,977"
"139","","宿泊業","24","","1億円以上 - 10億円未満","20160","","2016年度","","6,617","225","214,876","28,708"
"139","","宿泊業","24","","1億円以上 - 10億円未満","20170","","2017年度","","9,122","308","338,553","51,851"
"139","","宿泊業","24","","1億円以上 - 10億円未満","20180","","2018年度","","7,531","238","288,353","39,844"
"139","","宿泊業","24","","1億円以上 - 10億円未満","20190","","2019年度","","8,074","295","283,602","37,564"
"139","","宿泊業","24","","1億円以上 - 10億円未満","20200","","2020年度","","6,930","6","183,722","13,417"
"139","","宿泊業","24","","1億円以上 - 10億円未満","20210","","2021年度","","6,543","21","223,020","14,082"
"139","","宿泊業","24","","1億円以上 - 10億円未満","20220","","2022年度","","6,616","219","351,859","48,390"
"139","","宿泊業","24","","1億円以上 - 10億円未満","20230","","2023年度","","6,144","195","319,390","59,598"
"139","","宿泊業","24","","1億円以上 - 10億円未満","20240","","2024年度","","9,571","215","436,446","75,034"
"139","","宿泊業","21","","5千万円以上 - 1億円未満","20150","","2015年度","","12,161","95","234,224","20,586"
"139","","宿泊業","21","","5千万円以上 - 1億円未満","20160","","2016年度","","11,833","573","171,904","20,967"
"139","","宿泊業","21","","5千万円以上 - 1億円未満","20170","","2017年度","","11,501","298","206,314","30,757"
"139","","宿泊業","21","","5千万円以上 - 1億円未満","20180","","2018年度","","16,494","537","289,266","36,280"
"139","","宿泊業","21","","5千万円以上 - 1億円未満","20190","","2019年度","","12,094","470","241,091","26,595"
"139","","宿泊業","21","","5千万円以上 - 1億円未満","20200","","2020年度","","17,303","65","354,386","15,200"
"139","","宿泊業","21","","5千万円以上 - 1億円未満","20210","","2021年度","","19,274","142","279,739","17,708"
"139","","宿泊業","21","","5千万円以上 - 1億円未満","20220","","2022年度","","14,793","496","284,784","20,418"
"139","","宿泊業","21","","5千万円以上 - 1億円未満","20230","","2023年度","","14,172","846","190,802","18,663"
"139","","宿泊業","21","","5千万円以上 - 1億円未満","20240","","2024年度","","13,414","1,291","300,297","39,540"
"139","","宿泊業","19","","1千万円以上 - 1億円未満","20150","","2015年度","","61,876","164","561,274","40,853"
"139","","宿泊業","19","","1千万円以上 - 1億円未満","20160","","2016年度","","55,604","573","657,254","46,206"
"139","","宿泊業","19","","1千万円以上 - 1億円未満","20170","","2017年度","","103,048","404","789,810","60,254"
"139","","宿泊業","19","","1千万円以上 - 1億円未満","20180","","2018年度","","103,742","652","1,215,021","88,117"
"139","","宿泊業","19","","1千万円以上 - 1億円未満","20190","","2019年度","","49,604","1,447","895,567","62,228"
"139","","宿泊業","19","","1千万円以上 - 1億円未満","20200","","2020年度","","49,674","121","825,099","45,615"
"139","","宿泊業","19","","1千万円以上 - 1億円未満","20210","","2021年度","","70,299","142","770,360","39,568"
"139","","宿泊業","19","","1千万円以上 - 1億円未満","20220","","2022年度","","63,689","1,034","767,002","42,056"
"139","","宿泊業","19","","1千万円以上 - 1億円未満","20230","","2023年度","","69,175","1,006","853,668","72,626"
"139","","宿泊業","19","","1千万円以上 - 1億円未満","20240","","2024年度","","74,331","2,547","1,143,564","131,540"
"139","","宿泊業","18","","1千万円以上 - 5千万円未満","20150","","2015年度","","49,715","69","327,050","20,267"
"139","","宿泊業","18","","1千万円以上 - 5千万円未満","20160","","2016年度","","43,771","0","485,350","25,239"
"139","","宿泊業","18","","1千万円以上 - 5千万円未満","20170","","2017年度","","91,547","106","583,496","29,497"
"139","","宿泊業","18","","1千万円以上 - 5千万円未満","20180","","2018年度","","87,248","115","925,755","51,837"
"139","","宿泊業","18","","1千万円以上 - 5千万円未満","20190","","2019年度","","37,510","977","654,476","35,633"
"139","","宿泊業","18","","1千万円以上 - 5千万円未満","20200","","2020年度","","32,371","56","470,713","30,415"
"139","","宿泊業","18","","1千万円以上 - 5千万円未満","20210","","2021年度","","51,025","0","490,621","21,860"
"139","","宿泊業","18","","1千万円以上 - 5千万円未満","20220","","2022年度","","48,896","538","482,218","21,638"
"139","","宿泊業","18","","1千万円以上 - 5千万円未満","20230","","2023年度","","55,003","160","662,866","53,963"
"139","","宿泊業","18","","1千万円以上 - 5千万円未満","20240","","2024年度","","60,917","1,256","843,267","92,000"
"139","","宿泊業","16","","1千万円未満","20150","","2015年度","","55,340","0","266,771","5,066"
"139","","宿泊業","16","","1千万円未満","20160","","2016年度","","58,711","0","256,263","7,337"
"139","","宿泊業","16","","1千万円未満","20170","","2017年度","","57,557","0","195,533","7,194"
"139","","宿泊業","16","","1千万円未満","20180","","2018年度","","45,842","0","131,094","1,749"
"139","","宿泊業","16","","1千万円未満","20190","","2019年度","","69,986","0","184,610","6,284"
"139","","宿泊業","16","","1千万円未満","20200","","2020年度","","53,823","0","161,563","1,727"
"139","","宿泊業","16","","1千万円未満","20210","","2021年度","","38,964","0","138,737","2,477"
"139","","宿泊業","16","","1千万円未満","20220","","2022年度","","36,225","0","88,152","1,859"
"139","","宿泊業","16","","1千万円未満","20230","","2023年度","","35,115","842","250,786","8,570"
"139","","宿泊業","16","","1千万円未満","20240","","2024年度","","48,612","0","290,210","9,457"
"139","","宿泊業","23","","1億円以上","20150","","2015年度","","12,647","929","360,518","43,937"
"139","","宿泊業","23","","1億円以上","20160","","2016年度","","10,622","595","377,253","50,332"
"139","","宿泊業","23","","1億円以上","20170","","2017年度","","13,233","752","497,743","76,882"
"139","","宿泊業","23","","1億円以上","20180","","2018年度","","11,508","629","423,575","60,190"
"139","","宿泊業","23","","1億円以上","20190","","2019年度","","12,105","731","417,246","58,207"
"139","","宿泊業","23","","1億円以上","20200","","2020年度","","10,997","346","329,181","30,057"
"139","","宿泊業","23","","1億円以上","20210","","2021年度","","9,938","22","333,209","25,954"
"139","","宿泊業","23","","1億円以上","20220","","2022年度","","8,312","220","413,646","53,809"
"139","","宿泊業","23","","1億円以上","20230","","2023年度","","7,838","408","375,883","69,615"
"139","","宿泊業","23","","1億円以上","20240","","2024年度","","11,377","727","502,334","85,757"
"139","","宿泊業","22","","1億円未満","20150","","2015年度","","117,216","164","828,045","45,919"
"139","","宿泊業","22","","1億円未満","20160","","2016年度","","114,315","573","913,517","53,543"
"139","","宿泊業","22","","1億円未満","20170","","2017年度","","160,605","404","985,343","67,448"
"139","","宿泊業","22","","1億円未満","20180","","2018年度","","149,584","652","1,346,115","89,866"
"139","","宿泊業","22","","1億円未満","20190","","2019年度","","119,590","1,447","1,080,177","68,512"
"139","","宿泊業","22","","1億円未満","20200","","2020年度","","103,497","121","986,662","47,342"
"139","","宿泊業","22","","1億円未満","20210","","2021年度","","109,263","142","909,097","42,045"
"139","","宿泊業","22","","1億円未満","20220","","2022年度","","99,914","1,034","855,154","43,915"
"139","","宿泊業","22","","1億円未満","20230","","2023年度","","104,290","1,848","1,104,454","81,196"
"139","","宿泊業","22","","1億円未満","20240","","2024年度","","122,943","2,547","1,433,774","140,997"
"139","","宿泊業","20","","2千万円以上 - 5千万円未満","20150","","2015年度","","14,121","69","138,306","11,837"
"139","","宿泊業","20","","2千万円以上 - 5千万円未満","20160","","2016年度","","16,547","0","156,038","12,775"
"139","","宿泊業","20","","2千万円以上 - 5千万円未満","20170","","2017年度","","18,890","106","160,721","13,508"
"139","","宿泊業","20","","2千万円以上 - 5千万円未満","20180","","2018年度","","16,585","115","161,373","7,977"
"139","","宿泊業","20","","2千万円以上 - 5千万円未満","20190","","2019年度","","15,294","487","128,473","10,150"
"139","","宿泊業","20","","2千万円以上 - 5千万円未満","20200","","2020年度","","13,400","56","114,179","4,020"
"139","","宿泊業","20","","2千万円以上 - 5千万円未満","20210","","2021年度","","10,522","0","76,952","2,055"
"139","","宿泊業","20","","2千万円以上 - 5千万円未満","20220","","2022年度","","12,800","52","120,608","7,232"
"139","","宿泊業","20","","2千万円以上 - 5千万円未満","20230","","2023年度","","12,132","160","137,519","8,182"
"139","","宿泊業","20","","2千万円以上 - 5千万円未満","20240","","2024年度","","22,799","1,256","195,646","15,765"
"139","","宿泊業","17","","1千万円以上 - 2千万円未満","20150","","2015年度","","35,594","0","188,744","8,430"
"139","","宿泊業","17","","1千万円以上 - 2千万円未満","20160","","2016年度","","27,224","0","329,312","12,464"
"139","","宿泊業","17","","1千万円以上 - 2千万円未満","20170","","2017年度","","72,657","0","422,775","15,989"
"139","","宿泊業","17","","1千万円以上 - 2千万円未満","20180","","2018年度","","70,663","0","764,382","43,860"
"139","","宿泊業","17","","1千万円以上 - 2千万円未満","20190","","2019年度","","22,216","490","526,003","25,483"
"139","","宿泊業","17","","1千万円以上 - 2千万円未満","20200","","2020年度","","18,971","0","356,534","26,395"
"139","","宿泊業","17","","1千万円以上 - 2千万円未満","20210","","2021年度","","40,503","0","413,669","19,805"
"139","","宿泊業","17","","1千万円以上 - 2千万円未満","20220","","2022年度","","36,096","486","361,610","14,406"
"139","","宿泊業","17","","1千万円以上 - 2千万円未満","20230","","2023年度","","42,871","0","525,347","45,781"
"139","","宿泊業","17","","1千万円以上 - 2千万円未満","20240","","2024年度","","38,118","0","647,621","76,235"
"148","","飲食サービス業","26","","全規模","20150","","2015年度","","788,350","12,826","6,907,544","289,858"
"148","","飲食サービス業","26","","全規模","20160","","2016年度","","867,996","6,925","6,207,763","187,727"
"148","","飲食サービス業","26","","全規模","20170","","2017年度","","839,074","13,033","4,401,035","267,740"
"148","","飲食サービス業","26","","全規模","20180","","2018年度","","781,626","18,902","4,312,944","237,975"
"148","","飲食サービス業","26","","全規模","20190","","2019年度","","695,951","10,296","4,648,203","220,531"
"148","","飲食サービス業","26","","全規模","20200","","2020年度","","627,727","679","4,187,337","174,352"
"148","","飲食サービス業","26","","全規模","20210","","2021年度","","728,896","4,792","3,951,977","163,836"
"148","","飲食サービス業","26","","全規模","20220","","2022年度","","634,548","6,528","4,440,692","176,752"
"148","","飲食サービス業","26","","全規模","20230","","2023年度","","659,264","2,441","5,159,752","213,123"
"148","","飲食サービス業","26","","全規模","20240","","2024年度","","674,803","6,894","5,123,532","238,519"
"148","","飲食サービス業","25","","10億円以上","20150","","2015年度","","14,131","3,806","1,125,571","59,556"
"148","","飲食サービス業","25","","10億円以上","20160","","2016年度","","7,647","1,175","604,577","34,400"
"148","","飲食サービス業","25","","10億円以上","20170","","2017年度","","7,818","999","550,726","32,344"
"148","","飲食サービス業","25","","10億円以上","20180","","2018年度","","8,211","265","531,896","33,312"
"148","","飲食サービス業","25","","10億円以上","20190","","2019年度","","9,657","413","522,722","34,993"
"148","","飲食サービス業","25","","10億円以上","20200","","2020年度","","8,666","181","519,904","27,654"
"148","","飲食サービス業","25","","10億円以上","20210","","2021年度","","6,426","257","444,153","27,640"
"148","","飲食サービス業","25","","10億円以上","20220","","2022年度","","5,518","133","353,530","24,986"
"148","","飲食サービス業","25","","10億円以上","20230","","2023年度","","6,289","329","518,644","43,273"
"148","","飲食サービス業","25","","10億円以上","20240","","2024年度","","6,663","203","599,764","35,448"
"148","","飲食サービス業","24","","1億円以上 - 10億円未満","20150","","2015年度","","17,150","329","751,506","39,105"
"148","","飲食サービス業","24","","1億円以上 - 10億円未満","20160","","2016年度","","16,915","946","1,027,932","49,987"
"148","","飲食サービス業","24","","1億円以上 - 10億円未満","20170","","2017年度","","13,232","671","844,597","49,459"
"148","","飲食サービス業","24","","1億円以上 - 10億円未満","20180","","2018年度","","13,372","609","613,617","34,638"
"148","","飲食サービス業","24","","1億円以上 - 10億円未満","20190","","2019年度","","11,501","540","682,960","36,143"
"148","","飲食サービス業","24","","1億円以上 - 10億円未満","20200","","2020年度","","12,140","169","616,259","27,594"
"148","","飲食サービス業","24","","1億円以上 - 10億円未満","20210","","2021年度","","10,769","392","541,534","32,061"
"148","","飲食サービス業","24","","1億円以上 - 10億円未満","20220","","2022年度","","14,584","655","803,424","55,158"
"148","","飲食サービス業","24","","1億円以上 - 10億円未満","20230","","2023年度","","13,980","452","670,455","41,927"
"148","","飲食サービス業","24","","1億円以上 - 10億円未満","20240","","2024年度","","12,423","351","522,234","33,281"
"148","","飲食サービス業","21","","5千万円以上 - 1億円未満","20150","","2015年度","","27,015","0","442,313","26,704"
"148","","飲食サービス業","21","","5千万円以上 - 1億円未満","20160","","2016年度","","35,239","32","643,953","35,659"
"148","","飲食サービス業","21","","5千万円以上 - 1億円未満","20170","","2017年度","","34,646","859","578,878","36,562"
"148","","飲食サービス業","21","","5千万円以上 - 1億円未満","20180","","2018年度","","31,231","203","761,645","65,219"
"148","","飲食サービス業","21","","5千万円以上 - 1億円未満","20190","","2019年度","","34,083","510","554,877","46,374"
"148","","飲食サービス業","21","","5千万円以上 - 1億円未満","20200","","2020年度","","28,449","0","609,706","35,354"
"148","","飲食サービス業","21","","5千万円以上 - 1億円未満","20210","","2021年度","","39,732","462","656,733","21,747"
"148","","飲食サービス業","21","","5千万円以上 - 1億円未満","20220","","2022年度","","29,658","0","474,147","23,072"
"148","","飲食サービス業","21","","5千万円以上 - 1億円未満","20230","","2023年度","","29,635","0","1,062,210","52,415"
"148","","飲食サービス業","21","","5千万円以上 - 1億円未満","20240","","2024年度","","23,515","1,259","764,721","49,959"
"148","","飲食サービス業","19","","1千万円以上 - 1億円未満","20150","","2015年度","","232,889","8,681","2,652,006","161,356"
"148","","飲食サービス業","19","","1千万円以上 - 1億円未満","20160","","2016年度","","261,655","2,575","2,024,683","85,453"
"148","","飲食サービス業","19","","1千万円以上 - 1億円未満","20170","","2017年度","","239,208","1,087","1,775,304","169,559"
"148","","飲食サービス業","19","","1千万円以上 - 1億円未満","20180","","2018年度","","210,928","11,621","2,048,467","118,923"
"148","","飲食サービス業","19","","1千万円以上 - 1億円未満","20190","","2019年度","","208,747","5,942","2,188,345","125,625"
"148","","飲食サービス業","19","","1千万円以上 - 1億円未満","20200","","2020年度","","187,721","329","2,054,686","103,271"
"148","","飲食サービス業","19","","1千万円以上 - 1億円未満","20210","","2021年度","","212,762","1,315","1,970,350","84,694"
"148","","飲食サービス業","19","","1千万円以上 - 1億円未満","20220","","2022年度","","209,413","1,123","2,206,360","82,900"
"148","","飲食サービス業","19","","1千万円以上 - 1億円未満","20230","","2023年度","","194,351","958","2,728,044","112,912"
"148","","飲食サービス業","19","","1千万円以上 - 1億円未満","20240","","2024年度","","189,034","4,015","2,453,482","131,169"
"148","","飲食サービス業","18","","1千万円以上 - 5千万円未満","20150","","2015年度","","205,874","8,681","2,209,693","134,652"
"148","","飲食サービス業","18","","1千万円以上 - 5千万円未満","20160","","2016年度","","226,416","2,543","1,380,730","49,794"
"148","","飲食サービス業","18","","1千万円以上 - 5千万円未満","20170","","2017年度","","204,562","228","1,196,426","132,997"
"148","","飲食サービス業","18","","1千万円以上 - 5千万円未満","20180","","2018年度","","179,697","11,418","1,286,822","53,704"
"148","","飲食サービス業","18","","1千万円以上 - 5千万円未満","20190","","2019年度","","174,664","5,432","1,633,468","79,251"
"148","","飲食サービス業","18","","1千万円以上 - 5千万円未満","20200","","2020年度","","159,272","329","1,444,980","67,917"
"148","","飲食サービス業","18","","1千万円以上 - 5千万円未満","20210","","2021年度","","173,030","853","1,313,617","62,947"
"148","","飲食サービス業","18","","1千万円以上 - 5千万円未満","20220","","2022年度","","179,755","1,123","1,732,213","59,828"
"148","","飲食サービス業","18","","1千万円以上 - 5千万円未満","20230","","2023年度","","164,716","958","1,665,834","60,497"
"148","","飲食サービス業","18","","1千万円以上 - 5千万円未満","20240","","2024年度","","165,519","2,756","1,688,761","81,210"
"148","","飲食サービス業","16","","1千万円未満","20150","","2015年度","","524,180","10","2,378,461","29,841"
"148","","飲食サービス業","16","","1千万円未満","20160","","2016年度","","581,779","2,229","2,550,571","17,887"
"148","","飲食サービス業","16","","1千万円未満","20170","","2017年度","","578,816","10,276","1,230,408","16,378"
"148","","飲食サービス業","16","","1千万円未満","20180","","2018年度","","549,115","6,407","1,118,964","51,102"
"148","","飲食サービス業","16","","1千万円未満","20190","","2019年度","","466,046","3,401","1,254,176","23,770"
"148","","飲食サービス業","16","","1千万円未満","20200","","2020年度","","419,200","0","996,488","15,833"
"148","","飲食サービス業","16","","1千万円未満","20210","","2021年度","","498,939","2,828","995,940","19,441"
"148","","飲食サービス業","16","","1千万円未満","20220","","2022年度","","405,033","4,617","1,077,378","13,708"
"148","","飲食サービス業","16","","1千万円未満","20230","","2023年度","","444,644","702","1,242,609","15,011"
"148","","飲食サービス業","16","","1千万円未満","20240","","2024年度","","466,683","2,325","1,548,052","38,621"
"148","","飲食サービス業","23","","1億円以上","20150","","2015年度","","31,281","4,135","1,877,077","98,661"
"148","","飲食サービス業","23","","1億円以上","20160","","2016年度","","24,562","2,121","1,632,509","84,387"
"148","","飲食サービス業","23","","1億円以上","20170","","2017年度","","21,050","1,670","1,395,323","81,803"
"148","","飲食サービス業","23","","1億円以上","20180","","2018年度","","21,583","874","1,145,513","67,950"
"148","","飲食サービス業","23","","1億円以上","20190","","2019年度","","21,158","953","1,205,682","71,136"
"148","","飲食サービス業","23","","1億円以上","20200","","2020年度","","20,806","350","1,136,163","55,248"
"148","","飲食サービス業","23","","1億円以上","20210","","2021年度","","17,195","649","985,687","59,701"
"148","","飲食サービス業","23","","1億円以上","20220","","2022年度","","20,102","788","1,156,954","80,144"
"148","","飲食サービス業","23","","1億円以上","20230","","2023年度","","20,269","781","1,189,099","85,200"
"148","","飲食サービス業","23","","1億円以上","20240","","2024年度","","19,086","554","1,121,998","68,729"
"148","","飲食サービス業","22","","1億円未満","20150","","2015年度","","757,069","8,691","5,030,467","191,197"
"148","","飲食サービス業","22","","1億円未満","20160","","2016年度","","843,434","4,804","4,575,254","103,340"
"148","","飲食サービス業","22","","1億円未満","20170","","2017年度","","818,024","11,363","3,005,712","185,937"
"148","","飲食サービス業","22","","1億円未満","20180","","2018年度","","760,043","18,028","3,167,431","170,025"
"148","","飲食サービス業","22","","1億円未満","20190","","2019年度","","674,793","9,343","3,442,521","149,395"
"148","","飲食サービス業","22","","1億円未満","20200","","2020年度","","606,921","329","3,051,174","119,104"
"148","","飲食サービス業","22","","1億円未満","20210","","2021年度","","711,701","4,143","2,966,290","104,135"
"148","","飲食サービス業","22","","1億円未満","20220","","2022年度","","614,446","5,740","3,283,738","96,608"
"148","","飲食サービス業","22","","1億円未満","20230","","2023年度","","638,995","1,660","3,970,653","127,923"
"148","","飲食サービス業","22","","1億円未満","20240","","2024年度","","655,717","6,340","4,001,534","169,790"
"148","","飲食サービス業","20","","2千万円以上 - 5千万円未満","20150","","2015年度","","52,553","1,676","608,484","14,006"
"148","","飲食サービス業","20","","2千万円以上 - 5千万円未満","20160","","2016年度","","38,601","2,543","360,484","9,718"
"148","","飲食サービス業","20","","2千万円以上 - 5千万円未満","20170","","2017年度","","35,538","228","490,012","110,258"
"148","","飲食サービス業","20","","2千万円以上 - 5千万円未満","20180","","2018年度","","35,686","1,923","479,728","21,262"
"148","","飲食サービス業","20","","2千万円以上 - 5千万円未満","20190","","2019年度","","43,453","2,746","612,169","40,118"
"148","","飲食サービス業","20","","2千万円以上 - 5千万円未満","20200","","2020年度","","40,229","0","547,883","27,469"
"148","","飲食サービス業","20","","2千万円以上 - 5千万円未満","20210","","2021年度","","60,482","0","631,794","18,894"
"148","","飲食サービス業","20","","2千万円以上 - 5千万円未満","20220","","2022年度","","50,516","1,123","737,872","30,223"
"148","","飲食サービス業","20","","2千万円以上 - 5千万円未満","20230","","2023年度","","30,097","259","417,903","15,741"
"148","","飲食サービス業","20","","2千万円以上 - 5千万円未満","20240","","2024年度","","28,037","0","524,911","22,727"
"148","","飲食サービス業","17","","1千万円以上 - 2千万円未満","20150","","2015年度","","153,321","7,005","1,601,209","120,646"
"148","","飲食サービス業","17","","1千万円以上 - 2千万円未満","20160","","2016年度","","187,815","0","1,020,246","40,076"
"148","","飲食サービス業","17","","1千万円以上 - 2千万円未満","20170","","2017年度","","169,024","0","706,414","22,739"
"148","","飲食サービス業","17","","1千万円以上 - 2千万円未満","20180","","2018年度","","144,011","9,495","807,094","32,442"
"148","","飲食サービス業","17","","1千万円以上 - 2千万円未満","20190","","2019年度","","131,211","2,686","1,021,299","39,133"
"148","","飲食サービス業","17","","1千万円以上 - 2千万円未満","20200","","2020年度","","119,043","329","897,097","40,448"
"148","","飲食サービス業","17","","1千万円以上 - 2千万円未満","20210","","2021年度","","112,548","853","681,823","44,053"
"148","","飲食サービス業","17","","1千万円以上 - 2千万円未満","20220","","2022年度","","129,239","0","994,341","29,605"
"148","","飲食サービス業","17","","1千万円以上 - 2千万円未満","20230","","2023年度","","134,619","699","1,247,931","44,756"
"148","","飲食サービス業","17","","1千万円以上 - 2千万円未満","20240","","2024年度","","137,482","2,756","1,163,850","58,483"
"160","","職業紹介・労働者派遣業","26","","全規模","20150","","2015年度","","172,958","2,994","1,882,734","123,082"
"160","","職業紹介・労働者派遣業","26","","全規模","20160","","2016年度","","179,250","2,072","2,426,985","157,078"
"160","","職業紹介・労働者派遣業","26","","全規模","20170","","2017年度","","174,554","4,787","3,705,035","173,115"
"160","","職業紹介・労働者派遣業","26","","全規模","20180","","2018年度","","208,141","4,347","3,902,538","185,277"
"160","","職業紹介・労働者派遣業","26","","全規模","20190","","2019年度","","211,631","5,245","3,252,331","149,878"
"160","","職業紹介・労働者派遣業","26","","全規模","20200","","2020年度","","185,435","5,150","3,123,060","145,905"
"160","","職業紹介・労働者派遣業","26","","全規模","20210","","2021年度","","197,269","4,652","3,288,591","283,432"
"160","","職業紹介・労働者派遣業","26","","全規模","20220","","2022年度","","224,510","6,072","3,337,110","238,013"
"160","","職業紹介・労働者派遣業","26","","全規模","20230","","2023年度","","275,224","10,283","3,724,961","241,632"
"160","","職業紹介・労働者派遣業","26","","全規模","20240","","2024年度","","227,160","13,254","3,631,531","218,150"
"160","","職業紹介・労働者派遣業","25","","10億円以上","20150","","2015年度","","1,872","2,196","102,095","26,022"
"160","","職業紹介・労働者派遣業","25","","10億円以上","20160","","2016年度","","1,102","399","135,669","25,279"
"160","","職業紹介・労働者派遣業","25","","10億円以上","20170","","2017年度","","1,000","278","365,641","26,298"
"160","","職業紹介・労働者派遣業","25","","10億円以上","20180","","2018年度","","1,364","326","432,353","29,657"
"160","","職業紹介・労働者派遣業","25","","10億円以上","20190","","2019年度","","1,495","361","473,856","33,586"
"160","","職業紹介・労働者派遣業","25","","10億円以上","20200","","2020年度","","2,323","355","557,158","34,272"
"160","","職業紹介・労働者派遣業","25","","10億円以上","20210","","2021年度","","1,642","395","593,764","47,091"
"160","","職業紹介・労働者派遣業","25","","10億円以上","20220","","2022年度","","1,399","490","570,354","40,613"
"160","","職業紹介・労働者派遣業","25","","10億円以上","20230","","2023年度","","1,078","285","551,792","29,011"
"160","","職業紹介・労働者派遣業","25","","10億円以上","20240","","2024年度","","1,072","226","617,891","27,292"
"160","","職業紹介・労働者派遣業","24","","1億円以上 - 10億円未満","20150","","2015年度","","4,880","159","405,667","27,606"
"160","","職業紹介・労働者派遣業","24","","1億円以上 - 10億円未満","20160","","2016年度","","5,087","488","397,579","54,042"
"160","","職業紹介・労働者派遣業","24","","1億円以上 - 10億円未満","20170","","2017年度","","6,445","343","464,976","54,936"
"160","","職業紹介・労働者派遣業","24","","1億円以上 - 10億円未満","20180","","2018年度","","6,590","306","560,066","62,002"
"160","","職業紹介・労働者派遣業","24","","1億円以上 - 10億円未満","20190","","2019年度","","5,604","309","280,029","28,624"
"160","","職業紹介・労働者派遣業","24","","1億円以上 - 10億円未満","20200","","2020年度","","7,685","259","533,602","28,169"
"160","","職業紹介・労働者派遣業","24","","1億円以上 - 10億円未満","20210","","2021年度","","8,789","942","846,870","106,335"
"160","","職業紹介・労働者派遣業","24","","1億円以上 - 10億円未満","20220","","2022年度","","11,483","989","700,182","110,340"
"160","","職業紹介・労働者派遣業","24","","1億円以上 - 10億円未満","20230","","2023年度","","10,740","841","845,812","95,025"
"160","","職業紹介・労働者派遣業","24","","1億円以上 - 10億円未満","20240","","2024年度","","11,635","947","864,125","80,002"
"160","","職業紹介・労働者派遣業","21","","5千万円以上 - 1億円未満","20150","","2015年度","","15,289","565","348,796","44,156"
"160","","職業紹介・労働者派遣業","21","","5千万円以上 - 1億円未満","20160","","2016年度","","13,552","696","421,608","24,248"
"160","","職業紹介・労働者派遣業","21","","5千万円以上 - 1億円未満","20170","","2017年度","","15,018","346","752,474","27,630"
"160","","職業紹介・労働者派遣業","21","","5千万円以上 - 1億円未満","20180","","2018年度","","19,983","950","595,650","26,629"
"160","","職業紹介・労働者派遣業","21","","5千万円以上 - 1億円未満","20190","","2019年度","","23,765","1,517","569,232","32,054"
"160","","職業紹介・労働者派遣業","21","","5千万円以上 - 1億円未満","20200","","2020年度","","18,286","210","467,912","21,662"
"160","","職業紹介・労働者派遣業","21","","5千万円以上 - 1億円未満","20210","","2021年度","","15,765","196","587,577","11,649"
"160","","職業紹介・労働者派遣業","21","","5千万円以上 - 1億円未満","20220","","2022年度","","12,781","845","395,372","37,419"
"160","","職業紹介・労働者派遣業","21","","5千万円以上 - 1億円未満","20230","","2023年度","","16,170","1,122","554,774","25,146"
"160","","職業紹介・労働者派遣業","21","","5千万円以上 - 1億円未満","20240","","2024年度","","22,856","598","612,388","21,926"
"160","","職業紹介・労働者派遣業","19","","1千万円以上 - 1億円未満","20150","","2015年度","","100,623","639","1,008,834","59,672"
"160","","職業紹介・労働者派遣業","19","","1千万円以上 - 1億円未満","20160","","2016年度","","99,365","1,147","1,460,211","62,265"
"160","","職業紹介・労働者派遣業","19","","1千万円以上 - 1億円未満","20170","","2017年度","","102,747","4,166","2,146,224","81,907"
"160","","職業紹介・労働者派遣業","19","","1千万円以上 - 1億円未満","20180","","2018年度","","131,799","3,715","2,609,768","85,768"
"160","","職業紹介・労働者派遣業","19","","1千万円以上 - 1億円未満","20190","","2019年度","","138,973","4,575","2,210,220","78,699"
"160","","職業紹介・労働者派遣業","19","","1千万円以上 - 1億円未満","20200","","2020年度","","135,177","3,667","1,772,607","80,876"
"160","","職業紹介・労働者派遣業","19","","1千万円以上 - 1億円未満","20210","","2021年度","","139,008","2,324","1,557,937","106,195"
"160","","職業紹介・労働者派遣業","19","","1千万円以上 - 1億円未満","20220","","2022年度","","152,472","2,653","1,643,233","60,734"
"160","","職業紹介・労働者派遣業","19","","1千万円以上 - 1億円未満","20230","","2023年度","","159,833","5,114","2,132,430","99,118"
"160","","職業紹介・労働者派遣業","19","","1千万円以上 - 1億円未満","20240","","2024年度","","125,655","11,254","1,803,841","87,777"
"160","","職業紹介・労働者派遣業","18","","1千万円以上 - 5千万円未満","20150","","2015年度","","85,334","74","660,038","15,516"
"160","","職業紹介・労働者派遣業","18","","1千万円以上 - 5千万円未満","20160","","2016年度","","85,813","451","1,038,603","38,017"
"160","","職業紹介・労働者派遣業","18","","1千万円以上 - 5千万円未満","20170","","2017年度","","87,729","3,820","1,393,750","54,277"
"160","","職業紹介・労働者派遣業","18","","1千万円以上 - 5千万円未満","20180","","2018年度","","111,816","2,765","2,014,118","59,139"
"160","","職業紹介・労働者派遣業","18","","1千万円以上 - 5千万円未満","20190","","2019年度","","115,208","3,058","1,640,988","46,645"
"160","","職業紹介・労働者派遣業","18","","1千万円以上 - 5千万円未満","20200","","2020年度","","116,891","3,457","1,304,695","59,214"
"160","","職業紹介・労働者派遣業","18","","1千万円以上 - 5千万円未満","20210","","2021年度","","123,243","2,128","970,360","94,546"
"160","","職業紹介・労働者派遣業","18","","1千万円以上 - 5千万円未満","20220","","2022年度","","139,691","1,808","1,247,861","23,315"
"160","","職業紹介・労働者派遣業","18","","1千万円以上 - 5千万円未満","20230","","2023年度","","143,663","3,992","1,577,656","73,972"
"160","","職業紹介・労働者派遣業","18","","1千万円以上 - 5千万円未満","20240","","2024年度","","102,799","10,656","1,191,453","65,851"
"160","","職業紹介・労働者派遣業","16","","1千万円未満","20150","","2015年度","","65,583","0","366,138","9,782"
"160","","職業紹介・労働者派遣業","16","","1千万円未満","20160","","2016年度","","73,696","38","433,526","15,492"
"160","","職業紹介・労働者派遣業","16","","1千万円未満","20170","","2017年度","","64,362","0","728,194","9,974"
"160","","職業紹介・労働者派遣業","16","","1千万円未満","20180","","2018年度","","68,388","0","300,351","7,850"
"160","","職業紹介・労働者派遣業","16","","1千万円未満","20190","","2019年度","","65,559","0","288,226","8,969"
"160","","職業紹介・労働者派遣業","16","","1千万円未満","20200","","2020年度","","40,250","869","259,693","2,588"
"160","","職業紹介・労働者派遣業","16","","1千万円未満","20210","","2021年度","","47,830","991","290,020","23,811"
"160","","職業紹介・労働者派遣業","16","","1千万円未満","20220","","2022年度","","59,156","1,940","423,341","26,326"
"160","","職業紹介・労働者派遣業","16","","1千万円未満","20230","","2023年度","","103,573","4,043","194,927","18,478"
"160","","職業紹介・労働者派遣業","16","","1千万円未満","20240","","2024年度","","88,798","827","345,674","23,079"
"160","","職業紹介・労働者派遣業","23","","1億円以上","20150","","2015年度","","6,752","2,355","507,762","53,628"
"160","","職業紹介・労働者派遣業","23","","1億円以上","20160","","2016年度","","6,189","887","533,248","79,321"
"160","","職業紹介・労働者派遣業","23","","1億円以上","20170","","2017年度","","7,445","621","830,617","81,234"
"160","","職業紹介・労働者派遣業","23","","1億円以上","20180","","2018年度","","7,954","632","992,419","91,659"
"160","","職業紹介・労働者派遣業","23","","1億円以上","20190","","2019年度","","7,099","670","753,885","62,210"
"160","","職業紹介・労働者派遣業","23","","1億円以上","20200","","2020年度","","10,008","614","1,090,760","62,441"
"160","","職業紹介・労働者派遣業","23","","1億円以上","20210","","2021年度","","10,431","1,337","1,440,634","153,426"
"160","","職業紹介・労働者派遣業","23","","1億円以上","20220","","2022年度","","12,882","1,479","1,270,536","150,953"
"160","","職業紹介・労働者派遣業","23","","1億円以上","20230","","2023年度","","11,818","1,126","1,397,604","124,036"
"160","","職業紹介・労働者派遣業","23","","1億円以上","20240","","2024年度","","12,707","1,173","1,482,016","107,294"
"160","","職業紹介・労働者派遣業","22","","1億円未満","20150","","2015年度","","166,206","639","1,374,972","69,454"
"160","","職業紹介・労働者派遣業","22","","1億円未満","20160","","2016年度","","173,061","1,185","1,893,737","77,757"
"160","","職業紹介・労働者派遣業","22","","1億円未満","20170","","2017年度","","167,109","4,166","2,874,418","91,881"
"160","","職業紹介・労働者派遣業","22","","1億円未満","20180","","2018年度","","200,187","3,715","2,910,119","93,618"
"160","","職業紹介・労働者派遣業","22","","1億円未満","20190","","2019年度","","204,532","4,575","2,498,446","87,668"
"160","","職業紹介・労働者派遣業","22","","1億円未満","20200","","2020年度","","175,427","4,536","2,032,300","83,464"
"160","","職業紹介・労働者派遣業","22","","1億円未満","20210","","2021年度","","186,838","3,315","1,847,957","130,006"
"160","","職業紹介・労働者派遣業","22","","1億円未満","20220","","2022年度","","211,628","4,593","2,066,574","87,060"
"160","","職業紹介・労働者派遣業","22","","1億円未満","20230","","2023年度","","263,406","9,157","2,327,357","117,596"
"160","","職業紹介・労働者派遣業","22","","1億円未満","20240","","2024年度","","214,453","12,081","2,149,515","110,856"
"160","","職業紹介・労働者派遣業","20","","2千万円以上 - 5千万円未満","20150","","2015年度","","30,673","74","271,830","9,335"
"160","","職業紹介・労働者派遣業","20","","2千万円以上 - 5千万円未満","20160","","2016年度","","34,079","451","481,989","22,192"
"160","","職業紹介・労働者派遣業","20","","2千万円以上 - 5千万円未満","20170","","2017年度","","37,959","87","745,081","22,549"
"160","","職業紹介・労働者派遣業","20","","2千万円以上 - 5千万円未満","20180","","2018年度","","64,012","2,765","1,515,090","40,251"
"160","","職業紹介・労働者派遣業","20","","2千万円以上 - 5千万円未満","20190","","2019年度","","55,625","3,058","1,036,789","28,680"
"160","","職業紹介・労働者派遣業","20","","2千万円以上 - 5千万円未満","20200","","2020年度","","59,340","3,457","610,761","39,443"
"160","","職業紹介・労働者派遣業","20","","2千万円以上 - 5千万円未満","20210","","2021年度","","58,283","1,757","620,318","52,415"
"160","","職業紹介・労働者派遣業","20","","2千万円以上 - 5千万円未満","20220","","2022年度","","45,375","1,271","532,029","17,403"
"160","","職業紹介・労働者派遣業","20","","2千万円以上 - 5千万円未満","20230","","2023年度","","64,001","1,912","880,692","30,622"
"160","","職業紹介・労働者派遣業","20","","2千万円以上 - 5千万円未満","20240","","2024年度","","52,210","5,923","858,506","23,098"
"160","","職業紹介・労働者派遣業","17","","1千万円以上 - 2千万円未満","20150","","2015年度","","54,661","0","388,208","6,181"
"160","","職業紹介・労働者派遣業","17","","1千万円以上 - 2千万円未満","20160","","2016年度","","51,734","0","556,614","15,825"
"160","","職業紹介・労働者派遣業","17","","1千万円以上 - 2千万円未満","20170","","2017年度","","49,770","3,733","648,669","31,728"
"160","","職業紹介・労働者派遣業","17","","1千万円以上 - 2千万円未満","20180","","2018年度","","47,804","0","499,028","18,888"
"160","","職業紹介・労働者派遣業","17","","1千万円以上 - 2千万円未満","20190","","2019年度","","59,583","0","604,199","17,965"
"160","","職業紹介・労働者派遣業","17","","1千万円以上 - 2千万円未満","20200","","2020年度","","57,551","0","693,934","19,771"
"160","","職業紹介・労働者派遣業","17","","1千万円以上 - 2千万円未満","20210","","2021年度","","64,960","371","350,042","42,131"
"160","","職業紹介・労働者派遣業","17","","1千万円以上 - 2千万円未満","20220","","2022年度","","94,316","537","715,832","5,912"
"160","","職業紹介・労働者派遣業","17","","1千万円以上 - 2千万円未満","20230","","2023年度","","79,662","2,080","696,964","43,350"
"160","","職業紹介・労働者派遣業","17","","1千万円以上 - 2千万円未満","20240","","2024年度","","50,589","4,733","332,947","42,753"
"143","","その他のサービス業","26","","全規模","20150","","2015年度","","1,293,922","28,132","7,432,866","1,041,527"
"143","","その他のサービス業","26","","全規模","20160","","2016年度","","1,229,268","36,788","9,261,294","1,439,679"
"143","","その他のサービス業","26","","全規模","20170","","2017年度","","1,261,072","48,298","9,282,135","1,660,053"
"143","","その他のサービス業","26","","全規模","20180","","2018年度","","1,330,903","49,815","10,031,082","1,692,291"
"143","","その他のサービス業","26","","全規模","20190","","2019年度","","1,246,511","52,832","9,289,216","1,470,733"
"143","","その他のサービス業","26","","全規模","20200","","2020年度","","1,205,076","37,518","9,161,230","1,412,667"
"143","","その他のサービス業","26","","全規模","20210","","2021年度","","1,163,060","28,244","9,246,491","1,423,698"
"143","","その他のサービス業","26","","全規模","20220","","2022年度","","1,405,156","33,954","9,793,870","1,384,872"
"143","","その他のサービス業","26","","全規模","20230","","2023年度","","1,528,169","40,853","9,271,950","1,551,621"
"143","","その他のサービス業","26","","全規模","20240","","2024年度","","1,647,851","63,629","9,965,643","1,718,845"
"143","","その他のサービス業","25","","10億円以上","20150","","2015年度","","15,367","1,787","871,033","219,089"
"143","","その他のサービス業","25","","10億円以上","20160","","2016年度","","15,041","1,944","2,257,059","496,402"
"143","","その他のサービス業","25","","10億円以上","20170","","2017年度","","16,490","2,294","2,169,186","523,347"
"143","","その他のサービス業","25","","10億円以上","20180","","2018年度","","16,341","1,984","2,339,606","536,744"
"143","","その他のサービス業","25","","10億円以上","20190","","2019年度","","15,570","1,967","2,090,874","504,556"
"143","","その他のサービス業","25","","10億円以上","20200","","2020年度","","16,603","1,697","2,017,008","509,579"
"143","","その他のサービス業","25","","10億円以上","20210","","2021年度","","16,163","1,694","1,975,495","500,123"
"143","","その他のサービス業","25","","10億円以上","20220","","2022年度","","73,493","1,902","1,962,554","480,076"
"143","","その他のサービス業","25","","10億円以上","20230","","2023年度","","21,453","1,997","1,982,463","492,195"
"143","","その他のサービス業","25","","10億円以上","20240","","2024年度","","17,975","2,960","1,983,099","484,470"
"143","","その他のサービス業","24","","1億円以上 - 10億円未満","20150","","2015年度","","50,167","3,769","1,989,375","309,326"
"143","","その他のサービス業","24","","1億円以上 - 10億円未満","20160","","2016年度","","49,110","4,497","1,699,034","276,261"
"143","","その他のサービス業","24","","1億円以上 - 10億円未満","20170","","2017年度","","50,568","3,504","1,599,678","302,665"
"143","","その他のサービス業","24","","1億円以上 - 10億円未満","20180","","2018年度","","52,931","4,734","1,716,541","319,529"
"143","","その他のサービス業","24","","1億円以上 - 10億円未満","20190","","2019年度","","54,253","6,902","2,217,371","434,883"
"143","","その他のサービス業","24","","1億円以上 - 10億円未満","20200","","2020年度","","55,968","5,804","2,400,503","389,464"
"143","","その他のサービス業","24","","1億円以上 - 10億円未満","20210","","2021年度","","53,302","4,482","2,533,272","393,976"
"143","","その他のサービス業","24","","1億円以上 - 10億円未満","20220","","2022年度","","53,920","5,205","2,189,851","337,289"
"143","","その他のサービス業","24","","1億円以上 - 10億円未満","20230","","2023年度","","55,960","5,132","1,829,372","398,331"
"143","","その他のサービス業","24","","1億円以上 - 10億円未満","20240","","2024年度","","58,661","7,557","2,258,076","428,356"
"143","","その他のサービス業","21","","5千万円以上 - 1億円未満","20150","","2015年度","","57,328","4,418","775,900","118,865"
"143","","その他のサービス業","21","","5千万円以上 - 1億円未満","20160","","2016年度","","64,326","6,021","932,798","155,689"
"143","","その他のサービス業","21","","5千万円以上 - 1億円未満","20170","","2017年度","","82,306","9,827","1,276,236","234,117"
"143","","その他のサービス業","21","","5千万円以上 - 1億円未満","20180","","2018年度","","55,930","2,438","1,052,045","193,631"
"143","","その他のサービス業","21","","5千万円以上 - 1億円未満","20190","","2019年度","","63,495","4,435","846,909","125,339"
"143","","その他のサービス業","21","","5千万円以上 - 1億円未満","20200","","2020年度","","71,367","3,782","1,000,615","164,866"
"143","","その他のサービス業","21","","5千万円以上 - 1億円未満","20210","","2021年度","","63,486","1,994","1,046,462","128,536"
"143","","その他のサービス業","21","","5千万円以上 - 1億円未満","20220","","2022年度","","61,519","2,136","1,105,648","102,924"
"143","","その他のサービス業","21","","5千万円以上 - 1億円未満","20230","","2023年度","","93,608","5,954","1,204,926","167,237"
"143","","その他のサービス業","21","","5千万円以上 - 1億円未満","20240","","2024年度","","92,230","5,772","1,076,425","195,697"
"143","","その他のサービス業","19","","1千万円以上 - 1億円未満","20150","","2015年度","","614,286","21,380","3,647,659","459,303"
"143","","その他のサービス業","19","","1千万円以上 - 1億円未満","20160","","2016年度","","580,755","22,252","4,171,919","611,607"
"143","","その他のサービス業","19","","1千万円以上 - 1億円未満","20170","","2017年度","","618,654","40,594","4,176,389","739,281"
"143","","その他のサービス業","19","","1千万円以上 - 1億円未満","20180","","2018年度","","589,688","29,883","4,656,747","719,880"
"143","","その他のサービス業","19","","1千万円以上 - 1億円未満","20190","","2019年度","","583,607","29,557","3,639,354","452,282"
"143","","その他のサービス業","19","","1千万円以上 - 1億円未満","20200","","2020年度","","590,667","21,871","3,814,013","457,688"
"143","","その他のサービス業","19","","1千万円以上 - 1億円未満","20210","","2021年度","","562,449","15,475","3,873,415","460,081"
"143","","その他のサービス業","19","","1千万円以上 - 1億円未満","20220","","2022年度","","615,430","13,517","4,628,755","472,507"
"143","","その他のサービス業","19","","1千万円以上 - 1億円未満","20230","","2023年度","","675,035","24,939","4,125,127","559,691"
"143","","その他のサービス業","19","","1千万円以上 - 1億円未満","20240","","2024年度","","730,138","25,972","4,145,388","636,612"
"143","","その他のサービス業","18","","1千万円以上 - 5千万円未満","20150","","2015年度","","556,958","16,962","2,871,759","340,438"
"143","","その他のサービス業","18","","1千万円以上 - 5千万円未満","20160","","2016年度","","516,429","16,231","3,239,121","455,918"
"143","","その他のサービス業","18","","1千万円以上 - 5千万円未満","20170","","2017年度","","536,348","30,767","2,900,153","505,164"
"143","","その他のサービス業","18","","1千万円以上 - 5千万円未満","20180","","2018年度","","533,758","27,445","3,604,702","526,249"
"143","","その他のサービス業","18","","1千万円以上 - 5千万円未満","20190","","2019年度","","520,112","25,122","2,792,445","326,943"
"143","","その他のサービス業","18","","1千万円以上 - 5千万円未満","20200","","2020年度","","519,300","18,089","2,813,398","292,822"
"143","","その他のサービス業","18","","1千万円以上 - 5千万円未満","20210","","2021年度","","498,963","13,481","2,826,953","331,545"
"143","","その他のサービス業","18","","1千万円以上 - 5千万円未満","20220","","2022年度","","553,911","11,381","3,523,107","369,583"
"143","","その他のサービス業","18","","1千万円以上 - 5千万円未満","20230","","2023年度","","581,427","18,985","2,920,201","392,454"
"143","","その他のサービス業","18","","1千万円以上 - 5千万円未満","20240","","2024年度","","637,908","20,200","3,068,963","440,915"
"143","","その他のサービス業","16","","1千万円未満","20150","","2015年度","","614,102","1,196","924,799","53,809"
"143","","その他のサービス業","16","","1千万円未満","20160","","2016年度","","584,362","8,095","1,133,282","55,409"
"143","","その他のサービス業","16","","1千万円未満","20170","","2017年度","","575,360","1,906","1,336,882","94,760"
"143","","その他のサービス業","16","","1千万円未満","20180","","2018年度","","671,943","13,214","1,318,188","116,138"
"143","","その他のサービス業","16","","1千万円未満","20190","","2019年度","","593,081","14,406","1,341,617","79,012"
"143","","その他のサービス業","16","","1千万円未満","20200","","2020年度","","541,838","8,146","929,706","55,936"
"143","","その他のサービス業","16","","1千万円未満","20210","","2021年度","","531,146","6,593","864,309","69,518"
"143","","その他のサービス業","16","","1千万円未満","20220","","2022年度","","662,313","13,330","1,012,710","95,000"
"143","","その他のサービス業","16","","1千万円未満","20230","","2023年度","","775,721","8,785","1,334,988","101,404"
"143","","その他のサービス業","16","","1千万円未満","20240","","2024年度","","841,077","27,140","1,579,080","169,407"
"143","","その他のサービス業","23","","1億円以上","20150","","2015年度","","65,534","5,556","2,860,408","528,415"
"143","","その他のサービス業","23","","1億円以上","20160","","2016年度","","64,151","6,441","3,956,093","772,663"
"143","","その他のサービス業","23","","1億円以上","20170","","2017年度","","67,058","5,798","3,768,864","826,012"
"143","","その他のサービス業","23","","1億円以上","20180","","2018年度","","69,272","6,718","4,056,147","856,273"
"143","","その他のサービス業","23","","1億円以上","20190","","2019年度","","69,823","8,869","4,308,245","939,439"
"143","","その他のサービス業","23","","1億円以上","20200","","2020年度","","72,571","7,501","4,417,511","899,043"
"143","","その他のサービス業","23","","1億円以上","20210","","2021年度","","69,465","6,176","4,508,767","894,099"
"143","","その他のサービス業","23","","1億円以上","20220","","2022年度","","127,413","7,107","4,152,405","817,365"
"143","","その他のサービス業","23","","1億円以上","20230","","2023年度","","77,413","7,129","3,811,835","890,526"
"143","","その他のサービス業","23","","1億円以上","20240","","2024年度","","76,636","10,517","4,241,175","912,826"
"143","","その他のサービス業","22","","1億円未満","20150","","2015年度","","1,228,388","22,576","4,572,458","513,112"
"143","","その他のサービス業","22","","1億円未満","20160","","2016年度","","1,165,117","30,347","5,305,201","667,016"
"143","","その他のサービス業","22","","1億円未満","20170","","2017年度","","1,194,014","42,500","5,513,271","834,041"
"143","","その他のサービス業","22","","1億円未満","20180","","2018年度","","1,261,631","43,097","5,974,935","836,018"
"143","","その他のサービス業","22","","1億円未満","20190","","2019年度","","1,176,688","43,963","4,980,971","531,294"
"143","","その他のサービス業","22","","1億円未満","20200","","2020年度","","1,132,505","30,017","4,743,719","513,624"
"143","","その他のサービス業","22","","1億円未満","20210","","2021年度","","1,093,595","22,068","4,737,724","529,599"
"143","","その他のサービス業","22","","1億円未満","20220","","2022年度","","1,277,743","26,847","5,641,465","567,507"
"143","","その他のサービス業","22","","1億円未満","20230","","2023年度","","1,450,756","33,724","5,460,115","661,095"
"143","","その他のサービス業","22","","1億円未満","20240","","2024年度","","1,571,215","53,112","5,724,468","806,019"
"143","","その他のサービス業","20","","2千万円以上 - 5千万円未満","20150","","2015年度","","125,181","5,528","842,025","106,041"
"143","","その他のサービス業","20","","2千万円以上 - 5千万円未満","20160","","2016年度","","149,106","6,455","1,028,976","139,235"
"143","","その他のサービス業","20","","2千万円以上 - 5千万円未満","20170","","2017年度","","178,168","13,879","1,308,928","289,980"
"143","","その他のサービス業","20","","2千万円以上 - 5千万円未満","20180","","2018年度","","174,776","7,915","1,675,571","278,383"
"143","","その他のサービス業","20","","2千万円以上 - 5千万円未満","20190","","2019年度","","138,980","3,090","1,360,100","183,064"
"143","","その他のサービス業","20","","2千万円以上 - 5千万円未満","20200","","2020年度","","136,934","4,405","1,300,757","157,592"
"143","","その他のサービス業","20","","2千万円以上 - 5千万円未満","20210","","2021年度","","126,362","3,576","1,150,042","138,946"
"143","","その他のサービス業","20","","2千万円以上 - 5千万円未満","20220","","2022年度","","137,811","3,602","1,516,901","227,320"
"143","","その他のサービス業","20","","2千万円以上 - 5千万円未満","20230","","2023年度","","180,357","4,251","1,646,941","251,205"
"143","","その他のサービス業","20","","2千万円以上 - 5千万円未満","20240","","2024年度","","170,260","6,393","1,295,372","254,984"
"143","","その他のサービス業","17","","1千万円以上 - 2千万円未満","20150","","2015年度","","431,777","11,434","2,029,734","234,397"
"143","","その他のサービス業","17","","1千万円以上 - 2千万円未満","20160","","2016年度","","367,323","9,776","2,210,145","316,683"
"143","","その他のサービス業","17","","1千万円以上 - 2千万円未満","20170","","2017年度","","358,180","16,888","1,591,225","215,184"
"143","","その他のサービス業","17","","1千万円以上 - 2千万円未満","20180","","2018年度","","358,982","19,530","1,929,131","247,866"
"143","","その他のサービス業","17","","1千万円以上 - 2千万円未満","20190","","2019年度","","381,132","22,032","1,432,345","143,879"
"143","","その他のサービス業","17","","1千万円以上 - 2千万円未満","20200","","2020年度","","382,366","13,684","1,512,641","135,230"
"143","","その他のサービス業","17","","1千万円以上 - 2千万円未満","20210","","2021年度","","372,601","9,905","1,676,911","192,599"
"143","","その他のサービス業","17","","1千万円以上 - 2千万円未満","20220","","2022年度","","416,100","7,779","2,006,206","142,263"
"143","","その他のサービス業","17","","1千万円以上 - 2千万円未満","20230","","2023年度","","401,070","14,734","1,273,260","141,249"
"143","","その他のサービス業","17","","1千万円以上 - 2千万円未満","20240","","2024年度","","467,648","13,807","1,773,591","185,931"
