"統計名：","法人企業統計調査 時系列データ"
"表番号：","1"
"表題：","[時系列データ] 金融業、保険業以外の業種(原数値)"
"実施年月：","2024年度","-"

"*","計算結果が値を持たない項目"
"***","数字が得られないもの"

"","","","","","","","","","/調査項目 (金融業、保険業以外の業種) コード","012","013","016","217","022","062","146","147","148","149"
"","","","","","","","","","/調査項目 (金融業、保険業以外の業種) 補助コード","-","-","-","-","-","-","-","-","-","-"
"業種 (金融業、保険業以外の業種) コード","業種 (金融業、保険業以外の業種) 補助コード","業種 (金融業、保険業以外の業種)","規模 (金融業、保険業以外の業種) コード","規模 (金融業、保険業以外の業種) 補助コード","規模 (金融業、保険業以外の業種)","年  期 コード","年  期 補助コード","年  期","/調査項目 (金融業、保険業以外の業種)","土地(当期末固定資産)【百万円】","建設仮勘定(当期末固定資産)【百万円】","ソフトウェア(当期末固定資産)【百万円】","無形固定資産計(当期末固定資産)【百万円】","資産合計(当期末)【百万円】","減価償却費(当期末)【百万円】","棚卸資産(当期末)【百万円】","固定資産(当期末)【百万円】","有形固定資産(当期末)【百万円】","無形固定資産(当期末)【百万円】"
"104","","全産業（除く金融保険業）","26","","全規模","20150","","2015年度","","178,901,922","18,438,947","8,632,451","19,338,344","1,592,410,255","38,135,177","108,435,769","876,013,406","457,649,645","19,338,344"
"104","","全産業（除く金融保険業）","26","","全規模","20160","","2016年度","","178,746,122","19,694,272","9,493,225","23,714,698","1,647,794,995","36,762,026","108,891,347","918,109,519","455,652,624","23,714,698"
"104","","全産業（除く金融保険業）","26","","全規模","20170","","2017年度","","184,649,420","21,332,277","10,148,010","24,552,282","1,760,070,137","37,261,397","119,557,916","984,543,903","470,213,433","24,552,282"
"104","","全産業（除く金融保険業）","26","","全規模","20180","","2018年度","","192,917,825","26,305,191","9,645,533","23,943,574","1,799,581,547","37,356,787","124,057,279","1,018,255,997","490,830,024","23,943,574"
"104","","全産業（除く金融保険業）","26","","全規模","20190","","2019年度","","185,447,248","26,377,745","10,163,289","25,234,260","1,805,573,889","38,356,574","120,050,899","1,039,198,033","486,494,116","25,234,260"
"104","","全産業（除く金融保険業）","26","","全規模","20200","","2020年度","","184,231,681","28,041,605","11,258,125","27,179,458","1,879,658,079","38,333,565","119,301,851","1,062,125,583","489,623,375","27,179,458"
"104","","全産業（除く金融保険業）","26","","全規模","20210","","2021年度","","190,459,649","31,180,587","12,584,179","32,366,750","2,015,722,579","40,746,579","133,094,724","1,124,048,187","509,565,417","32,366,750"
"104","","全産業（除く金融保険業）","26","","全規模","20220","","2022年度","","191,761,673","31,031,461","13,200,063","31,973,876","2,098,490,242","41,702,724","150,243,826","1,150,869,868","515,577,877","31,973,876"
"104","","全産業（除く金融保険業）","26","","全規模","20230","","2023年度","","200,666,772","33,301,228","15,168,452","35,817,343","2,195,625,551","42,048,389","155,981,542","1,217,580,535","532,174,460","35,817,343"
"104","","全産業（除く金融保険業）","26","","全規模","20240","","2024年度","","210,353,582","35,240,464","16,065,807","39,085,333","2,270,099,566","42,964,157","162,078,147","1,271,054,398","555,550,187","39,085,333"
"104","","全産業（除く金融保険業）","25","","10億円以上","20150","","2015年度","","62,019,865","12,090,963","6,181,474","12,060,845","798,530,796","17,854,450","46,693,998","496,850,415","195,989,900","12,060,845"
"104","","全産業（除く金融保険業）","25","","10億円以上","20160","","2016年度","","62,967,443","12,299,912","6,394,600","14,824,826","845,855,119","17,615,881","47,376,390","533,863,197","198,902,863","14,824,826"
"104","","全産業（除く金融保険業）","25","","10億円以上","20170","","2017年度","","61,782,861","14,222,086","6,505,941","15,118,478","883,368,509","17,498,554","50,639,072","555,427,307","199,778,928","15,118,478"
"104","","全産業（除く金融保険業）","25","","10億円以上","20180","","2018年度","","64,211,067","16,252,259","6,818,120","15,623,722","921,723,484","18,156,500","52,766,133","585,622,087","209,053,891","15,623,722"
"104","","全産業（除く金融保険業）","25","","10億円以上","20190","","2019年度","","64,819,388","17,148,336","7,457,830","17,522,100","945,062,799","18,752,607","53,031,458","610,817,774","212,366,878","17,522,100"
"104","","全産業（除く金融保険業）","25","","10億円以上","20200","","2020年度","","64,689,615","17,285,617","7,896,243","17,604,479","1,002,695,495","18,277,021","52,541,205","648,888,112","213,315,512","17,604,479"
"104","","全産業（除く金融保険業）","25","","10億円以上","20210","","2021年度","","65,086,251","18,558,908","8,436,671","17,756,382","1,055,224,456","18,439,148","60,032,531","666,006,170","214,933,928","17,756,382"
"104","","全産業（除く金融保険業）","25","","10億円以上","20220","","2022年度","","66,802,579","20,148,173","9,132,651","18,101,675","1,105,302,385","18,493,966","70,399,184","691,714,905","221,138,550","18,101,675"
"104","","全産業（除く金融保険業）","25","","10億円以上","20230","","2023年度","","66,717,316","22,635,787","10,203,285","20,335,667","1,162,980,452","18,988,148","72,554,282","729,267,430","225,965,375","20,335,667"
"104","","全産業（除く金融保険業）","25","","10億円以上","20240","","2024年度","","67,008,371","24,291,204","10,925,867","21,205,589","1,178,023,178","19,304,472","74,888,888","743,310,338","231,926,073","21,205,589"
"104","","全産業（除く金融保険業）","24","","1億円以上 - 10億円未満","20150","","2015年度","","20,839,865","1,315,669","1,377,743","2,891,271","197,814,076","5,012,573","16,718,582","83,933,915","53,334,614","2,891,271"
"104","","全産業（除く金融保険業）","24","","1億円以上 - 10億円未満","20160","","2016年度","","21,795,658","1,886,711","1,396,593","3,423,596","207,050,238","5,125,986","17,776,368","87,900,273","55,654,805","3,423,596"
"104","","全産業（除く金融保険業）","24","","1億円以上 - 10億円未満","20170","","2017年度","","23,882,938","2,072,611","1,612,987","4,226,401","223,922,467","5,501,353","18,904,096","95,638,523","61,732,165","4,226,401"
"104","","全産業（除く金融保険業）","24","","1億円以上 - 10億円未満","20180","","2018年度","","22,740,854","1,892,569","1,611,137","3,720,153","232,973,867","5,420,571","20,682,796","100,526,470","59,532,625","3,720,153"
"104","","全産業（除く金融保険業）","24","","1億円以上 - 10億円未満","20190","","2019年度","","22,544,044","2,542,841","1,611,058","3,445,920","228,468,640","5,624,588","20,949,951","99,057,257","60,786,920","3,445,920"
"104","","全産業（除く金融保険業）","24","","1億円以上 - 10億円未満","20200","","2020年度","","23,029,023","2,583,206","2,066,570","4,479,473","236,262,798","6,043,638","22,318,528","101,150,606","62,709,473","4,479,473"
"104","","全産業（除く金融保険業）","24","","1億円以上 - 10億円未満","20210","","2021年度","","22,837,600","3,065,801","2,495,452","5,485,393","265,581,078","6,225,987","26,959,493","110,560,563","64,082,639","5,485,393"
"104","","全産業（除く金融保険業）","24","","1億円以上 - 10億円未満","20220","","2022年度","","25,369,405","3,203,745","2,309,507","6,215,107","282,753,991","6,224,791","29,395,337","120,042,235","68,798,024","6,215,107"
"104","","全産業（除く金融保険業）","24","","1億円以上 - 10億円未満","20230","","2023年度","","25,538,822","2,588,774","2,629,244","5,029,666","298,385,964","6,825,576","33,459,187","125,110,119","71,680,619","5,029,666"
"104","","全産業（除く金融保険業）","24","","1億円以上 - 10億円未満","20240","","2024年度","","26,982,813","3,532,798","2,791,697","7,294,748","322,057,700","7,246,013","33,871,122","139,968,748","78,456,434","7,294,748"
"104","","全産業（除く金融保険業）","21","","5千万円以上 - 1億円未満","20150","","2015年度","","22,686,677","892,541","385,952","1,372,661","154,822,128","3,371,748","14,234,808","68,961,544","47,324,695","1,372,661"
"104","","全産業（除く金融保険業）","21","","5千万円以上 - 1億円未満","20160","","2016年度","","21,481,076","772,489","580,323","1,576,464","150,573,345","3,401,204","13,071,756","69,513,709","46,647,057","1,576,464"
"104","","全産業（除く金融保険業）","21","","5千万円以上 - 1億円未満","20170","","2017年度","","24,010,463","1,314,259","614,854","1,965,112","166,532,625","3,444,468","13,098,680","84,907,332","51,346,297","1,965,112"
"104","","全産業（除く金融保険業）","21","","5千万円以上 - 1億円未満","20180","","2018年度","","21,611,735","1,360,255","401,160","1,376,993","148,902,544","2,965,288","17,359,680","67,124,404","46,812,004","1,376,993"
"104","","全産業（除く金融保険業）","21","","5千万円以上 - 1億円未満","20190","","2019年度","","20,483,889","1,043,929","435,292","1,287,714","148,338,672","3,304,001","12,607,524","68,154,023","45,205,742","1,287,714"
"104","","全産業（除く金融保険業）","21","","5千万円以上 - 1億円未満","20200","","2020年度","","20,335,462","973,638","519,312","1,981,992","152,252,749","3,156,112","14,058,360","67,456,334","45,117,547","1,981,992"
"104","","全産業（除く金融保険業）","21","","5千万円以上 - 1億円未満","20210","","2021年度","","21,859,616","1,228,746","640,195","2,984,605","159,336,896","3,341,241","13,503,341","73,155,153","48,255,402","2,984,605"
"104","","全産業（除く金融保険業）","21","","5千万円以上 - 1億円未満","20220","","2022年度","","22,508,057","957,410","682,080","2,120,297","175,952,779","3,316,234","16,167,531","76,454,505","48,445,977","2,120,297"
"104","","全産業（除く金融保険業）","21","","5千万円以上 - 1億円未満","20230","","2023年度","","23,409,902","1,578,338","605,860","1,721,892","186,798,202","3,511,356","18,127,517","84,450,847","51,132,735","1,721,892"
"104","","全産業（除く金融保険業）","21","","5千万円以上 - 1億円未満","20240","","2024年度","","22,656,143","1,414,130","839,594","1,882,730","191,548,679","3,693,195","19,028,178","88,727,796","50,482,767","1,882,730"
"104","","全産業（除く金融保険業）","19","","1千万円以上 - 1億円未満","20150","","2015年度","","77,442,669","3,389,563","960,233","3,886,738","484,341,783","10,519,420","38,306,486","232,201,267","157,254,055","3,886,738"
"104","","全産業（除く金融保険業）","19","","1千万円以上 - 1億円未満","20160","","2016年度","","73,428,855","4,115,150","1,591,788","4,935,209","486,274,770","10,075,630","38,024,282","235,130,938","153,978,843","4,935,209"
"104","","全産業（除く金融保険業）","19","","1千万円以上 - 1億円未満","20170","","2017年度","","80,342,466","4,132,480","1,926,451","4,676,770","538,463,511","10,495,452","42,121,186","271,736,899","162,880,762","4,676,770"
"104","","全産業（除く金融保険業）","19","","1千万円以上 - 1億円未満","20180","","2018年度","","84,526,719","5,774,979","1,100,220","3,839,940","522,462,246","9,684,953","43,047,985","262,734,356","168,880,069","3,839,940"
"104","","全産業（除く金融保険業）","19","","1千万円以上 - 1億円未満","20190","","2019年度","","76,692,195","4,603,632","992,021","3,476,280","508,095,077","9,897,337","38,220,837","257,677,784","156,639,166","3,476,280"
"104","","全産業（除く金融保険業）","19","","1千万円以上 - 1億円未満","20200","","2020年度","","75,527,214","5,784,076","1,178,170","4,163,185","500,483,874","9,679,848","37,798,513","236,241,210","156,648,747","4,163,185"
"104","","全産業（除く金融保険業）","19","","1千万円以上 - 1億円未満","20210","","2021年度","","79,642,053","6,999,410","1,493,174","7,759,966","548,249,918","10,795,506","39,064,504","265,081,297","170,737,797","7,759,966"
"104","","全産業（除く金融保険業）","19","","1千万円以上 - 1億円未満","20220","","2022年度","","78,516,782","4,709,504","1,585,981","6,589,199","563,707,633","10,824,632","43,435,688","255,925,687","162,613,517","6,589,199"
"104","","全産業（除く金融保険業）","19","","1千万円以上 - 1億円未満","20230","","2023年度","","80,038,342","4,899,931","2,115,504","9,164,305","572,319,568","11,208,684","42,787,770","275,415,878","166,258,288","9,164,305"
"104","","全産業（除く金融保険業）","19","","1千万円以上 - 1億円未満","20240","","2024年度","","81,937,272","5,067,511","2,110,071","9,633,351","601,066,679","11,423,658","45,201,010","293,739,657","172,189,883","9,633,351"
"104","","全産業（除く金融保険業）","18","","1千万円以上 - 5千万円未満","20150","","2015年度","","54,755,992","2,497,022","574,281","2,514,077","329,519,655","7,147,672","24,071,678","163,239,723","109,929,360","2,514,077"
"104","","全産業（除く金融保険業）","18","","1千万円以上 - 5千万円未満","20160","","2016年度","","51,947,779","3,342,661","1,011,465","3,358,745","335,701,425","6,674,426","24,952,526","165,617,229","107,331,786","3,358,745"
"104","","全産業（除く金融保険業）","18","","1千万円以上 - 5千万円未満","20170","","2017年度","","56,332,003","2,818,221","1,311,597","2,711,658","371,930,886","7,050,984","29,022,506","186,829,567","111,534,465","2,711,658"
"104","","全産業（除く金融保険業）","18","","1千万円以上 - 5千万円未満","20180","","2018年度","","62,914,984","4,414,724","699,060","2,462,947","373,559,702","6,719,665","25,688,305","195,609,952","122,068,065","2,462,947"
"104","","全産業（除く金融保険業）","18","","1千万円以上 - 5千万円未満","20190","","2019年度","","56,208,306","3,559,703","556,729","2,188,566","359,756,405","6,593,336","25,613,313","189,523,761","111,433,424","2,188,566"
"104","","全産業（除く金融保険業）","18","","1千万円以上 - 5千万円未満","20200","","2020年度","","55,191,752","4,810,438","658,858","2,181,193","348,231,125","6,523,736","23,740,153","168,784,876","111,531,200","2,181,193"
"104","","全産業（除く金融保険業）","18","","1千万円以上 - 5千万円未満","20210","","2021年度","","57,782,437","5,770,664","852,979","4,775,361","388,913,022","7,454,265","25,561,163","191,926,144","122,482,395","4,775,361"
"104","","全産業（除く金融保険業）","18","","1千万円以上 - 5千万円未満","20220","","2022年度","","56,008,725","3,752,094","903,901","4,468,902","387,754,854","7,508,398","27,268,157","179,471,182","114,167,540","4,468,902"
"104","","全産業（除く金融保険業）","18","","1千万円以上 - 5千万円未満","20230","","2023年度","","56,628,440","3,321,593","1,509,644","7,442,413","385,521,366","7,697,328","24,660,253","190,965,031","115,125,553","7,442,413"
"104","","全産業（除く金融保険業）","18","","1千万円以上 - 5千万円未満","20240","","2024年度","","59,281,129","3,653,381","1,270,477","7,750,621","409,518,000","7,730,463","26,172,832","205,011,861","121,707,116","7,750,621"
"104","","全産業（除く金融保険業）","16","","1千万円未満","20150","","2015年度","","18,599,523","1,642,752","113,001","499,490","111,723,600","4,748,734","6,716,703","63,027,809","51,071,076","499,490"
"104","","全産業（除く金融保険業）","16","","1千万円未満","20160","","2016年度","","20,554,166","1,392,499","110,244","531,067","108,614,868","3,944,529","5,714,307","61,215,111","47,116,113","531,067"
"104","","全産業（除く金融保険業）","16","","1千万円未満","20170","","2017年度","","18,641,155","905,100","102,631","530,633","114,315,650","3,766,038","7,893,562","61,741,174","45,821,578","530,633"
"104","","全産業（除く金融保険業）","16","","1千万円未満","20180","","2018年度","","21,439,185","2,385,384","116,056","759,759","122,421,950","4,094,763","7,560,365","69,373,084","53,363,439","759,759"
"104","","全産業（除く金融保険業）","16","","1千万円未満","20190","","2019年度","","21,391,621","2,082,936","102,380","789,960","123,947,373","4,082,042","7,848,653","71,645,218","56,701,152","789,960"
"104","","全産業（除く金融保険業）","16","","1千万円未満","20200","","2020年度","","20,985,829","2,388,706","117,142","932,321","140,215,912","4,333,058","6,643,605","75,845,655","56,949,643","932,321"
"104","","全産業（除く金融保険業）","16","","1千万円未満","20210","","2021年度","","22,893,745","2,556,468","158,882","1,365,009","146,667,127","5,285,938","7,038,196","82,400,157","59,811,053","1,365,009"
"104","","全産業（除く金融保険業）","16","","1千万円未満","20220","","2022年度","","21,072,907","2,970,039","171,924","1,067,895","146,726,233","6,159,335","7,013,617","83,187,041","63,027,786","1,067,895"
"104","","全産業（除く金融保険業）","16","","1千万円未満","20230","","2023年度","","28,372,292","3,176,736","220,419","1,287,705","161,939,567","5,025,981","7,180,303","87,787,108","68,270,178","1,287,705"
"104","","全産業（除く金融保険業）","16","","1千万円未満","20240","","2024年度","","34,425,126","2,348,951","238,172","951,645","168,952,009","4,990,014","8,117,127","94,035,655","72,977,797","951,645"
"104","","全産業（除く金融保険業）","23","","1億円以上","20150","","2015年度","","82,859,730","13,406,632","7,559,217","14,952,116","996,344,872","22,867,023","63,412,580","580,784,330","249,324,514","14,952,116"
"104","","全産業（除く金融保険業）","23","","1億円以上","20160","","2016年度","","84,763,101","14,186,623","7,791,193","18,248,422","1,052,905,357","22,741,867","65,152,758","621,763,470","254,557,668","18,248,422"
"104","","全産業（除く金融保険業）","23","","1億円以上","20170","","2017年度","","85,665,799","16,294,697","8,118,928","19,344,879","1,107,290,976","22,999,907","69,543,168","651,065,830","261,511,093","19,344,879"
"104","","全産業（除く金融保険業）","23","","1億円以上","20180","","2018年度","","86,951,921","18,144,828","8,429,257","19,343,875","1,154,697,351","23,577,071","73,448,929","686,148,557","268,586,516","19,343,875"
"104","","全産業（除く金融保険業）","23","","1億円以上","20190","","2019年度","","87,363,432","19,691,177","9,068,888","20,968,020","1,173,531,439","24,377,195","73,981,409","709,875,031","273,153,798","20,968,020"
"104","","全産業（除く金融保険業）","23","","1億円以上","20200","","2020年度","","87,718,638","19,868,823","9,962,813","22,083,952","1,238,958,293","24,320,659","74,859,733","750,038,718","276,024,985","22,083,952"
"104","","全産業（除く金融保険業）","23","","1億円以上","20210","","2021年度","","87,923,851","21,624,709","10,932,123","23,241,775","1,320,805,534","24,665,135","86,992,024","776,566,733","279,016,567","23,241,775"
"104","","全産業（除く金融保険業）","23","","1億円以上","20220","","2022年度","","92,171,984","23,351,918","11,442,158","24,316,782","1,388,056,376","24,718,757","99,794,521","811,757,140","289,936,574","24,316,782"
"104","","全産業（除く金融保険業）","23","","1億円以上","20230","","2023年度","","92,256,138","25,224,561","12,832,529","25,365,333","1,461,366,416","25,813,724","106,013,469","854,377,549","297,645,994","25,365,333"
"104","","全産業（除く金融保険業）","23","","1億円以上","20240","","2024年度","","93,991,184","27,824,002","13,717,564","28,500,337","1,500,080,878","26,550,485","108,760,010","883,279,086","310,382,507","28,500,337"
"104","","全産業（除く金融保険業）","22","","1億円未満","20150","","2015年度","","96,042,192","5,032,315","1,073,234","4,386,228","596,065,383","15,268,154","45,023,189","295,229,076","208,325,131","4,386,228"
"104","","全産業（除く金融保険業）","22","","1億円未満","20160","","2016年度","","93,983,021","5,507,649","1,702,032","5,466,276","594,889,638","14,020,159","43,738,589","296,346,049","201,094,956","5,466,276"
"104","","全産業（除く金融保険業）","22","","1億円未満","20170","","2017年度","","98,983,621","5,037,580","2,029,082","5,207,403","652,779,161","14,261,490","50,014,748","333,478,073","208,702,340","5,207,403"
"104","","全産業（除く金融保険業）","22","","1億円未満","20180","","2018年度","","105,965,904","8,160,363","1,216,276","4,599,699","644,884,196","13,779,716","50,608,350","332,107,440","222,243,508","4,599,699"
"104","","全産業（除く金融保険業）","22","","1億円未満","20190","","2019年度","","98,083,816","6,686,568","1,094,401","4,266,240","632,042,450","13,979,379","46,069,490","329,323,002","213,340,318","4,266,240"
"104","","全産業（除く金融保険業）","22","","1億円未満","20200","","2020年度","","96,513,043","8,172,782","1,295,312","5,095,506","640,699,786","14,012,906","44,442,118","312,086,865","213,598,390","5,095,506"
"104","","全産業（除く金融保険業）","22","","1億円未満","20210","","2021年度","","102,535,798","9,555,878","1,652,056","9,124,975","694,917,045","16,081,444","46,102,700","347,481,454","230,548,850","9,124,975"
"104","","全産業（除く金融保険業）","22","","1億円未満","20220","","2022年度","","99,589,689","7,679,543","1,757,905","7,657,094","710,433,866","16,983,967","50,449,305","339,112,728","225,641,303","7,657,094"
"104","","全産業（除く金融保険業）","22","","1億円未満","20230","","2023年度","","108,410,634","8,076,667","2,335,923","10,452,010","734,259,135","16,234,665","49,968,073","363,202,986","234,528,466","10,452,010"
"104","","全産業（除く金融保険業）","22","","1億円未満","20240","","2024年度","","116,362,398","7,416,462","2,348,243","10,584,996","770,018,688","16,413,672","53,318,137","387,775,312","245,167,680","10,584,996"
"104","","全産業（除く金融保険業）","20","","2千万円以上 - 5千万円未満","20150","","2015年度","","23,236,973","840,245","275,034","1,010,390","139,289,275","3,102,294","11,359,908","63,476,858","45,626,503","1,010,390"
"104","","全産業（除く金融保険業）","20","","2千万円以上 - 5千万円未満","20160","","2016年度","","22,875,370","938,629","574,079","1,083,520","141,034,568","2,896,296","12,129,432","63,028,341","45,997,613","1,083,520"
"104","","全産業（除く金融保険業）","20","","2千万円以上 - 5千万円未満","20170","","2017年度","","22,893,905","1,440,699","933,559","1,421,695","155,728,330","3,166,199","14,610,051","67,123,556","45,463,952","1,421,695"
"104","","全産業（除く金融保険業）","20","","2千万円以上 - 5千万円未満","20180","","2018年度","","24,464,528","1,684,986","352,337","1,149,873","152,884,605","3,090,480","13,446,331","66,780,350","46,971,944","1,149,873"
"104","","全産業（除く金融保険業）","20","","2千万円以上 - 5千万円未満","20190","","2019年度","","24,027,435","1,116,389","372,797","1,209,339","146,173,875","3,229,725","15,038,975","65,576,900","46,745,247","1,209,339"
"104","","全産業（除く金融保険業）","20","","2千万円以上 - 5千万円未満","20200","","2020年度","","23,316,461","2,434,487","364,943","1,095,819","154,917,021","2,868,004","13,714,106","68,768,644","47,080,478","1,095,819"
"104","","全産業（除く金融保険業）","20","","2千万円以上 - 5千万円未満","20210","","2021年度","","23,711,920","2,908,792","443,510","1,798,519","170,868,652","3,258,222","13,305,842","75,465,175","51,072,969","1,798,519"
"104","","全産業（除く金融保険業）","20","","2千万円以上 - 5千万円未満","20220","","2022年度","","24,072,468","1,470,643","598,597","2,387,222","173,531,148","3,486,418","14,291,601","75,354,548","50,037,923","2,387,222"
"104","","全産業（除く金融保険業）","20","","2千万円以上 - 5千万円未満","20230","","2023年度","","23,648,299","1,380,847","641,713","2,566,046","169,121,458","3,897,362","14,080,314","76,556,113","50,336,385","2,566,046"
"104","","全産業（除く金融保険業）","20","","2千万円以上 - 5千万円未満","20240","","2024年度","","23,858,256","1,270,628","410,627","2,084,068","175,232,606","3,533,095","13,677,798","82,547,032","49,469,334","2,084,068"
"104","","全産業（除く金融保険業）","17","","1千万円以上 - 2千万円未満","20150","","2015年度","","31,519,019","1,656,777","299,247","1,503,687","190,230,380","4,045,378","12,711,770","99,762,865","64,302,857","1,503,687"
"104","","全産業（除く金融保険業）","17","","1千万円以上 - 2千万円未満","20160","","2016年度","","29,072,409","2,404,032","437,386","2,275,225","194,666,857","3,778,130","12,823,094","102,588,888","61,334,173","2,275,225"
"104","","全産業（除く金融保険業）","17","","1千万円以上 - 2千万円未満","20170","","2017年度","","33,438,098","1,377,522","378,038","1,289,963","216,202,556","3,884,785","14,412,455","119,706,011","66,070,513","1,289,963"
"104","","全産業（除く金融保険業）","17","","1千万円以上 - 2千万円未満","20180","","2018年度","","38,450,456","2,729,738","346,723","1,313,074","220,675,097","3,629,185","12,241,974","128,829,602","75,096,121","1,313,074"
"104","","全産業（除く金融保険業）","17","","1千万円以上 - 2千万円未満","20190","","2019年度","","32,180,871","2,443,314","183,932","979,227","213,582,530","3,363,611","10,574,338","123,946,861","64,688,177","979,227"
"104","","全産業（除く金融保険業）","17","","1千万円以上 - 2千万円未満","20200","","2020年度","","31,875,291","2,375,951","293,915","1,085,374","193,314,104","3,655,732","10,026,047","100,016,232","64,450,722","1,085,374"
"104","","全産業（除く金融保険業）","17","","1千万円以上 - 2千万円未満","20210","","2021年度","","34,070,517","2,861,872","409,469","2,976,842","218,044,370","4,196,043","12,255,321","116,460,969","71,409,426","2,976,842"
"104","","全産業（除く金融保険業）","17","","1千万円以上 - 2千万円未満","20220","","2022年度","","31,936,257","2,281,451","305,304","2,081,680","214,223,706","4,021,980","12,976,556","104,116,634","64,129,617","2,081,680"
"104","","全産業（除く金融保険業）","17","","1千万円以上 - 2千万円未満","20230","","2023年度","","32,980,141","1,940,746","867,931","4,876,367","216,399,908","3,799,966","10,579,939","114,408,918","64,789,168","4,876,367"
"104","","全産業（除く金融保険業）","17","","1千万円以上 - 2千万円未満","20240","","2024年度","","35,422,873","2,382,753","859,850","5,666,553","234,285,394","4,197,368","12,495,034","122,464,829","72,237,782","5,666,553"
"108","","製造業","26","","全規模","20150","","2015年度","","35,672,971","5,292,921","2,342,149","4,608,987","441,203,223","11,552,362","41,234,351","221,975,021","103,161,705","4,608,987"
"108","","製造業","26","","全規模","20160","","2016年度","","34,904,550","5,225,274","2,433,100","5,672,819","450,849,273","11,868,570","41,719,849","230,372,116","103,110,205","5,672,819"
"108","","製造業","26","","全規模","20170","","2017年度","","35,301,735","5,844,240","2,478,237","5,947,511","471,679,827","12,169,732","44,100,169","242,769,910","107,070,555","5,947,511"
"108","","製造業","26","","全規模","20180","","2018年度","","36,040,114","6,301,115","2,541,009","6,523,958","485,766,606","12,182,956","46,241,883","256,170,978","108,764,105","6,523,958"
"108","","製造業","26","","全規模","20190","","2019年度","","35,100,596","6,776,535","2,725,063","6,420,245","481,415,382","12,430,346","46,236,938","259,474,803","110,197,306","6,420,245"
"108","","製造業","26","","全規模","20200","","2020年度","","34,782,362","7,004,523","2,833,112","6,574,016","502,620,424","12,438,955","45,350,703","270,227,648","110,699,032","6,574,016"
"108","","製造業","26","","全規模","20210","","2021年度","","34,564,145","7,333,336","3,208,586","7,492,090","535,861,370","12,797,538","53,272,893","278,656,638","112,256,373","7,492,090"
"108","","製造業","26","","全規模","20220","","2022年度","","34,305,546","8,418,452","3,496,363","7,824,227","551,145,067","12,911,049","62,804,063","282,175,763","114,390,482","7,824,227"
"108","","製造業","26","","全規模","20230","","2023年度","","35,234,848","10,507,705","3,967,960","8,316,142","583,916,016","12,757,863","63,057,202","304,408,262","117,813,237","8,316,142"
"108","","製造業","26","","全規模","20240","","2024年度","","35,427,292","11,760,634","4,432,460","9,464,958","594,114,614","13,213,458","64,586,153","307,818,473","123,061,467","9,464,958"
"108","","製造業","25","","10億円以上","20150","","2015年度","","16,630,874","3,691,324","1,913,680","3,352,485","283,836,565","7,020,307","24,132,158","155,830,890","55,676,235","3,352,485"
"108","","製造業","25","","10億円以上","20160","","2016年度","","16,402,724","3,512,580","1,987,571","4,122,957","293,657,106","7,210,701","24,020,987","164,415,117","56,031,734","4,122,957"
"108","","製造業","25","","10億円以上","20170","","2017年度","","16,150,877","4,032,573","2,006,527","4,040,632","305,552,557","7,265,528","25,739,084","171,690,212","56,874,842","4,040,632"
"108","","製造業","25","","10億円以上","20180","","2018年度","","16,271,480","4,547,667","2,082,378","4,720,874","317,442,376","7,502,912","27,225,396","183,013,088","59,195,816","4,720,874"
"108","","製造業","25","","10億円以上","20190","","2019年度","","16,250,084","4,892,085","2,237,907","4,950,474","319,380,812","7,755,863","27,180,914","187,652,101","60,490,546","4,950,474"
"108","","製造業","25","","10億円以上","20200","","2020年度","","16,233,551","5,066,453","2,331,978","4,885,160","337,555,141","7,738,468","27,120,604","198,950,079","61,440,768","4,885,160"
"108","","製造業","25","","10億円以上","20210","","2021年度","","15,970,899","5,377,678","2,648,036","5,322,204","353,244,936","7,805,545","31,885,629","201,800,943","61,494,079","5,322,204"
"108","","製造業","25","","10億円以上","20220","","2022年度","","15,965,514","6,057,042","2,898,688","5,293,574","367,432,474","7,854,858","38,191,529","206,148,145","63,511,285","5,293,574"
"108","","製造業","25","","10億円以上","20230","","2023年度","","15,995,662","7,704,424","3,288,944","5,542,021","388,041,999","7,686,913","37,973,276","218,754,339","64,504,325","5,542,021"
"108","","製造業","25","","10億円以上","20240","","2024年度","","15,853,819","8,916,469","3,701,369","6,285,958","390,816,532","7,824,959","38,363,636","219,398,947","67,618,761","6,285,958"
"108","","製造業","24","","1億円以上 - 10億円未満","20150","","2015年度","","4,382,770","513,443","257,388","503,218","53,345,420","1,822,402","6,721,232","21,718,604","14,548,791","503,218"
"108","","製造業","24","","1億円以上 - 10億円未満","20160","","2016年度","","4,625,466","687,744","266,016","535,620","55,927,179","1,897,684","7,025,541","22,796,068","15,521,329","535,620"
"108","","製造業","24","","1億円以上 - 10億円未満","20170","","2017年度","","4,980,407","788,123","302,197","1,359,917","60,931,998","2,046,579","7,166,590","25,798,913","17,047,033","1,359,917"
"108","","製造業","24","","1億円以上 - 10億円未満","20180","","2018年度","","5,044,926","780,795","288,684","1,009,735","61,057,202","1,902,082","7,742,618","26,021,650","16,441,133","1,009,735"
"108","","製造業","24","","1億円以上 - 10億円未満","20190","","2019年度","","4,665,899","901,743","216,781","847,812","57,467,458","1,914,994","7,452,111","24,471,125","16,517,658","847,812"
"108","","製造業","24","","1億円以上 - 10億円未満","20200","","2020年度","","4,593,909","748,805","310,682","928,121","61,557,037","2,013,230","8,317,025","25,225,831","16,529,134","928,121"
"108","","製造業","24","","1億円以上 - 10億円未満","20210","","2021年度","","4,922,629","901,552","322,730","1,022,122","69,626,082","2,121,267","10,612,812","27,821,507","17,594,957","1,022,122"
"108","","製造業","24","","1億円以上 - 10億円未満","20220","","2022年度","","4,903,880","1,012,654","336,869","1,728,790","71,738,153","2,138,950","11,699,984","28,801,317","17,437,099","1,728,790"
"108","","製造業","24","","1億円以上 - 10億円未満","20230","","2023年度","","4,728,810","1,257,497","431,530","1,052,895","76,096,066","2,156,211","11,581,657","30,697,315","18,268,022","1,052,895"
"108","","製造業","24","","1億円以上 - 10億円未満","20240","","2024年度","","5,241,173","1,699,583","501,610","1,427,522","85,586,946","2,357,197","12,441,221","36,889,421","20,545,367","1,427,522"
"108","","製造業","21","","5千万円以上 - 1億円未満","20150","","2015年度","","4,515,185","304,835","88,723","429,705","37,286,473","1,003,024","3,926,156","15,934,944","10,801,613","429,705"
"108","","製造業","21","","5千万円以上 - 1億円未満","20160","","2016年度","","4,135,384","279,902","84,809","256,638","34,254,738","1,040,872","3,845,275","14,705,077","10,306,361","256,638"
"108","","製造業","21","","5千万円以上 - 1億円未満","20170","","2017年度","","4,034,212","299,867","71,095","193,441","33,143,192","945,826","3,853,799","14,031,184","10,072,489","193,441"
"108","","製造業","21","","5千万円以上 - 1億円未満","20180","","2018年度","","3,967,807","372,553","75,741","199,504","33,166,902","879,540","4,309,191","14,247,360","10,076,884","199,504"
"108","","製造業","21","","5千万円以上 - 1億円未満","20190","","2019年度","","3,896,117","265,568","85,262","201,651","33,945,475","999,101","4,131,843","15,060,158","10,502,456","201,651"
"108","","製造業","21","","5千万円以上 - 1億円未満","20200","","2020年度","","3,714,323","295,572","87,530","413,632","33,002,056","926,490","3,486,822","14,314,439","10,206,650","413,632"
"108","","製造業","21","","5千万円以上 - 1億円未満","20210","","2021年度","","3,839,738","281,406","111,087","635,140","35,247,609","961,015","3,778,466","14,809,646","10,105,073","635,140"
"108","","製造業","21","","5千万円以上 - 1億円未満","20220","","2022年度","","3,720,995","292,316","97,687","246,396","35,269,299","946,163","4,869,768","14,475,742","9,850,517","246,396"
"108","","製造業","21","","5千万円以上 - 1億円未満","20230","","2023年度","","4,433,819","629,324","86,338","226,958","41,364,813","1,034,670","5,557,470","18,283,143","11,811,694","226,958"
"108","","製造業","21","","5千万円以上 - 1億円未満","20240","","2024年度","","4,418,747","448,269","92,098","220,387","40,806,173","1,118,192","5,632,196","17,975,824","11,954,189","220,387"
"108","","製造業","19","","1千万円以上 - 1億円未満","20150","","2015年度","","13,085,090","893,013","159,230","718,281","93,055,497","2,327,963","9,601,095","39,392,479","28,856,971","718,281"
"108","","製造業","19","","1千万円以上 - 1億円未満","20160","","2016年度","","12,105,990","826,112","169,680","965,355","90,991,456","2,435,959","10,057,604","38,332,747","27,718,749","965,355"
"108","","製造業","19","","1千万円以上 - 1億円未満","20170","","2017年度","","12,534,327","941,085","156,609","478,444","94,431,326","2,471,214","10,571,107","39,664,045","28,438,976","478,444"
"108","","製造業","19","","1千万円以上 - 1億円未満","20180","","2018年度","","13,344,829","823,470","155,928","740,717","96,939,602","2,448,003","10,536,311","42,513,585","29,346,046","740,717"
"108","","製造業","19","","1千万円以上 - 1億円未満","20190","","2019年度","","12,915,309","811,923","252,626","570,299","94,875,974","2,436,740","10,826,410","43,047,957","29,720,510","570,299"
"108","","製造業","19","","1千万円以上 - 1億円未満","20200","","2020年度","","12,450,367","1,107,458","176,259","683,875","92,698,462","2,395,416","9,193,693","41,431,181","29,047,287","683,875"
"108","","製造業","19","","1千万円以上 - 1億円未満","20210","","2021年度","","12,657,817","980,902","201,356","1,071,619","102,463,085","2,477,866","9,991,350","44,741,226","29,781,519","1,071,619"
"108","","製造業","19","","1千万円以上 - 1億円未満","20220","","2022年度","","12,302,870","1,226,087","229,526","739,226","101,494,479","2,538,555","11,851,602","43,035,092","30,101,425","739,226"
"108","","製造業","19","","1千万円以上 - 1億円未満","20230","","2023年度","","13,222,407","1,473,164","228,640","1,653,282","107,258,929","2,612,201","12,376,633","48,682,770","31,644,649","1,653,282"
"108","","製造業","19","","1千万円以上 - 1億円未満","20240","","2024年度","","13,104,633","1,055,782","213,757","1,670,720","107,330,422","2,622,848","13,104,056","47,218,206","31,635,818","1,670,720"
"108","","製造業","18","","1千万円以上 - 5千万円未満","20150","","2015年度","","8,569,905","588,178","70,507","288,576","55,769,024","1,324,939","5,674,939","23,457,535","18,055,358","288,576"
"108","","製造業","18","","1千万円以上 - 5千万円未満","20160","","2016年度","","7,970,606","546,210","84,871","708,717","56,736,718","1,395,087","6,212,329","23,627,670","17,412,388","708,717"
"108","","製造業","18","","1千万円以上 - 5千万円未満","20170","","2017年度","","8,500,115","641,218","85,514","285,003","61,288,134","1,525,388","6,717,308","25,632,861","18,366,487","285,003"
"108","","製造業","18","","1千万円以上 - 5千万円未満","20180","","2018年度","","9,377,022","450,917","80,187","541,213","63,772,700","1,568,463","6,227,120","28,266,225","19,269,162","541,213"
"108","","製造業","18","","1千万円以上 - 5千万円未満","20190","","2019年度","","9,019,192","546,355","167,364","368,648","60,930,499","1,437,639","6,694,567","27,987,799","19,218,054","368,648"
"108","","製造業","18","","1千万円以上 - 5千万円未満","20200","","2020年度","","8,736,044","811,886","88,729","270,243","59,696,406","1,468,926","5,706,871","27,116,742","18,840,637","270,243"
"108","","製造業","18","","1千万円以上 - 5千万円未満","20210","","2021年度","","8,818,079","699,496","90,269","436,479","67,215,476","1,516,851","6,212,884","29,931,580","19,676,446","436,479"
"108","","製造業","18","","1千万円以上 - 5千万円未満","20220","","2022年度","","8,581,875","933,771","131,839","492,830","66,225,180","1,592,392","6,981,834","28,559,350","20,250,908","492,830"
"108","","製造業","18","","1千万円以上 - 5千万円未満","20230","","2023年度","","8,788,588","843,840","142,302","1,426,324","65,894,116","1,577,531","6,819,163","30,399,627","19,832,955","1,426,324"
"108","","製造業","18","","1千万円以上 - 5千万円未満","20240","","2024年度","","8,685,886","607,513","121,659","1,450,333","66,524,249","1,504,656","7,471,860","29,242,382","19,681,629","1,450,333"
"108","","製造業","16","","1千万円未満","20150","","2015年度","","1,574,237","195,141","11,851","35,003","10,965,741","381,690","779,866","5,033,048","4,079,708","35,003"
"108","","製造業","16","","1千万円未満","20160","","2016年度","","1,770,370","198,838","9,833","48,887","10,273,532","324,226","615,717","4,828,184","3,838,393","48,887"
"108","","製造業","16","","1千万円未満","20170","","2017年度","","1,636,124","82,459","12,904","68,518","10,763,946","386,411","623,388","5,616,740","4,709,704","68,518"
"108","","製造業","16","","1千万円未満","20180","","2018年度","","1,378,879","149,183","14,019","52,632","10,327,426","329,959","737,558","4,622,655","3,781,110","52,632"
"108","","製造業","16","","1千万円未満","20190","","2019年度","","1,269,304","170,784","17,749","51,660","9,691,138","322,749","777,503","4,303,620","3,468,592","51,660"
"108","","製造業","16","","1千万円未満","20200","","2020年度","","1,504,535","81,807","14,193","76,860","10,809,784","291,841","719,381","4,620,557","3,681,843","76,860"
"108","","製造業","16","","1千万円未満","20210","","2021年度","","1,012,800","73,204","36,464","76,145","10,527,267","392,860","783,102","4,292,962","3,385,818","76,145"
"108","","製造業","16","","1千万円未満","20220","","2022年度","","1,133,282","122,669","31,280","62,637","10,479,961","378,686","1,060,948","4,191,209","3,340,673","62,637"
"108","","製造業","16","","1千万円未満","20230","","2023年度","","1,287,969","72,620","18,846","67,944","12,519,022","302,538","1,125,636","6,273,838","3,396,241","67,944"
"108","","製造業","16","","1千万円未満","20240","","2024年度","","1,227,667","88,800","15,724","80,758","10,380,714","408,454","677,240","4,311,899","3,261,521","80,758"
"108","","製造業","23","","1億円以上","20150","","2015年度","","21,013,644","4,204,767","2,171,068","3,855,703","337,181,985","8,842,709","30,853,390","177,549,494","70,225,026","3,855,703"
"108","","製造業","23","","1億円以上","20160","","2016年度","","21,028,190","4,200,324","2,253,587","4,658,577","349,584,285","9,108,385","31,046,528","187,211,185","71,553,063","4,658,577"
"108","","製造業","23","","1億円以上","20170","","2017年度","","21,131,284","4,820,696","2,308,724","5,400,549","366,484,555","9,312,107","32,905,674","197,489,125","73,921,875","5,400,549"
"108","","製造業","23","","1億円以上","20180","","2018年度","","21,316,406","5,328,462","2,371,062","5,730,609","378,499,578","9,404,994","34,968,014","209,034,738","75,636,949","5,730,609"
"108","","製造業","23","","1億円以上","20190","","2019年度","","20,915,983","5,793,828","2,454,688","5,798,286","376,848,270","9,670,857","34,633,025","212,123,226","77,008,204","5,798,286"
"108","","製造業","23","","1億円以上","20200","","2020年度","","20,827,460","5,815,258","2,642,660","5,813,281","399,112,178","9,751,698","35,437,629","224,175,910","77,969,902","5,813,281"
"108","","製造業","23","","1億円以上","20210","","2021年度","","20,893,528","6,279,230","2,970,766","6,344,326","422,871,018","9,926,812","42,498,441","229,622,450","79,089,036","6,344,326"
"108","","製造業","23","","1億円以上","20220","","2022年度","","20,869,394","7,069,696","3,235,557","7,022,364","439,170,627","9,993,808","49,891,513","234,949,462","80,948,384","7,022,364"
"108","","製造業","23","","1億円以上","20230","","2023年度","","20,724,472","8,961,921","3,720,474","6,594,916","464,138,065","9,843,124","49,554,933","249,451,654","82,772,347","6,594,916"
"108","","製造業","23","","1億円以上","20240","","2024年度","","21,094,992","10,616,052","4,202,979","7,713,480","476,403,478","10,182,156","50,804,857","256,288,368","88,164,128","7,713,480"
"108","","製造業","22","","1億円未満","20150","","2015年度","","14,659,327","1,088,154","171,081","753,284","104,021,238","2,709,653","10,380,961","44,425,527","32,936,679","753,284"
"108","","製造業","22","","1億円未満","20160","","2016年度","","13,876,360","1,024,950","179,513","1,014,242","101,264,988","2,760,185","10,673,321","43,160,931","31,557,142","1,014,242"
"108","","製造業","22","","1億円未満","20170","","2017年度","","14,170,451","1,023,544","169,513","546,962","105,195,272","2,857,625","11,194,495","45,280,785","33,148,680","546,962"
"108","","製造業","22","","1億円未満","20180","","2018年度","","14,723,708","972,653","169,947","793,349","107,267,028","2,777,962","11,273,869","47,136,240","33,127,156","793,349"
"108","","製造業","22","","1億円未満","20190","","2019年度","","14,184,613","982,707","270,375","621,959","104,567,112","2,759,489","11,603,913","47,351,577","33,189,102","621,959"
"108","","製造業","22","","1億円未満","20200","","2020年度","","13,954,902","1,189,265","190,452","760,735","103,508,246","2,687,257","9,913,074","46,051,738","32,729,130","760,735"
"108","","製造業","22","","1億円未満","20210","","2021年度","","13,670,617","1,054,106","237,820","1,147,764","112,990,352","2,870,726","10,774,452","49,034,188","33,167,337","1,147,764"
"108","","製造業","22","","1億円未満","20220","","2022年度","","13,436,152","1,348,756","260,806","801,863","111,974,440","2,917,241","12,912,550","47,226,301","33,442,098","801,863"
"108","","製造業","22","","1億円未満","20230","","2023年度","","14,510,376","1,545,784","247,486","1,721,226","119,777,951","2,914,739","13,502,269","54,956,608","35,040,890","1,721,226"
"108","","製造業","22","","1億円未満","20240","","2024年度","","14,332,300","1,144,582","229,481","1,751,478","117,711,136","3,031,302","13,781,296","51,530,105","34,897,339","1,751,478"
"108","","製造業","20","","2千万円以上 - 5千万円未満","20150","","2015年度","","3,716,151","239,232","41,025","138,227","26,878,523","661,152","2,895,271","10,580,100","7,883,904","138,227"
"108","","製造業","20","","2千万円以上 - 5千万円未満","20160","","2016年度","","4,036,001","202,070","43,224","131,970","29,320,769","719,604","3,493,108","12,108,354","8,650,064","131,970"
"108","","製造業","20","","2千万円以上 - 5千万円未満","20170","","2017年度","","4,360,064","374,478","44,644","134,462","33,707,906","835,414","3,797,889","13,750,136","9,659,507","134,462"
"108","","製造業","20","","2千万円以上 - 5千万円未満","20180","","2018年度","","4,480,962","233,893","42,711","339,543","34,550,026","827,406","3,659,057","14,052,387","9,835,482","339,543"
"108","","製造業","20","","2千万円以上 - 5千万円未満","20190","","2019年度","","4,335,252","254,098","130,742","257,573","32,420,335","735,097","4,230,911","13,746,098","9,597,797","257,573"
"108","","製造業","20","","2千万円以上 - 5千万円未満","20200","","2020年度","","4,275,191","269,438","48,649","138,173","31,153,639","726,660","3,338,363","13,701,278","9,496,543","138,173"
"108","","製造業","20","","2千万円以上 - 5千万円未満","20210","","2021年度","","4,367,618","238,790","50,764","210,866","33,385,552","756,050","3,190,225","13,847,092","9,760,351","210,866"
"108","","製造業","20","","2千万円以上 - 5千万円未満","20220","","2022年度","","3,746,747","305,006","66,732","226,089","31,678,007","774,282","3,765,135","13,241,850","9,190,886","226,089"
"108","","製造業","20","","2千万円以上 - 5千万円未満","20230","","2023年度","","4,101,183","337,107","90,035","477,423","32,679,827","725,250","3,984,088","13,890,555","9,315,615","477,423"
"108","","製造業","20","","2千万円以上 - 5千万円未満","20240","","2024年度","","4,443,761","353,711","81,601","428,947","35,744,383","799,824","4,232,019","15,429,925","10,350,136","428,947"
"108","","製造業","17","","1千万円以上 - 2千万円未満","20150","","2015年度","","4,853,754","348,946","29,482","150,349","28,890,501","663,787","2,779,668","12,877,435","10,171,454","150,349"
"108","","製造業","17","","1千万円以上 - 2千万円未満","20160","","2016年度","","3,934,605","344,140","41,647","576,747","27,415,949","675,483","2,719,221","11,519,316","8,762,324","576,747"
"108","","製造業","17","","1千万円以上 - 2千万円未満","20170","","2017年度","","4,140,051","266,740","40,870","150,541","27,580,228","689,974","2,919,419","11,882,725","8,706,980","150,541"
"108","","製造業","17","","1千万円以上 - 2千万円未満","20180","","2018年度","","4,896,060","217,024","37,476","201,670","29,222,674","741,057","2,568,063","14,213,838","9,433,680","201,670"
"108","","製造業","17","","1千万円以上 - 2千万円未満","20190","","2019年度","","4,683,940","292,257","36,622","111,075","28,510,164","702,542","2,463,656","14,241,701","9,620,257","111,075"
"108","","製造業","17","","1千万円以上 - 2千万円未満","20200","","2020年度","","4,460,853","542,448","40,080","132,070","28,542,767","742,266","2,368,508","13,415,464","9,344,094","132,070"
"108","","製造業","17","","1千万円以上 - 2千万円未満","20210","","2021年度","","4,450,461","460,706","39,505","225,613","33,829,924","760,801","3,022,659","16,084,488","9,916,095","225,613"
"108","","製造業","17","","1千万円以上 - 2千万円未満","20220","","2022年度","","4,835,128","628,765","65,107","266,741","34,547,173","818,110","3,216,699","15,317,500","11,060,022","266,741"
"108","","製造業","17","","1千万円以上 - 2千万円未満","20230","","2023年度","","4,687,405","506,733","52,267","948,901","33,214,289","852,281","2,835,075","16,509,072","10,517,340","948,901"
"108","","製造業","17","","1千万円以上 - 2千万円未満","20240","","2024年度","","4,242,125","253,802","40,058","1,021,386","30,779,866","704,832","3,239,841","13,812,457","9,331,493","1,021,386"
"107","","建設業","26","","全規模","20150","","2015年度","","10,655,861","321,487","196,842","393,307","99,217,756","1,610,316","10,822,816","33,270,711","20,180,935","393,307"
"107","","建設業","26","","全規模","20160","","2016年度","","11,668,480","495,735","220,765","552,504","103,324,715","1,574,203","10,931,872","34,355,712","20,956,652","552,504"
"107","","建設業","26","","全規模","20170","","2017年度","","11,497,181","715,822","233,864","541,284","112,886,737","1,720,181","12,263,872","36,918,431","21,719,755","541,284"
"107","","建設業","26","","全規模","20180","","2018年度","","11,405,726","673,710","273,447","588,363","121,510,847","1,903,085","17,223,496","39,234,269","22,299,538","588,363"
"107","","建設業","26","","全規模","20190","","2019年度","","11,486,352","630,857","301,720","556,941","115,166,850","1,850,977","12,199,453","39,414,855","22,303,733","556,941"
"107","","建設業","26","","全規模","20200","","2020年度","","11,678,594","754,164","288,757","663,525","117,708,822","1,775,376","10,799,916","39,480,535","22,674,569","663,525"
"107","","建設業","26","","全規模","20210","","2021年度","","12,858,184","972,083","366,953","1,021,829","127,653,990","1,967,031","12,336,763","43,090,769","24,650,558","1,021,829"
"107","","建設業","26","","全規模","20220","","2022年度","","14,141,950","1,143,541","371,871","990,300","140,404,624","2,280,328","13,787,520","48,393,559","28,085,433","990,300"
"107","","建設業","26","","全規模","20230","","2023年度","","13,438,101","1,004,437","379,879","970,132","137,378,202","2,247,275","14,531,758","47,733,397","26,527,741","970,132"
"107","","建設業","26","","全規模","20240","","2024年度","","12,988,171","941,871","419,965","1,147,447","142,234,996","2,248,385","14,286,791","48,680,439","25,871,272","1,147,447"
"107","","建設業","25","","10億円以上","20150","","2015年度","","2,737,417","62,588","114,507","163,559","30,340,706","248,393","2,510,359","11,632,329","4,567,846","163,559"
"107","","建設業","25","","10億円以上","20160","","2016年度","","2,936,780","122,485","118,282","172,063","31,713,722","242,578","2,602,212","12,290,871","4,897,075","172,063"
"107","","建設業","25","","10億円以上","20170","","2017年度","","2,877,072","172,959","134,174","198,929","33,596,252","258,302","2,647,977","13,160,574","4,979,496","198,929"
"107","","建設業","25","","10億円以上","20180","","2018年度","","2,940,662","184,928","146,267","215,420","34,533,687","273,419","2,713,297","13,774,543","5,212,992","215,420"
"107","","建設業","25","","10億円以上","20190","","2019年度","","3,130,193","190,543","157,407","224,158","35,126,408","284,963","2,792,735","13,867,548","5,579,003","224,158"
"107","","建設業","25","","10億円以上","20200","","2020年度","","3,110,411","274,240","159,866","244,667","35,335,949","281,002","2,871,122","14,662,605","5,729,821","244,667"
"107","","建設業","25","","10億円以上","20210","","2021年度","","3,110,785","270,687","208,587","310,630","36,952,573","322,541","2,898,327","15,206,445","5,846,356","310,630"
"107","","建設業","25","","10億円以上","20220","","2022年度","","3,316,423","298,752","220,211","331,612","39,233,144","325,305","3,258,902","16,276,729","6,045,265","331,612"
"107","","建設業","25","","10億円以上","20230","","2023年度","","3,061,255","346,003","240,824","347,188","42,465,152","345,733","3,691,834","17,701,371","5,962,964","347,188"
"107","","建設業","25","","10億円以上","20240","","2024年度","","3,129,059","350,632","256,943","371,615","45,234,722","373,443","4,036,021","19,029,608","6,276,907","371,615"
"107","","建設業","24","","1億円以上 - 10億円未満","20150","","2015年度","","914,007","24,042","25,523","46,197","11,339,588","110,355","1,303,227","2,818,302","1,662,746","46,197"
"107","","建設業","24","","1億円以上 - 10億円未満","20160","","2016年度","","914,837","16,165","26,577","57,675","11,268,664","107,377","1,390,126","2,741,386","1,670,382","57,675"
"107","","建設業","24","","1億円以上 - 10億円未満","20170","","2017年度","","981,340","18,114","29,917","67,037","11,980,718","101,516","1,360,570","2,897,035","1,761,330","67,037"
"107","","建設業","24","","1億円以上 - 10億円未満","20180","","2018年度","","974,284","19,115","34,771","55,949","13,245,360","107,543","1,960,939","3,184,175","1,817,296","55,949"
"107","","建設業","24","","1億円以上 - 10億円未満","20190","","2019年度","","986,214","38,889","31,340","50,458","12,879,661","114,933","1,964,153","3,204,206","1,815,534","50,458"
"107","","建設業","24","","1億円以上 - 10億円未満","20200","","2020年度","","927,580","40,532","49,229","74,672","12,763,262","147,239","1,401,757","3,082,039","1,838,649","74,672"
"107","","建設業","24","","1億円以上 - 10億円未満","20210","","2021年度","","874,136","36,147","41,998","75,501","14,545,815","107,747","2,001,708","3,217,369","1,780,971","75,501"
"107","","建設業","24","","1億円以上 - 10億円未満","20220","","2022年度","","878,626","46,015","41,028","65,745","15,680,231","128,011","2,289,291","3,528,553","1,889,678","65,745"
"107","","建設業","24","","1億円以上 - 10億円未満","20230","","2023年度","","981,551","55,671","41,306","118,865","16,635,958","150,565","2,920,234","3,950,068","2,089,207","118,865"
"107","","建設業","24","","1億円以上 - 10億円未満","20240","","2024年度","","1,079,132","51,555","53,676","120,468","17,653,118","146,559","2,375,041","4,125,876","2,108,134","120,468"
"107","","建設業","21","","5千万円以上 - 1億円未満","20150","","2015年度","","1,120,706","24,669","11,027","51,665","12,602,855","172,507","1,393,129","3,290,946","2,226,018","51,665"
"107","","建設業","21","","5千万円以上 - 1億円未満","20160","","2016年度","","1,127,263","17,435","19,044","52,086","12,142,436","123,990","1,306,516","2,941,506","2,116,437","52,086"
"107","","建設業","21","","5千万円以上 - 1億円未満","20170","","2017年度","","1,011,042","157,891","21,508","40,454","10,561,730","115,038","1,534,329","2,691,758","1,875,785","40,454"
"107","","建設業","21","","5千万円以上 - 1億円未満","20180","","2018年度","","1,034,076","29,839","16,486","45,514","16,201,530","123,870","6,856,050","3,069,437","1,764,681","45,514"
"107","","建設業","21","","5千万円以上 - 1億円未満","20190","","2019年度","","830,328","59,933","33,246","73,648","12,011,017","118,066","1,976,855","2,990,964","1,699,051","73,648"
"107","","建設業","21","","5千万円以上 - 1億円未満","20200","","2020年度","","1,136,964","16,698","19,068","106,407","12,530,667","124,632","1,873,457","3,445,249","2,190,886","106,407"
"107","","建設業","21","","5千万円以上 - 1億円未満","20210","","2021年度","","1,845,449","24,030","57,591","128,511","15,664,853","181,502","2,615,311","5,091,380","3,473,797","128,511"
"107","","建設業","21","","5千万円以上 - 1億円未満","20220","","2022年度","","1,968,245","21,454","37,344","97,316","20,070,451","208,685","2,826,033","5,382,400","3,614,091","97,316"
"107","","建設業","21","","5千万円以上 - 1億円未満","20230","","2023年度","","2,043,121","28,854","20,409","74,189","18,007,545","190,649","2,995,292","4,835,264","3,249,170","74,189"
"107","","建設業","21","","5千万円以上 - 1億円未満","20240","","2024年度","","1,553,446","44,718","21,386","51,433","17,594,705","175,622","3,230,315","4,278,685","2,860,260","51,433"
"107","","建設業","19","","1千万円以上 - 1億円未満","20150","","2015年度","","6,244,070","147,817","46,211","149,644","46,690,643","844,714","5,425,927","15,574,633","11,386,966","149,644"
"107","","建設業","19","","1千万円以上 - 1億円未満","20160","","2016年度","","6,727,699","272,333","51,086","274,470","50,669,534","849,599","6,257,838","16,055,635","11,773,483","274,470"
"107","","建設業","19","","1千万円以上 - 1億円未満","20170","","2017年度","","6,450,404","465,244","48,968","162,020","55,001,330","860,586","7,278,822","16,731,419","11,866,492","162,020"
"107","","建設業","19","","1千万円以上 - 1億円未満","20180","","2018年度","","6,069,548","423,644","61,023","202,922","57,736,448","947,373","11,484,865","16,823,227","11,347,510","202,922"
"107","","建設業","19","","1千万円以上 - 1億円未満","20190","","2019年度","","6,045,763","267,277","82,351","230,834","50,405,086","848,387","6,179,206","17,380,879","11,395,026","230,834"
"107","","建設業","19","","1千万円以上 - 1億円未満","20200","","2020年度","","5,616,940","317,564","54,120","283,653","51,212,219","771,361","5,546,939","16,067,159","10,730,484","283,653"
"107","","建設業","19","","1千万円以上 - 1億円未満","20210","","2021年度","","7,242,963","466,461","93,430","581,450","57,468,071","922,632","6,081,212","19,165,583","13,170,575","581,450"
"107","","建設業","19","","1千万円以上 - 1億円未満","20220","","2022年度","","8,168,624","342,919","88,291","538,898","64,872,972","1,172,688","6,968,008","21,598,620","15,111,650","538,898"
"107","","建設業","19","","1千万円以上 - 1億円未満","20230","","2023年度","","7,719,789","265,017","79,771","400,412","59,913,918","982,208","7,053,101","19,694,699","13,606,259","400,412"
"107","","建設業","19","","1千万円以上 - 1億円未満","20240","","2024年度","","6,649,442","447,257","87,949","447,582","58,527,460","913,969","6,919,296","18,622,521","12,463,769","447,582"
"107","","建設業","18","","1千万円以上 - 5千万円未満","20150","","2015年度","","5,123,364","123,148","35,184","97,979","34,087,788","672,207","4,032,798","12,283,687","9,160,948","97,979"
"107","","建設業","18","","1千万円以上 - 5千万円未満","20160","","2016年度","","5,600,436","254,898","32,042","222,384","38,527,098","725,609","4,951,322","13,114,129","9,657,046","222,384"
"107","","建設業","18","","1千万円以上 - 5千万円未満","20170","","2017年度","","5,439,362","307,353","27,460","121,566","44,439,600","745,548","5,744,493","14,039,661","9,990,707","121,566"
"107","","建設業","18","","1千万円以上 - 5千万円未満","20180","","2018年度","","5,035,472","393,805","44,537","157,408","41,534,918","823,503","4,628,815","13,753,790","9,582,829","157,408"
"107","","建設業","18","","1千万円以上 - 5千万円未満","20190","","2019年度","","5,215,435","207,344","49,105","157,186","38,394,069","730,321","4,202,351","14,389,915","9,695,975","157,186"
"107","","建設業","18","","1千万円以上 - 5千万円未満","20200","","2020年度","","4,479,976","300,866","35,052","177,246","38,681,552","646,729","3,673,482","12,621,910","8,539,598","177,246"
"107","","建設業","18","","1千万円以上 - 5千万円未満","20210","","2021年度","","5,397,514","442,431","35,839","452,939","41,803,218","741,130","3,465,901","14,074,203","9,696,778","452,939"
"107","","建設業","18","","1千万円以上 - 5千万円未満","20220","","2022年度","","6,200,379","321,465","50,947","441,582","44,802,521","964,003","4,141,975","16,216,220","11,497,559","441,582"
"107","","建設業","18","","1千万円以上 - 5千万円未満","20230","","2023年度","","5,676,668","236,163","59,362","326,223","41,906,373","791,559","4,057,809","14,859,435","10,357,089","326,223"
"107","","建設業","18","","1千万円以上 - 5千万円未満","20240","","2024年度","","5,095,996","402,539","66,563","396,149","40,932,755","738,347","3,688,981","14,343,836","9,603,509","396,149"
"107","","建設業","16","","1千万円未満","20150","","2015年度","","760,367","87,040","10,601","33,907","10,846,819","406,854","1,583,303","3,245,447","2,563,377","33,907"
"107","","建設業","16","","1千万円未満","20160","","2016年度","","1,089,164","84,752","24,820","48,296","9,672,795","374,649","681,696","3,267,820","2,615,712","48,296"
"107","","建設業","16","","1千万円未満","20170","","2017年度","","1,188,365","59,505","20,805","113,298","12,308,437","499,777","976,503","4,129,403","3,112,437","113,298"
"107","","建設業","16","","1千万円未満","20180","","2018年度","","1,421,232","46,023","31,386","114,072","15,995,352","574,750","1,064,395","5,452,324","3,921,740","114,072"
"107","","建設業","16","","1千万円未満","20190","","2019年度","","1,324,182","134,148","30,622","51,491","16,755,695","602,694","1,263,359","4,962,222","3,514,170","51,491"
"107","","建設業","16","","1千万円未満","20200","","2020年度","","2,023,663","121,828","25,542","60,533","18,397,392","575,774","980,098","5,668,732","4,375,615","60,533"
"107","","建設業","16","","1千万円未満","20210","","2021年度","","1,630,300","198,788","22,938","54,248","18,687,531","614,111","1,355,516","5,501,372","3,852,656","54,248"
"107","","建設業","16","","1千万円未満","20220","","2022年度","","1,778,277","455,855","22,341","54,045","20,618,277","654,324","1,271,319","6,989,657","5,038,840","54,045"
"107","","建設業","16","","1千万円未満","20230","","2023年度","","1,675,506","337,746","17,978","103,667","18,363,174","768,769","866,589","6,387,259","4,869,311","103,667"
"107","","建設業","16","","1千万円未満","20240","","2024年度","","2,130,538","92,427","21,397","207,782","20,819,696","814,414","956,433","6,902,434","5,022,462","207,782"
"107","","建設業","23","","1億円以上","20150","","2015年度","","3,651,424","86,630","140,030","209,756","41,680,294","358,748","3,813,586","14,450,631","6,230,592","209,756"
"107","","建設業","23","","1億円以上","20160","","2016年度","","3,851,617","138,650","144,859","229,738","42,982,386","349,955","3,992,338","15,032,257","6,567,457","229,738"
"107","","建設業","23","","1億円以上","20170","","2017年度","","3,858,412","191,073","164,091","265,966","45,576,970","359,818","4,008,547","16,057,609","6,740,826","265,966"
"107","","建設業","23","","1億円以上","20180","","2018年度","","3,914,946","204,043","181,038","271,369","47,779,047","380,962","4,674,236","16,958,718","7,030,288","271,369"
"107","","建設業","23","","1億円以上","20190","","2019年度","","4,116,407","229,432","188,747","274,616","48,006,069","399,896","4,756,888","17,071,754","7,394,537","274,616"
"107","","建設業","23","","1億円以上","20200","","2020年度","","4,037,991","314,772","209,095","319,339","48,099,211","428,241","4,272,879","17,744,644","7,568,470","319,339"
"107","","建設業","23","","1億円以上","20210","","2021年度","","3,984,921","306,834","250,585","386,131","51,498,388","430,288","4,900,035","18,423,814","7,627,327","386,131"
"107","","建設業","23","","1億円以上","20220","","2022年度","","4,195,049","344,767","261,239","397,357","54,913,375","453,316","5,548,193","19,805,282","7,934,943","397,357"
"107","","建設業","23","","1億円以上","20230","","2023年度","","4,042,806","401,674","282,130","466,053","59,101,110","496,298","6,612,068","21,651,439","8,052,171","466,053"
"107","","建設業","23","","1億円以上","20240","","2024年度","","4,208,191","402,187","310,619","492,083","62,887,840","520,002","6,411,062","23,155,484","8,385,041","492,083"
"107","","建設業","22","","1億円未満","20150","","2015年度","","7,004,437","234,857","56,812","183,551","57,537,462","1,251,568","7,009,230","18,820,080","13,950,343","183,551"
"107","","建設業","22","","1億円未満","20160","","2016年度","","7,816,863","357,085","75,906","322,766","60,342,329","1,224,248","6,939,534","19,323,455","14,389,195","322,766"
"107","","建設業","22","","1億円未満","20170","","2017年度","","7,638,769","524,749","69,773","275,318","67,309,767","1,360,363","8,255,325","20,860,822","14,978,929","275,318"
"107","","建設業","22","","1億円未満","20180","","2018年度","","7,490,780","469,667","92,409","316,994","73,731,800","1,522,123","12,549,260","22,275,551","15,269,250","316,994"
"107","","建設業","22","","1億円未満","20190","","2019年度","","7,369,945","401,425","112,973","282,325","67,160,781","1,451,081","7,442,565","22,343,101","14,909,196","282,325"
"107","","建設業","22","","1億円未満","20200","","2020年度","","7,640,603","439,392","79,662","344,186","69,609,611","1,347,135","6,527,037","21,735,891","15,106,099","344,186"
"107","","建設業","22","","1億円未満","20210","","2021年度","","8,873,263","665,249","116,368","635,698","76,155,602","1,536,743","7,436,728","24,666,955","17,023,231","635,698"
"107","","建設業","22","","1億円未満","20220","","2022年度","","9,946,901","798,774","110,632","592,943","85,491,249","1,827,012","8,239,327","28,588,277","20,150,490","592,943"
"107","","建設業","22","","1億円未満","20230","","2023年度","","9,395,295","602,763","97,749","504,079","78,277,092","1,750,977","7,919,690","26,081,958","18,475,570","504,079"
"107","","建設業","22","","1億円未満","20240","","2024年度","","8,779,980","539,684","109,346","655,364","79,347,156","1,728,383","7,875,729","25,524,955","17,486,231","655,364"
"107","","建設業","20","","2千万円以上 - 5千万円未満","20150","","2015年度","","3,293,920","81,712","24,246","70,008","22,096,202","420,916","2,887,259","7,556,224","5,677,140","70,008"
"107","","建設業","20","","2千万円以上 - 5千万円未満","20160","","2016年度","","3,512,675","85,080","28,522","66,879","26,085,852","457,200","3,378,188","8,248,472","5,973,327","66,879"
"107","","建設業","20","","2千万円以上 - 5千万円未満","20170","","2017年度","","3,070,667","122,046","16,581","95,993","30,464,674","419,332","4,120,568","8,552,924","5,655,763","95,993"
"107","","建設業","20","","2千万円以上 - 5千万円未満","20180","","2018年度","","2,923,757","251,359","28,278","114,368","27,621,824","505,044","3,289,597","8,556,050","5,700,474","114,368"
"107","","建設業","20","","2千万円以上 - 5千万円未満","20190","","2019年度","","3,076,541","116,887","30,800","114,324","24,772,564","453,325","3,189,038","8,731,886","5,984,585","114,324"
"107","","建設業","20","","2千万円以上 - 5千万円未満","20200","","2020年度","","2,910,556","148,981","24,063","91,054","24,849,594","440,660","2,663,493","8,179,474","5,625,797","91,054"
"107","","建設業","20","","2千万円以上 - 5千万円未満","20210","","2021年度","","3,231,664","238,522","20,522","77,761","26,510,315","421,790","2,569,763","8,351,419","5,814,219","77,761"
"107","","建設業","20","","2千万円以上 - 5千万円未満","20220","","2022年度","","3,507,517","123,898","37,465","96,442","28,612,463","551,015","3,203,493","9,018,428","6,331,122","96,442"
"107","","建設業","20","","2千万円以上 - 5千万円未満","20230","","2023年度","","3,362,195","164,473","46,058","111,116","27,395,014","451,966","3,160,937","8,944,600","5,989,079","111,116"
"107","","建設業","20","","2千万円以上 - 5千万円未満","20240","","2024年度","","3,240,496","252,303","38,201","154,401","28,166,333","438,464","2,778,130","9,302,656","6,041,739","154,401"
"107","","建設業","17","","1千万円以上 - 2千万円未満","20150","","2015年度","","1,829,444","41,436","10,938","27,971","11,991,586","251,291","1,145,539","4,727,463","3,483,808","27,971"
"107","","建設業","17","","1千万円以上 - 2千万円未満","20160","","2016年度","","2,087,761","169,818","3,520","155,505","12,441,246","268,409","1,573,134","4,865,657","3,683,719","155,505"
"107","","建設業","17","","1千万円以上 - 2千万円未満","20170","","2017年度","","2,368,695","185,307","10,879","25,573","13,974,926","326,216","1,623,925","5,486,737","4,334,944","25,573"
"107","","建設業","17","","1千万円以上 - 2千万円未満","20180","","2018年度","","2,111,715","142,446","16,259","43,040","13,913,094","318,459","1,339,218","5,197,740","3,882,355","43,040"
"107","","建設業","17","","1千万円以上 - 2千万円未満","20190","","2019年度","","2,138,894","90,457","18,305","42,862","13,621,505","276,996","1,013,313","5,658,029","3,711,390","42,862"
"107","","建設業","17","","1千万円以上 - 2千万円未満","20200","","2020年度","","1,569,420","151,885","10,989","86,192","13,831,958","206,069","1,009,989","4,442,436","2,913,801","86,192"
"107","","建設業","17","","1千万円以上 - 2千万円未満","20210","","2021年度","","2,165,850","203,909","15,317","375,178","15,292,903","319,340","896,138","5,722,784","3,882,559","375,178"
"107","","建設業","17","","1千万円以上 - 2千万円未満","20220","","2022年度","","2,692,862","197,567","13,482","345,140","16,190,058","412,988","938,482","7,197,792","5,166,437","345,140"
"107","","建設業","17","","1千万円以上 - 2千万円未満","20230","","2023年度","","2,314,473","71,690","13,304","215,107","14,511,359","339,593","896,872","5,914,835","4,368,010","215,107"
"107","","建設業","17","","1千万円以上 - 2千万円未満","20240","","2024年度","","1,855,500","150,236","28,362","241,748","12,766,422","299,883","910,851","5,041,180","3,561,770","241,748"
"142","","情報通信業","26","","全規模","20150","","2015年度","","3,206,342","694,570","2,922,713","3,691,243","79,437,907","3,733,359","2,166,457","43,930,338","19,778,205","3,691,243"
"142","","情報通信業","26","","全規模","20160","","2016年度","","3,491,449","725,124","3,432,372","4,432,440","81,624,784","3,352,121","1,916,908","45,595,224","20,124,752","4,432,440"
"142","","情報通信業","26","","全規模","20170","","2017年度","","3,423,027","759,026","4,025,451","5,492,994","85,258,237","3,696,720","1,867,822","47,747,666","19,822,051","5,492,994"
"142","","情報通信業","26","","全規模","20180","","2018年度","","3,396,047","842,056","3,381,074","4,770,380","91,584,856","3,581,094","1,908,121","50,692,279","20,464,341","4,770,380"
"142","","情報通信業","26","","全規模","20190","","2019年度","","3,690,168","792,581","3,626,391","5,288,096","97,777,564","3,883,209","2,122,937","54,429,972","21,058,834","5,288,096"
"142","","情報通信業","26","","全規模","20200","","2020年度","","4,223,569","873,968","4,148,251","5,836,990","111,625,341","3,855,151","2,159,473","59,768,683","21,695,196","5,836,990"
"142","","情報通信業","26","","全規模","20210","","2021年度","","4,714,052","1,436,655","4,454,864","6,956,994","131,835,851","4,164,733","2,387,611","67,141,892","23,886,818","6,956,994"
"142","","情報通信業","26","","全規模","20220","","2022年度","","4,396,483","1,042,896","4,614,950","6,407,110","141,464,197","3,980,722","2,492,049","69,720,297","22,196,292","6,407,110"
"142","","情報通信業","26","","全規模","20230","","2023年度","","3,720,344","997,670","5,197,683","7,642,826","143,673,644","4,506,316","2,863,752","75,047,782","21,756,143","7,642,826"
"142","","情報通信業","26","","全規模","20240","","2024年度","","3,611,338","1,344,364","4,955,626","7,447,440","144,608,639","4,189,584","3,501,554","80,118,086","22,173,280","7,447,440"
"142","","情報通信業","25","","10億円以上","20150","","2015年度","","2,024,211","601,638","2,198,332","2,800,348","50,790,423","2,998,259","856,392","34,311,218","16,098,078","2,800,348"
"142","","情報通信業","25","","10億円以上","20160","","2016年度","","1,961,865","630,056","2,385,927","3,071,190","53,399,221","2,696,289","834,403","35,433,781","15,931,009","3,071,190"
"142","","情報通信業","25","","10億円以上","20170","","2017年度","","1,935,668","653,667","2,409,740","3,650,244","56,369,105","2,725,358","937,817","37,619,247","15,675,266","3,650,244"
"142","","情報通信業","25","","10億円以上","20180","","2018年度","","1,962,492","695,027","2,505,690","3,654,658","59,708,818","2,782,943","953,621","39,268,617","15,882,735","3,654,658"
"142","","情報通信業","25","","10億円以上","20190","","2019年度","","2,049,400","689,948","2,783,820","4,246,636","62,484,971","2,975,508","908,089","40,383,748","15,563,382","4,246,636"
"142","","情報通信業","25","","10億円以上","20200","","2020年度","","1,851,280","731,025","2,891,453","4,097,931","68,889,748","2,898,018","893,062","45,540,957","15,282,418","4,097,931"
"142","","情報通信業","25","","10億円以上","20210","","2021年度","","1,900,590","840,226","2,883,200","4,073,441","83,895,649","2,971,046","997,233","47,608,216","15,637,834","4,073,441"
"142","","情報通信業","25","","10億円以上","20220","","2022年度","","1,959,845","877,913","3,067,559","4,335,239","87,402,441","2,995,291","1,183,630","49,971,131","15,930,096","4,335,239"
"142","","情報通信業","25","","10億円以上","20230","","2023年度","","2,055,812","820,872","3,384,589","4,838,303","91,634,243","3,244,578","1,023,174","52,401,664","16,169,812","4,838,303"
"142","","情報通信業","25","","10億円以上","20240","","2024年度","","2,016,542","1,024,000","3,536,476","5,021,747","86,069,283","3,055,264","1,227,291","56,476,607","15,949,797","5,021,747"
"142","","情報通信業","24","","1億円以上 - 10億円未満","20150","","2015年度","","868,594","87,122","513,433","624,224","14,571,801","470,513","431,764","6,315,652","2,668,482","624,224"
"142","","情報通信業","24","","1億円以上 - 10億円未満","20160","","2016年度","","918,485","82,868","457,393","685,939","16,030,387","474,417","423,723","6,627,702","2,824,723","685,939"
"142","","情報通信業","24","","1億円以上 - 10億円未満","20170","","2017年度","","1,009,027","93,220","667,114","816,572","17,510,585","560,545","411,866","6,955,702","3,044,156","816,572"
"142","","情報通信業","24","","1億円以上 - 10億円未満","20180","","2018年度","","987,700","123,781","663,866","842,564","20,427,526","603,663","422,609","8,616,556","3,456,066","842,564"
"142","","情報通信業","24","","1億円以上 - 10億円未満","20190","","2019年度","","1,086,271","63,621","674,547","828,510","21,535,769","676,605","442,459","9,011,251","4,001,589","828,510"
"142","","情報通信業","24","","1億円以上 - 10億円未満","20200","","2020年度","","1,590,139","107,505","860,868","1,086,184","23,670,171","741,353","523,502","9,707,052","4,743,720","1,086,184"
"142","","情報通信業","24","","1億円以上 - 10億円未満","20210","","2021年度","","1,931,712","108,614","1,206,728","2,168,148","29,516,298","865,564","512,180","13,554,430","5,488,094","2,168,148"
"142","","情報通信業","24","","1億円以上 - 10億円未満","20220","","2022年度","","1,787,856","112,209","1,054,974","1,334,566","27,080,149","608,552","616,259","11,011,686","4,479,819","1,334,566"
"142","","情報通信業","24","","1億円以上 - 10億円未満","20230","","2023年度","","1,210,904","126,536","1,024,320","1,247,723","27,152,553","859,817","1,088,497","10,248,325","4,123,698","1,247,723"
"142","","情報通信業","24","","1億円以上 - 10億円未満","20240","","2024年度","","1,247,943","272,529","820,106","1,097,953","30,007,146","787,680","1,248,434","11,404,500","5,018,286","1,097,953"
"142","","情報通信業","21","","5千万円以上 - 1億円未満","20150","","2015年度","","107,260","5,034","66,420","81,693","3,315,850","48,819","171,318","781,720","341,359","81,693"
"142","","情報通信業","21","","5千万円以上 - 1億円未満","20160","","2016年度","","246,181","4,318","141,579","177,724","2,742,852","70,819","139,732","985,471","548,010","177,724"
"142","","情報通信業","21","","5千万円以上 - 1億円未満","20170","","2017年度","","282,751","1,577","135,689","170,923","3,457,298","55,890","145,635","1,076,071","519,056","170,923"
"142","","情報通信業","21","","5千万円以上 - 1億円未満","20180","","2018年度","","310,800","5,799","69,049","79,222","3,741,678","64,976","208,762","1,269,491","637,645","79,222"
"142","","情報通信業","21","","5千万円以上 - 1億円未満","20190","","2019年度","","384,502","26,109","99,987","106,660","5,197,449","123,236","301,672","2,035,691","934,980","106,660"
"142","","情報通信業","21","","5千万円以上 - 1億円未満","20200","","2020年度","","308,675","971","194,285","369,479","4,700,650","84,094","203,396","1,655,420","668,823","369,479"
"142","","情報通信業","21","","5千万円以上 - 1億円未満","20210","","2021年度","","339,521","6,767","179,373","322,852","5,313,179","152,642","138,360","1,960,700","1,013,591","322,852"
"142","","情報通信業","21","","5千万円以上 - 1億円未満","20220","","2022年度","","265,533","17,095","188,758","217,012","6,281,641","130,498","85,275","2,199,124","646,228","217,012"
"142","","情報通信業","21","","5千万円以上 - 1億円未満","20230","","2023年度","","241,597","22,385","124,826","270,224","6,323,420","176,351","162,733","2,037,056","862,224","270,224"
"142","","情報通信業","21","","5千万円以上 - 1億円未満","20240","","2024年度","","175,724","15,201","233,430","282,658","6,031,324","90,288","161,426","1,892,343","390,262","282,658"
"142","","情報通信業","19","","1千万円以上 - 1億円未満","20150","","2015年度","","312,604","5,810","179,985","235,083","12,867,798","231,624","841,778","2,993,264","913,586","235,083"
"142","","情報通信業","19","","1千万円以上 - 1億円未満","20160","","2016年度","","606,707","11,668","584,454","669,973","10,467,387","150,748","630,153","3,129,800","1,245,468","669,973"
"142","","情報通信業","19","","1千万円以上 - 1億円未満","20170","","2017年度","","474,323","11,735","935,616","1,008,099","9,917,012","386,003","485,015","2,929,317","995,417","1,008,099"
"142","","情報通信業","19","","1千万円以上 - 1億円未満","20180","","2018年度","","445,855","17,844","201,609","259,701","10,056,990","170,598","520,896","2,616,141","1,030,019","259,701"
"142","","情報通信業","19","","1千万円以上 - 1億円未満","20190","","2019年度","","526,568","31,482","162,067","204,202","12,745,290","212,140","737,672","4,875,518","1,382,998","204,202"
"142","","情報通信業","19","","1千万円以上 - 1億円未満","20200","","2020年度","","652,539","35,438","394,620","634,363","12,070,285","196,854","693,443","3,368,701","1,306,466","634,363"
"142","","情報通信業","19","","1千万円以上 - 1億円未満","20210","","2021年度","","850,220","487,815","364,936","702,026","16,190,644","291,575","790,776","5,515,254","2,572,015","702,026"
"142","","情報通信業","19","","1千万円以上 - 1億円未満","20220","","2022年度","","643,332","51,841","492,007","734,864","24,789,477","352,701","654,046","8,469,790","1,701,118","734,864"
"142","","情報通信業","19","","1千万円以上 - 1億円未満","20230","","2023年度","","441,280","49,690","782,628","1,545,840","23,178,696","392,286","685,696","12,157,901","1,391,855","1,545,840"
"142","","情報通信業","19","","1千万円以上 - 1億円未満","20240","","2024年度","","345,549","40,521","577,176","1,300,833","26,152,364","307,284","946,552","11,785,405","1,107,549","1,300,833"
"142","","情報通信業","18","","1千万円以上 - 5千万円未満","20150","","2015年度","","205,344","776","113,565","153,390","9,551,948","182,805","670,460","2,211,544","572,227","153,390"
"142","","情報通信業","18","","1千万円以上 - 5千万円未満","20160","","2016年度","","360,526","7,350","442,875","492,249","7,724,535","79,929","490,421","2,144,329","697,458","492,249"
"142","","情報通信業","18","","1千万円以上 - 5千万円未満","20170","","2017年度","","191,572","10,158","799,927","837,176","6,459,714","330,113","339,380","1,853,246","476,361","837,176"
"142","","情報通信業","18","","1千万円以上 - 5千万円未満","20180","","2018年度","","135,055","12,045","132,560","180,479","6,315,312","105,622","312,134","1,346,650","392,374","180,479"
"142","","情報通信業","18","","1千万円以上 - 5千万円未満","20190","","2019年度","","142,066","5,373","62,080","97,542","7,547,841","88,904","436,000","2,839,827","448,018","97,542"
"142","","情報通信業","18","","1千万円以上 - 5千万円未満","20200","","2020年度","","343,864","34,467","200,335","264,884","7,369,635","112,760","490,047","1,713,281","637,643","264,884"
"142","","情報通信業","18","","1千万円以上 - 5千万円未満","20210","","2021年度","","510,699","481,048","185,563","379,174","10,877,465","138,933","652,416","3,554,554","1,558,424","379,174"
"142","","情報通信業","18","","1千万円以上 - 5千万円未満","20220","","2022年度","","377,799","34,746","303,249","517,852","18,507,836","222,203","568,771","6,270,666","1,054,890","517,852"
"142","","情報通信業","18","","1千万円以上 - 5千万円未満","20230","","2023年度","","199,683","27,305","657,802","1,275,616","16,855,276","215,935","522,963","10,120,845","529,631","1,275,616"
"142","","情報通信業","18","","1千万円以上 - 5千万円未満","20240","","2024年度","","169,825","25,320","343,746","1,018,175","20,121,040","216,996","785,126","9,893,062","717,287","1,018,175"
"142","","情報通信業","16","","1千万円未満","20150","","2015年度","","933","0","30,963","31,588","1,207,885","32,963","36,523","310,204","98,059","31,588"
"142","","情報通信業","16","","1千万円未満","20160","","2016年度","","4,392","532","4,598","5,338","1,727,789","30,667","28,629","403,941","123,552","5,338"
"142","","情報通信業","16","","1千万円未満","20170","","2017年度","","4,009","404","12,981","18,079","1,461,535","24,814","33,124","243,400","107,212","18,079"
"142","","情報通信業","16","","1千万円未満","20180","","2018年度","","0","5,404","9,909","13,457","1,391,522","23,890","10,995","190,965","95,521","13,457"
"142","","情報通信業","16","","1千万円未満","20190","","2019年度","","27,929","7,530","5,957","8,748","1,011,534","18,956","34,717","159,455","110,865","8,748"
"142","","情報通信業","16","","1千万円未満","20200","","2020年度","","129,611","0","1,310","18,512","6,995,137","18,926","49,466","1,151,973","362,592","18,512"
"142","","情報通信業","16","","1千万円未満","20210","","2021年度","","31,530","0","0","13,379","2,233,260","36,548","87,422","463,992","188,875","13,379"
"142","","情報通信業","16","","1千万円未満","20220","","2022年度","","5,450","933","410","2,441","2,192,130","24,178","38,114","267,690","85,259","2,441"
"142","","情報通信業","16","","1千万円未満","20230","","2023年度","","12,348","572","6,146","10,960","1,708,152","9,635","66,385","239,892","70,778","10,960"
"142","","情報通信業","16","","1千万円未満","20240","","2024年度","","1,304","7,314","21,868","26,907","2,379,846","39,356","79,277","451,574","97,648","26,907"
"142","","情報通信業","23","","1億円以上","20150","","2015年度","","2,892,805","688,760","2,711,765","3,424,572","65,362,224","3,468,772","1,288,156","40,626,870","18,766,560","3,424,572"
"142","","情報通信業","23","","1億円以上","20160","","2016年度","","2,880,350","712,924","2,843,320","3,757,129","69,429,608","3,170,706","1,258,126","42,061,483","18,755,732","3,757,129"
"142","","情報通信業","23","","1億円以上","20170","","2017年度","","2,944,695","746,887","3,076,854","4,466,816","73,879,690","3,285,903","1,349,683","44,574,949","18,719,422","4,466,816"
"142","","情報通信業","23","","1億円以上","20180","","2018年度","","2,950,192","818,808","3,169,556","4,497,222","80,136,344","3,386,606","1,376,230","47,885,173","19,338,801","4,497,222"
"142","","情報通信業","23","","1億円以上","20190","","2019年度","","3,135,671","753,569","3,458,367","5,075,146","84,020,740","3,652,113","1,350,548","49,394,999","19,564,971","5,075,146"
"142","","情報通信業","23","","1億円以上","20200","","2020年度","","3,441,419","838,530","3,752,321","5,184,115","92,559,919","3,639,371","1,416,564","55,248,009","20,026,138","5,184,115"
"142","","情報通信業","23","","1億円以上","20210","","2021年度","","3,832,302","948,840","4,089,928","6,241,589","113,411,947","3,836,610","1,509,413","61,162,646","21,125,928","6,241,589"
"142","","情報通信業","23","","1億円以上","20220","","2022年度","","3,747,701","990,122","4,122,533","5,669,805","114,482,590","3,603,843","1,799,889","60,982,817","20,409,915","5,669,805"
"142","","情報通信業","23","","1億円以上","20230","","2023年度","","3,266,716","947,408","4,408,909","6,086,026","118,786,796","4,104,395","2,111,671","62,649,989","20,293,510","6,086,026"
"142","","情報通信業","23","","1億円以上","20240","","2024年度","","3,264,485","1,296,529","4,356,582","6,119,700","116,076,429","3,842,944","2,475,725","67,881,107","20,968,083","6,119,700"
"142","","情報通信業","22","","1億円未満","20150","","2015年度","","313,537","5,810","210,948","266,671","14,075,683","264,587","878,301","3,303,468","1,011,645","266,671"
"142","","情報通信業","22","","1億円未満","20160","","2016年度","","611,099","12,200","589,052","675,311","12,195,176","181,415","658,782","3,533,741","1,369,020","675,311"
"142","","情報通信業","22","","1億円未満","20170","","2017年度","","478,332","12,139","948,597","1,026,178","11,378,547","410,817","518,139","3,172,717","1,102,629","1,026,178"
"142","","情報通信業","22","","1億円未満","20180","","2018年度","","445,855","23,248","211,518","273,158","11,448,512","194,488","531,891","2,807,106","1,125,540","273,158"
"142","","情報通信業","22","","1億円未満","20190","","2019年度","","554,497","39,012","168,024","212,950","13,756,824","231,096","772,389","5,034,973","1,493,863","212,950"
"142","","情報通信業","22","","1億円未満","20200","","2020年度","","782,150","35,438","395,930","652,875","19,065,422","215,780","742,909","4,520,674","1,669,058","652,875"
"142","","情報通信業","22","","1億円未満","20210","","2021年度","","881,750","487,815","364,936","715,405","18,423,904","328,123","878,198","5,979,246","2,760,890","715,405"
"142","","情報通信業","22","","1億円未満","20220","","2022年度","","648,782","52,774","492,417","737,305","26,981,607","376,879","692,160","8,737,480","1,786,377","737,305"
"142","","情報通信業","22","","1億円未満","20230","","2023年度","","453,628","50,262","788,774","1,556,800","24,886,848","401,921","752,081","12,397,793","1,462,633","1,556,800"
"142","","情報通信業","22","","1億円未満","20240","","2024年度","","346,853","47,835","599,044","1,327,740","28,532,210","346,640","1,025,829","12,236,979","1,205,197","1,327,740"
"142","","情報通信業","20","","2千万円以上 - 5千万円未満","20150","","2015年度","","69,454","474","61,556","95,027","2,471,065","62,703","359,399","525,556","201,387","95,027"
"142","","情報通信業","20","","2千万円以上 - 5千万円未満","20160","","2016年度","","65,241","4,499","392,352","428,368","2,815,726","39,809","215,706","964,490","209,710","428,368"
"142","","情報通信業","20","","2千万円以上 - 5千万円未満","20170","","2017年度","","87,718","10,158","761,094","784,317","4,105,232","311,460","268,010","1,403,076","273,532","784,317"
"142","","情報通信業","20","","2千万円以上 - 5千万円未満","20180","","2018年度","","103,737","4,796","80,289","108,690","2,957,981","55,448","189,766","869,661","222,531","108,690"
"142","","情報通信業","20","","2千万円以上 - 5千万円未満","20190","","2019年度","","121,398","2,521","54,953","76,786","2,443,152","34,463","173,857","795,866","251,632","76,786"
"142","","情報通信業","20","","2千万円以上 - 5千万円未満","20200","","2020年度","","239,342","7,050","132,427","177,099","4,246,363","66,611","449,388","983,702","417,457","177,099"
"142","","情報通信業","20","","2千万円以上 - 5千万円未満","20210","","2021年度","","293,813","29,904","142,585","231,888","5,678,804","102,232","545,336","1,976,501","788,190","231,888"
"142","","情報通信業","20","","2千万円以上 - 5千万円未満","20220","","2022年度","","70,142","7,884","204,838","328,320","7,906,077","73,548","131,251","2,469,249","452,831","328,320"
"142","","情報通信業","20","","2千万円以上 - 5千万円未満","20230","","2023年度","","57,642","8,260","224,958","267,639","3,231,770","91,255","146,400","823,845","222,306","267,639"
"142","","情報通信業","20","","2千万円以上 - 5千万円未満","20240","","2024年度","","40,008","9,659","124,629","131,816","5,499,284","99,954","548,683","2,068,918","346,955","131,816"
"142","","情報通信業","17","","1千万円以上 - 2千万円未満","20150","","2015年度","","135,890","302","52,009","58,363","7,080,883","120,102","311,061","1,685,988","370,840","58,363"
"142","","情報通信業","17","","1千万円以上 - 2千万円未満","20160","","2016年度","","295,285","2,851","50,523","63,881","4,908,809","40,120","274,715","1,179,839","487,748","63,881"
"142","","情報通信業","17","","1千万円以上 - 2千万円未満","20170","","2017年度","","103,854","0","38,833","52,859","2,354,482","18,653","71,370","450,170","202,829","52,859"
"142","","情報通信業","17","","1千万円以上 - 2千万円未満","20180","","2018年度","","31,318","7,249","52,271","71,789","3,357,331","50,174","122,368","476,989","169,843","71,789"
"142","","情報通信業","17","","1千万円以上 - 2千万円未満","20190","","2019年度","","20,668","2,852","7,127","20,756","5,104,689","54,441","262,143","2,043,961","196,386","20,756"
"142","","情報通信業","17","","1千万円以上 - 2千万円未満","20200","","2020年度","","104,522","27,417","67,908","87,785","3,123,272","46,149","40,659","729,579","220,186","87,785"
"142","","情報通信業","17","","1千万円以上 - 2千万円未満","20210","","2021年度","","216,886","451,144","42,978","147,286","5,198,661","36,701","107,080","1,578,053","770,234","147,286"
"142","","情報通信業","17","","1千万円以上 - 2千万円未満","20220","","2022年度","","307,657","26,862","98,411","189,532","10,601,759","148,655","437,520","3,801,417","602,059","189,532"
"142","","情報通信業","17","","1千万円以上 - 2千万円未満","20230","","2023年度","","142,041","19,045","432,844","1,007,977","13,623,506","124,680","376,563","9,297,000","307,325","1,007,977"
"142","","情報通信業","17","","1千万円以上 - 2千万円未満","20240","","2024年度","","129,817","15,661","219,117","886,359","14,621,756","117,042","236,443","7,824,144","370,332","886,359"
"127","","卸売業","26","","全規模","20150","","2015年度","","15,485,686","777,109","680,616","1,494,532","200,617,174","2,426,790","19,883,063","71,325,654","30,256,743","1,494,532"
"127","","卸売業","26","","全規模","20160","","2016年度","","17,810,478","605,090","705,930","1,665,222","208,361,584","2,365,845","18,444,218","76,573,036","33,589,163","1,665,222"
"127","","卸売業","26","","全規模","20170","","2017年度","","19,205,084","718,296","719,327","1,373,550","220,972,584","2,154,506","21,532,030","78,632,893","35,099,329","1,373,550"
"127","","卸売業","26","","全規模","20180","","2018年度","","17,302,497","606,000","744,405","1,309,459","201,835,256","1,710,207","20,618,206","71,913,687","30,434,762","1,309,459"
"127","","卸売業","26","","全規模","20190","","2019年度","","15,670,699","457,450","678,950","1,761,739","185,969,807","1,704,264","19,404,077","67,692,356","28,042,315","1,761,739"
"127","","卸売業","26","","全規模","20200","","2020年度","","16,427,036","599,360","751,962","1,975,526","196,753,173","1,847,478","18,893,075","73,440,265","29,557,410","1,975,526"
"127","","卸売業","26","","全規模","20210","","2021年度","","16,355,788","1,130,044","819,074","2,114,881","217,221,990","1,975,705","21,732,621","79,233,891","30,211,000","2,114,881"
"127","","卸売業","26","","全規模","20220","","2022年度","","15,792,241","1,209,500","919,067","2,380,639","232,892,970","1,975,274","24,672,575","82,807,892","30,143,418","2,380,639"
"127","","卸売業","26","","全規模","20230","","2023年度","","16,783,106","1,099,130","1,120,010","3,207,173","242,723,204","2,274,473","24,182,616","88,803,171","33,027,622","3,207,173"
"127","","卸売業","26","","全規模","20240","","2024年度","","16,727,168","803,500","1,015,049","2,544,353","247,785,070","2,394,713","27,064,931","88,724,637","32,748,088","2,544,353"
"127","","卸売業","25","","10億円以上","20150","","2015年度","","3,191,565","80,515","332,708","567,943","66,352,317","429,542","5,255,159","29,437,123","5,995,709","567,943"
"127","","卸売業","25","","10億円以上","20160","","2016年度","","3,089,409","110,237","370,369","588,765","68,267,475","409,584","5,173,355","30,496,877","5,970,219","588,765"
"127","","卸売業","25","","10億円以上","20170","","2017年度","","3,184,173","155,167","347,681","607,882","71,399,562","386,092","5,948,435","31,633,743","6,042,603","607,882"
"127","","卸売業","25","","10億円以上","20180","","2018年度","","3,166,342","141,952","395,755","624,862","73,880,779","369,795","6,259,685","32,658,162","6,142,280","624,862"
"127","","卸売業","25","","10億円以上","20190","","2019年度","","3,170,283","98,565","399,022","885,401","69,136,038","439,388","5,518,962","32,748,117","6,210,212","885,401"
"127","","卸売業","25","","10億円以上","20200","","2020年度","","3,092,607","76,937","442,338","841,453","70,154,375","420,377","5,510,463","33,316,893","6,085,230","841,453"
"127","","卸売業","25","","10億円以上","20210","","2021年度","","3,338,025","123,333","472,624","864,278","81,039,940","441,187","7,219,016","36,565,734","6,515,405","864,278"
"127","","卸売業","25","","10億円以上","20220","","2022年度","","3,279,388","157,704","503,685","918,888","82,214,304","419,116","8,095,594","36,862,413","6,395,783","918,888"
"127","","卸売業","25","","10億円以上","20230","","2023年度","","3,298,017","202,868","544,034","970,141","86,083,515","515,985","8,152,579","38,672,602","6,579,116","970,141"
"127","","卸売業","25","","10億円以上","20240","","2024年度","","3,091,461","193,093","510,746","889,221","82,467,002","527,301","8,196,092","37,764,699","6,198,993","889,221"
"127","","卸売業","24","","1億円以上 - 10億円未満","20150","","2015年度","","2,544,873","85,254","166,524","331,202","35,803,153","351,315","3,991,696","8,566,730","4,820,129","331,202"
"127","","卸売業","24","","1億円以上 - 10億円未満","20160","","2016年度","","2,698,649","71,414","172,756","348,166","35,676,333","357,451","3,853,610","8,816,254","5,041,345","348,166"
"127","","卸売業","24","","1億円以上 - 10億円未満","20170","","2017年度","","2,648,013","58,349","153,411","273,259","39,914,966","352,336","4,547,231","9,024,100","5,081,745","273,259"
"127","","卸売業","24","","1億円以上 - 10億円未満","20180","","2018年度","","2,771,285","119,604","165,574","259,048","42,101,299","372,001","4,962,932","9,751,116","5,370,875","259,048"
"127","","卸売業","24","","1億円以上 - 10億円未満","20190","","2019年度","","2,669,018","103,284","141,732","276,535","38,775,728","360,832","4,395,041","9,691,897","5,322,028","276,535"
"127","","卸売業","24","","1億円以上 - 10億円未満","20200","","2020年度","","2,157,804","57,818","179,191","542,001","35,968,374","410,251","4,040,231","9,340,531","4,544,128","542,001"
"127","","卸売業","24","","1億円以上 - 10億円未満","20210","","2021年度","","2,203,260","85,030","213,497","453,313","40,472,126","403,739","4,955,254","9,417,367","4,759,694","453,313"
"127","","卸売業","24","","1億円以上 - 10億円未満","20220","","2022年度","","2,306,166","115,193","229,203","485,274","43,678,936","446,318","5,628,625","9,636,164","4,982,521","485,274"
"127","","卸売業","24","","1億円以上 - 10億円未満","20230","","2023年度","","2,304,641","89,367","300,528","567,169","46,389,313","467,322","5,923,593","10,728,946","5,054,314","567,169"
"127","","卸売業","24","","1億円以上 - 10億円未満","20240","","2024年度","","2,784,297","136,744","282,166","441,060","48,692,211","478,963","6,154,190","12,210,919","5,981,307","441,060"
"127","","卸売業","21","","5千万円以上 - 1億円未満","20150","","2015年度","","2,613,961","86,622","96,171","129,989","30,805,158","441,983","3,911,839","8,900,109","5,341,155","129,989"
"127","","卸売業","21","","5千万円以上 - 1億円未満","20160","","2016年度","","3,165,702","88,924","106,913","390,259","31,499,654","531,713","3,230,825","11,185,792","6,600,844","390,259"
"127","","卸売業","21","","5千万円以上 - 1億円未満","20170","","2017年度","","2,701,676","176,773","129,131","199,278","25,281,377","542,882","2,741,508","8,994,309","6,027,472","199,278"
"127","","卸売業","21","","5千万円以上 - 1億円未満","20180","","2018年度","","2,518,856","123,527","67,022","137,118","23,344,591","266,667","2,564,132","7,568,828","4,624,567","137,118"
"127","","卸売業","21","","5千万円以上 - 1億円未満","20190","","2019年度","","2,697,002","44,450","44,454","207,927","22,046,731","242,594","2,309,120","6,953,624","4,335,806","207,927"
"127","","卸売業","21","","5千万円以上 - 1億円未満","20200","","2020年度","","2,935,274","120,232","64,579","291,215","26,744,486","289,996","3,207,017","8,585,937","4,741,014","291,215"
"127","","卸売業","21","","5千万円以上 - 1億円未満","20210","","2021年度","","2,571,124","224,190","38,214","536,931","27,875,340","225,075","2,729,681","8,761,421","4,494,740","536,931"
"127","","卸売業","21","","5千万円以上 - 1億円未満","20220","","2022年度","","3,062,763","122,377","95,483","237,719","33,862,211","306,354","4,082,620","10,398,031","5,403,387","237,719"
"127","","卸売業","21","","5千万円以上 - 1億円未満","20230","","2023年度","","3,161,303","197,188","97,589","182,554","32,508,369","308,107","2,990,086","9,637,226","5,418,372","182,554"
"127","","卸売業","21","","5千万円以上 - 1億円未満","20240","","2024年度","","2,402,541","74,594","103,914","165,197","30,170,931","287,701","4,218,318","9,100,389","4,533,218","165,197"
"127","","卸売業","19","","1千万円以上 - 1億円未満","20150","","2015年度","","8,849,695","564,494","176,287","580,885","91,914,375","1,503,103","9,764,527","31,324,901","17,841,027","580,885"
"127","","卸売業","19","","1千万円以上 - 1億円未満","20160","","2016年度","","9,932,078","386,679","151,426","705,033","94,040,483","1,473,557","8,597,624","32,635,630","19,892,266","705,033"
"127","","卸売業","19","","1千万円以上 - 1億円未満","20170","","2017年度","","11,349,285","476,888","210,505","438,407","96,403,022","1,247,241","10,125,970","32,137,195","20,997,685","438,407"
"127","","卸売業","19","","1千万円以上 - 1億円未満","20180","","2018年度","","10,805,931","317,343","182,504","381,215","80,147,551","862,816","8,717,032","27,583,752","17,732,002","381,215"
"127","","卸売業","19","","1千万円以上 - 1億円未満","20190","","2019年度","","9,071,822","241,141","124,340","572,666","69,940,833","765,750","8,051,873","22,949,108","14,735,762","572,666"
"127","","卸売業","19","","1千万円以上 - 1億円未満","20200","","2020年度","","10,237,181","462,785","117,222","559,372","81,390,554","847,472","8,428,603","28,009,355","16,808,093","559,372"
"127","","卸売業","19","","1千万円以上 - 1億円未満","20210","","2021年度","","9,502,009","612,109","129,457","768,237","85,372,300","978,149","8,723,040","29,586,702","16,433,378","768,237"
"127","","卸売業","19","","1千万円以上 - 1億円未満","20220","","2022年度","","9,709,744","583,767","181,689","953,002","98,654,009","1,004,274","10,302,794","32,855,879","17,252,492","953,002"
"127","","卸売業","19","","1千万円以上 - 1億円未満","20230","","2023年度","","10,923,259","599,086","255,411","1,557,092","99,576,673","1,062,226","9,037,835","36,064,884","18,993,401","1,557,092"
"127","","卸売業","19","","1千万円以上 - 1億円未満","20240","","2024年度","","10,449,823","329,460","217,431","1,170,201","105,628,971","1,195,055","10,791,481","35,689,380","18,695,543","1,170,201"
"127","","卸売業","18","","1千万円以上 - 5千万円未満","20150","","2015年度","","6,235,734","477,872","80,116","450,896","61,109,217","1,061,120","5,852,688","22,424,792","12,499,872","450,896"
"127","","卸売業","18","","1千万円以上 - 5千万円未満","20160","","2016年度","","6,766,376","297,755","44,513","314,774","62,540,829","941,844","5,366,799","21,449,838","13,291,422","314,774"
"127","","卸売業","18","","1千万円以上 - 5千万円未満","20170","","2017年度","","8,647,609","300,115","81,374","239,129","71,121,645","704,359","7,384,462","23,142,886","14,970,213","239,129"
"127","","卸売業","18","","1千万円以上 - 5千万円未満","20180","","2018年度","","8,287,075","193,816","115,482","244,097","56,802,960","596,149","6,152,900","20,014,924","13,107,435","244,097"
"127","","卸売業","18","","1千万円以上 - 5千万円未満","20190","","2019年度","","6,374,820","196,691","79,886","364,739","47,894,102","523,156","5,742,753","15,995,484","10,399,956","364,739"
"127","","卸売業","18","","1千万円以上 - 5千万円未満","20200","","2020年度","","7,301,907","342,553","52,643","268,157","54,646,068","557,476","5,221,586","19,423,418","12,067,079","268,157"
"127","","卸売業","18","","1千万円以上 - 5千万円未満","20210","","2021年度","","6,930,885","387,919","91,243","231,306","57,496,960","753,074","5,993,359","20,825,281","11,938,638","231,306"
"127","","卸売業","18","","1千万円以上 - 5千万円未満","20220","","2022年度","","6,646,981","461,390","86,206","715,283","64,791,798","697,920","6,220,174","22,457,848","11,849,105","715,283"
"127","","卸売業","18","","1千万円以上 - 5千万円未満","20230","","2023年度","","7,761,956","401,898","157,822","1,374,538","67,068,304","754,119","6,047,749","26,427,658","13,575,029","1,374,538"
"127","","卸売業","18","","1千万円以上 - 5千万円未満","20240","","2024年度","","8,047,282","254,866","113,517","1,005,004","75,458,040","907,354","6,573,163","26,588,991","14,162,325","1,005,004"
"127","","卸売業","16","","1千万円未満","20150","","2015年度","","899,553","46,846","5,097","14,502","6,547,329","142,830","871,681","1,996,900","1,599,878","14,502"
"127","","卸売業","16","","1千万円未満","20160","","2016年度","","2,090,342","36,760","11,379","23,258","10,377,293","125,253","819,629","4,624,275","2,685,333","23,258"
"127","","卸売業","16","","1千万円未満","20170","","2017年度","","2,023,613","27,892","7,730","54,002","13,255,034","168,837","910,394","5,837,855","2,977,296","54,002"
"127","","卸売業","16","","1千万円未満","20180","","2018年度","","558,939","27,101","572","44,334","5,705,627","105,595","678,557","1,920,657","1,189,605","44,334"
"127","","卸売業","16","","1千万円未満","20190","","2019年度","","759,576","14,460","13,856","27,137","8,117,208","138,294","1,438,201","2,303,234","1,774,313","27,137"
"127","","卸売業","16","","1千万円未満","20200","","2020年度","","939,444","1,820","13,211","32,700","9,239,870","169,378","913,778","2,773,486","2,119,959","32,700"
"127","","卸売業","16","","1千万円未満","20210","","2021年度","","1,312,494","309,572","3,496","29,053","10,337,624","152,630","835,311","3,664,088","2,502,523","29,053"
"127","","卸売業","16","","1千万円未満","20220","","2022年度","","496,943","352,836","4,490","23,475","8,345,721","105,566","645,562","3,453,436","1,512,622","23,475"
"127","","卸売業","16","","1千万円未満","20230","","2023年度","","257,189","207,809","20,037","112,771","10,673,703","228,940","1,068,609","3,336,739","2,400,791","112,771"
"127","","卸売業","16","","1千万円未満","20240","","2024年度","","401,587","144,203","4,706","43,871","10,996,886","193,394","1,923,168","3,059,639","1,872,245","43,871"
"127","","卸売業","23","","1億円以上","20150","","2015年度","","5,736,438","165,769","499,232","899,145","102,155,470","780,857","9,246,855","38,003,853","10,815,838","899,145"
"127","","卸売業","23","","1億円以上","20160","","2016年度","","5,788,058","181,651","543,125","936,931","103,943,808","767,035","9,026,965","39,313,131","11,011,564","936,931"
"127","","卸売業","23","","1億円以上","20170","","2017年度","","5,832,186","213,516","501,092","881,141","111,314,528","738,428","10,495,666","40,657,843","11,124,348","881,141"
"127","","卸売業","23","","1億円以上","20180","","2018年度","","5,937,627","261,556","561,329","883,910","115,982,078","741,796","11,222,617","42,409,278","11,513,155","883,910"
"127","","卸売業","23","","1億円以上","20190","","2019年度","","5,839,301","201,849","540,754","1,161,936","107,911,766","800,220","9,914,003","42,440,014","11,532,240","1,161,936"
"127","","卸売業","23","","1億円以上","20200","","2020年度","","5,250,411","134,755","621,529","1,383,454","106,122,749","830,628","9,550,694","42,657,424","10,629,358","1,383,454"
"127","","卸売業","23","","1億円以上","20210","","2021年度","","5,541,285","208,363","686,121","1,317,591","121,512,066","844,926","12,174,270","45,983,101","11,275,099","1,317,591"
"127","","卸売業","23","","1億円以上","20220","","2022年度","","5,585,554","272,897","732,888","1,404,162","125,893,240","865,434","13,724,219","46,498,577","11,378,304","1,404,162"
"127","","卸売業","23","","1億円以上","20230","","2023年度","","5,602,658","292,235","844,562","1,537,310","132,472,828","983,307","14,076,172","49,401,548","11,633,430","1,537,310"
"127","","卸売業","23","","1億円以上","20240","","2024年度","","5,875,758","329,837","792,912","1,330,281","131,159,213","1,006,264","14,350,282","49,975,618","12,180,300","1,330,281"
"127","","卸売業","22","","1億円未満","20150","","2015年度","","9,749,248","611,340","181,384","595,387","98,461,704","1,645,933","10,636,208","33,321,801","19,440,905","595,387"
"127","","卸売業","22","","1億円未満","20160","","2016年度","","12,022,420","423,439","162,805","728,291","104,417,776","1,598,810","9,417,253","37,259,905","22,577,599","728,291"
"127","","卸売業","22","","1億円未満","20170","","2017年度","","13,372,898","504,780","218,235","492,409","109,658,056","1,416,078","11,036,364","37,975,050","23,974,981","492,409"
"127","","卸売業","22","","1億円未満","20180","","2018年度","","11,364,870","344,444","183,076","425,549","85,853,178","968,411","9,395,589","29,504,409","18,921,607","425,549"
"127","","卸売業","22","","1億円未満","20190","","2019年度","","9,831,398","255,601","138,196","599,803","78,058,041","904,044","9,490,074","25,252,342","16,510,075","599,803"
"127","","卸売業","22","","1億円未満","20200","","2020年度","","11,176,625","464,605","130,433","592,072","90,630,424","1,016,850","9,342,381","30,782,841","18,928,052","592,072"
"127","","卸売業","22","","1億円未満","20210","","2021年度","","10,814,503","921,681","132,953","797,290","95,709,924","1,130,779","9,558,351","33,250,790","18,935,901","797,290"
"127","","卸売業","22","","1億円未満","20220","","2022年度","","10,206,687","936,603","186,179","976,477","106,999,730","1,109,840","10,948,356","36,309,315","18,765,114","976,477"
"127","","卸売業","22","","1億円未満","20230","","2023年度","","11,180,448","806,895","275,448","1,669,863","110,250,376","1,291,166","10,106,444","39,401,623","21,394,192","1,669,863"
"127","","卸売業","22","","1億円未満","20240","","2024年度","","10,851,410","473,663","222,137","1,214,072","116,625,857","1,388,449","12,714,649","38,749,019","20,567,788","1,214,072"
"127","","卸売業","20","","2千万円以上 - 5千万円未満","20150","","2015年度","","3,414,410","93,640","63,687","200,505","27,659,802","273,902","2,611,992","10,260,217","5,899,539","200,505"
"127","","卸売業","20","","2千万円以上 - 5千万円未満","20160","","2016年度","","3,134,896","141,154","28,707","94,482","24,753,782","242,087","2,217,637","8,877,521","5,502,373","94,482"
"127","","卸売業","20","","2千万円以上 - 5千万円未満","20170","","2017年度","","4,515,006","228,991","30,823","99,533","31,444,444","294,330","2,898,740","12,119,685","7,559,304","99,533"
"127","","卸売業","20","","2千万円以上 - 5千万円未満","20180","","2018年度","","4,128,494","90,842","43,034","107,926","25,241,738","269,405","2,902,718","8,825,867","6,144,966","107,926"
"127","","卸売業","20","","2千万円以上 - 5千万円未満","20190","","2019年度","","3,782,564","129,353","30,085","145,029","24,691,833","237,329","3,025,643","8,434,024","5,925,328","145,029"
"127","","卸売業","20","","2千万円以上 - 5千万円未満","20200","","2020年度","","3,627,634","202,704","25,431","88,782","25,942,058","276,044","2,831,303","8,887,682","6,030,943","88,782"
"127","","卸売業","20","","2千万円以上 - 5千万円未満","20210","","2021年度","","3,002,277","100,663","81,342","164,964","24,263,631","275,888","3,374,433","7,940,018","4,812,716","164,964"
"127","","卸売業","20","","2千万円以上 - 5千万円未満","20220","","2022年度","","2,867,991","231,292","63,018","617,806","25,577,279","286,693","2,907,637","8,795,451","5,177,322","617,806"
"127","","卸売業","20","","2千万円以上 - 5千万円未満","20230","","2023年度","","2,871,678","138,352","77,155","914,649","30,800,714","425,751","2,940,401","10,702,003","5,738,301","914,649"
"127","","卸売業","20","","2千万円以上 - 5千万円未満","20240","","2024年度","","2,509,295","62,470","46,646","352,604","28,796,217","458,172","2,810,006","9,056,733","5,038,493","352,604"
"127","","卸売業","17","","1千万円以上 - 2千万円未満","20150","","2015年度","","2,821,324","384,232","16,429","250,391","33,449,415","787,218","3,240,696","12,164,575","6,600,333","250,391"
"127","","卸売業","17","","1千万円以上 - 2千万円未満","20160","","2016年度","","3,631,480","156,601","15,806","220,292","37,787,047","699,757","3,149,162","12,572,317","7,789,049","220,292"
"127","","卸売業","17","","1千万円以上 - 2千万円未満","20170","","2017年度","","4,132,603","71,124","50,551","139,596","39,677,201","410,029","4,485,722","11,023,201","7,410,909","139,596"
"127","","卸売業","17","","1千万円以上 - 2千万円未満","20180","","2018年度","","4,158,581","102,974","72,448","136,171","31,561,222","326,744","3,250,182","11,189,057","6,962,469","136,171"
"127","","卸売業","17","","1千万円以上 - 2千万円未満","20190","","2019年度","","2,592,256","67,338","49,801","219,710","23,202,269","285,827","2,717,110","7,561,460","4,474,628","219,710"
"127","","卸売業","17","","1千万円以上 - 2千万円未満","20200","","2020年度","","3,674,273","139,849","27,212","179,375","28,704,010","281,432","2,390,283","10,535,736","6,036,136","179,375"
"127","","卸売業","17","","1千万円以上 - 2千万円未満","20210","","2021年度","","3,928,608","287,256","9,901","66,342","33,233,329","477,186","2,618,926","12,885,263","7,125,922","66,342"
"127","","卸売業","17","","1千万円以上 - 2千万円未満","20220","","2022年度","","3,778,990","230,098","23,188","97,477","39,214,519","411,227","3,312,537","13,662,397","6,671,783","97,477"
"127","","卸売業","17","","1千万円以上 - 2千万円未満","20230","","2023年度","","4,890,278","263,546","80,667","459,889","36,267,590","328,368","3,107,348","15,725,655","7,836,728","459,889"
"127","","卸売業","17","","1千万円以上 - 2千万円未満","20240","","2024年度","","5,537,987","192,396","66,871","652,400","46,661,823","449,182","3,763,157","17,532,258","9,123,832","652,400"
"128","","小売業","26","","全規模","20150","","2015年度","","16,897,471","552,130","396,462","1,547,723","114,028,492","2,671,733","14,544,613","54,598,871","37,251,752","1,547,723"
"128","","小売業","26","","全規模","20160","","2016年度","","16,385,661","473,578","406,460","1,731,565","102,745,443","2,255,674","12,911,952","52,716,988","35,632,491","1,731,565"
"128","","小売業","26","","全規模","20170","","2017年度","","18,234,351","939,445","359,796","1,877,127","113,905,645","2,747,144","14,023,895","57,730,773","39,938,389","1,877,127"
"128","","小売業","26","","全規模","20180","","2018年度","","18,464,012","1,019,414","414,213","1,672,311","114,353,447","2,477,115","13,865,412","56,143,199","39,126,201","1,672,311"
"128","","小売業","26","","全規模","20190","","2019年度","","18,125,655","763,238","464,751","1,588,249","124,798,842","2,630,200","15,085,825","63,152,807","40,610,508","1,588,249"
"128","","小売業","26","","全規模","20200","","2020年度","","17,002,712","678,983","455,435","1,978,272","122,027,136","2,765,965","14,166,570","59,539,529","39,656,255","1,978,272"
"128","","小売業","26","","全規模","20210","","2021年度","","16,375,077","880,674","547,238","1,859,094","126,548,889","2,706,309","14,406,874","62,933,394","37,729,012","1,859,094"
"128","","小売業","26","","全規模","20220","","2022年度","","17,030,519","954,870","635,856","1,677,744","129,090,252","2,902,225","15,884,883","60,426,215","39,643,510","1,677,744"
"128","","小売業","26","","全規模","20230","","2023年度","","16,762,330","795,776","772,031","1,894,209","134,379,420","3,241,848","16,648,887","61,703,192","40,665,671","1,894,209"
"128","","小売業","26","","全規模","20240","","2024年度","","16,617,966","972,414","810,101","2,921,225","123,874,163","3,101,363","14,309,298","61,626,048","39,762,942","2,921,225"
"128","","小売業","25","","10億円以上","20150","","2015年度","","4,315,034","152,067","171,958","649,046","27,959,284","871,768","3,515,410","17,466,192","10,933,661","649,046"
"128","","小売業","25","","10億円以上","20160","","2016年度","","4,445,755","166,380","189,797","668,079","29,167,348","788,474","3,534,943","18,607,101","11,394,507","668,079"
"128","","小売業","25","","10億円以上","20170","","2017年度","","4,708,729","185,224","189,522","528,255","29,715,906","819,950","3,545,108","19,050,360","11,866,020","528,255"
"128","","小売業","25","","10億円以上","20180","","2018年度","","4,758,275","215,799","217,925","543,673","27,803,013","766,117","3,475,556","17,660,149","11,501,916","543,673"
"128","","小売業","25","","10億円以上","20190","","2019年度","","4,603,449","111,271","267,439","699,424","28,954,665","803,716","3,416,815","18,212,961","11,544,496","699,424"
"128","","小売業","25","","10億円以上","20200","","2020年度","","4,625,402","98,111","273,298","683,766","29,075,480","803,790","2,898,012","17,818,679","11,204,067","683,766"
"128","","小売業","25","","10億円以上","20210","","2021年度","","4,301,571","111,372","318,742","761,534","28,427,603","797,677","3,033,275","16,989,979","10,469,280","761,534"
"128","","小売業","25","","10億円以上","20220","","2022年度","","4,109,372","210,184","330,487","660,200","27,597,689","813,456","3,243,071","16,433,155","10,252,764","660,200"
"128","","小売業","25","","10億円以上","20230","","2023年度","","3,799,347","165,981","397,764","813,483","28,626,995","861,434","3,054,412","16,793,222","10,129,018","813,483"
"128","","小売業","25","","10億円以上","20240","","2024年度","","4,013,190","129,172","413,519","751,163","28,946,879","938,823","3,219,331","17,183,713","10,673,842","751,163"
"128","","小売業","24","","1億円以上 - 10億円未満","20150","","2015年度","","2,357,905","71,166","55,657","194,199","17,546,184","441,919","2,118,677","7,792,858","5,480,605","194,199"
"128","","小売業","24","","1億円以上 - 10億円未満","20160","","2016年度","","2,249,404","55,966","63,091","515,933","17,477,739","401,491","2,153,753","7,798,794","5,131,900","515,933"
"128","","小売業","24","","1億円以上 - 10億円未満","20170","","2017年度","","2,626,745","82,922","71,537","478,695","19,939,012","468,892","2,422,593","8,437,008","5,844,021","478,695"
"128","","小売業","24","","1億円以上 - 10億円未満","20180","","2018年度","","2,362,126","118,635","65,927","466,994","19,760,004","472,387","2,364,638","9,041,466","5,727,269","466,994"
"128","","小売業","24","","1億円以上 - 10億円未満","20190","","2019年度","","2,305,327","144,237","78,317","300,901","20,579,656","502,898","3,003,587","8,872,274","6,074,691","300,901"
"128","","小売業","24","","1億円以上 - 10億円未満","20200","","2020年度","","2,345,776","109,617","95,731","604,672","20,971,970","561,902","3,009,123","9,592,581","6,443,790","604,672"
"128","","小売業","24","","1億円以上 - 10億円未満","20210","","2021年度","","2,731,928","88,204","84,118","379,190","21,310,109","506,024","3,517,946","9,468,007","6,288,812","379,190"
"128","","小売業","24","","1億円以上 - 10億円未満","20220","","2022年度","","2,888,135","124,889","94,937","260,613","23,760,962","571,901","4,016,085","10,385,493","6,792,937","260,613"
"128","","小売業","24","","1億円以上 - 10億円未満","20230","","2023年度","","3,540,957","137,501","133,839","378,223","27,293,880","821,436","5,011,635","13,193,800","8,820,224","378,223"
"128","","小売業","24","","1億円以上 - 10億円未満","20240","","2024年度","","2,906,585","85,335","138,173","320,038","23,169,807","551,699","3,522,946","10,794,526","7,331,226","320,038"
"128","","小売業","21","","5千万円以上 - 1億円未満","20150","","2015年度","","2,857,329","57,339","15,373","132,717","18,581,183","359,111","2,251,242","7,574,535","5,747,863","132,717"
"128","","小売業","21","","5千万円以上 - 1億円未満","20160","","2016年度","","2,327,575","66,336","17,855","91,424","13,367,090","269,285","1,847,763","6,185,004","4,911,632","91,424"
"128","","小売業","21","","5千万円以上 - 1億円未満","20170","","2017年度","","2,961,243","101,618","45,634","491,970","19,065,801","426,401","2,013,516","9,185,243","6,172,996","491,970"
"128","","小売業","21","","5千万円以上 - 1億円未満","20180","","2018年度","","3,560,601","177,555","44,170","265,542","23,369,808","443,391","2,333,308","10,072,566","7,465,953","265,542"
"128","","小売業","21","","5千万円以上 - 1億円未満","20190","","2019年度","","4,633,077","199,148","52,310","214,677","26,289,388","549,713","2,653,992","12,214,986","9,289,171","214,677"
"128","","小売業","21","","5千万円以上 - 1億円未満","20200","","2020年度","","3,337,518","184,560","48,098","195,341","23,289,260","522,211","2,487,543","10,826,624","7,966,994","195,341"
"128","","小売業","21","","5千万円以上 - 1億円未満","20210","","2021年度","","2,367,802","141,875","65,750","219,829","15,747,734","368,923","1,823,893","7,750,372","5,605,122","219,829"
"128","","小売業","21","","5千万円以上 - 1億円未満","20220","","2022年度","","3,130,209","117,403","76,075","305,142","23,094,157","449,979","2,044,398","10,598,248","6,790,752","305,142"
"128","","小売業","21","","5千万円以上 - 1億円未満","20230","","2023年度","","3,891,970","81,824","82,084","238,762","25,297,829","523,890","2,508,961","12,870,149","8,684,230","238,762"
"128","","小売業","21","","5千万円以上 - 1億円未満","20240","","2024年度","","3,787,011","193,834","109,943","242,302","24,474,178","661,537","2,447,416","13,434,731","8,710,067","242,302"
"128","","小売業","19","","1千万円以上 - 1億円未満","20150","","2015年度","","8,739,288","178,577","148,423","624,171","56,077,399","1,086,345","6,893,938","24,234,639","17,251,310","624,171"
"128","","小売業","19","","1千万円以上 - 1億円未満","20160","","2016年度","","8,081,037","114,479","127,461","451,617","43,943,002","792,804","5,391,816","21,726,218","15,733,579","451,617"
"128","","小売業","19","","1千万円以上 - 1億円未満","20170","","2017年度","","8,577,249","539,383","91,139","805,996","51,540,009","1,111,587","6,330,083","24,304,801","17,480,168","805,996"
"128","","小売業","19","","1千万円以上 - 1億円未満","20180","","2018年度","","8,071,168","594,663","115,735","577,443","51,318,977","952,106","5,988,944","22,084,303","16,303,960","577,443"
"128","","小売業","19","","1千万円以上 - 1億円未満","20190","","2019年度","","9,435,580","455,312","115,565","481,702","62,381,829","1,093,370","6,489,920","30,738,568","19,631,195","481,702"
"128","","小売業","19","","1千万円以上 - 1億円未満","20200","","2020年度","","8,916,073","437,470","79,455","526,163","56,219,751","1,114,980","6,322,579","25,555,909","19,015,125","526,163"
"128","","小売業","19","","1千万円以上 - 1億円未満","20210","","2021年度","","8,214,360","458,968","113,981","625,600","59,313,236","1,089,494","5,472,819","29,385,851","17,700,359","625,600"
"128","","小売業","19","","1千万円以上 - 1億円未満","20220","","2022年度","","8,154,250","387,568","185,921","647,757","62,797,913","1,164,135","6,702,239","27,276,189","18,175,681","647,757"
"128","","小売業","19","","1千万円以上 - 1億円未満","20230","","2023年度","","7,851,541","376,924","180,351","503,417","58,427,961","1,131,137","6,588,870","25,598,447","17,360,415","503,417"
"128","","小売業","19","","1千万円以上 - 1億円未満","20240","","2024年度","","7,854,298","558,932","179,630","1,715,474","54,478,208","1,193,281","5,734,859","27,774,741","17,432,815","1,715,474"
"128","","小売業","18","","1千万円以上 - 5千万円未満","20150","","2015年度","","5,881,959","121,238","133,050","491,454","37,496,216","727,234","4,642,696","16,660,104","11,503,447","491,454"
"128","","小売業","18","","1千万円以上 - 5千万円未満","20160","","2016年度","","5,753,462","48,143","109,606","360,193","30,575,912","523,519","3,544,053","15,541,214","10,821,947","360,193"
"128","","小売業","18","","1千万円以上 - 5千万円未満","20170","","2017年度","","5,616,006","437,765","45,505","314,026","32,474,208","685,186","4,316,567","15,119,558","11,307,172","314,026"
"128","","小売業","18","","1千万円以上 - 5千万円未満","20180","","2018年度","","4,510,567","417,108","71,565","311,901","27,949,169","508,715","3,655,636","12,011,737","8,838,007","311,901"
"128","","小売業","18","","1千万円以上 - 5千万円未満","20190","","2019年度","","4,802,503","256,164","63,255","267,025","36,092,441","543,657","3,835,928","18,523,582","10,342,024","267,025"
"128","","小売業","18","","1千万円以上 - 5千万円未満","20200","","2020年度","","5,578,555","252,910","31,357","330,822","32,930,491","592,769","3,835,036","14,729,285","11,048,131","330,822"
"128","","小売業","18","","1千万円以上 - 5千万円未満","20210","","2021年度","","5,846,558","317,093","48,231","405,771","43,565,502","720,571","3,648,926","21,635,479","12,095,237","405,771"
"128","","小売業","18","","1千万円以上 - 5千万円未満","20220","","2022年度","","5,024,041","270,165","109,846","342,615","39,703,756","714,156","4,657,841","16,677,941","11,384,929","342,615"
"128","","小売業","18","","1千万円以上 - 5千万円未満","20230","","2023年度","","3,959,571","295,100","98,267","264,655","33,130,132","607,247","4,079,909","12,728,298","8,676,185","264,655"
"128","","小売業","18","","1千万円以上 - 5千万円未満","20240","","2024年度","","4,067,287","365,098","69,687","1,473,172","30,004,030","531,744","3,287,443","14,340,010","8,722,748","1,473,172"
"128","","小売業","16","","1千万円未満","20150","","2015年度","","1,485,244","150,320","20,424","80,307","12,445,625","271,701","2,016,588","5,105,182","3,586,176","80,307"
"128","","小売業","16","","1千万円未満","20160","","2016年度","","1,609,465","136,753","26,111","95,936","12,157,354","272,905","1,831,440","4,584,875","3,372,505","95,936"
"128","","小売業","16","","1千万円未満","20170","","2017年度","","2,321,628","131,916","7,598","64,181","12,710,718","346,715","1,726,111","5,938,604","4,748,180","64,181"
"128","","小売業","16","","1千万円未満","20180","","2018年度","","3,272,443","90,317","14,626","84,201","15,471,453","286,505","2,036,274","7,357,281","5,593,056","84,201"
"128","","小売業","16","","1千万円未満","20190","","2019年度","","1,781,299","52,418","3,430","106,222","12,882,692","230,216","2,175,503","5,329,004","3,360,126","106,222"
"128","","小売業","16","","1千万円未満","20200","","2020年度","","1,115,461","33,785","6,951","163,671","15,759,935","285,293","1,936,856","6,572,360","2,993,273","163,671"
"128","","小売業","16","","1千万円未満","20210","","2021年度","","1,127,218","222,130","30,397","92,770","17,497,941","313,114","2,382,834","7,089,557","3,270,561","92,770"
"128","","小売業","16","","1千万円未満","20220","","2022年度","","1,878,762","232,229","24,511","109,174","14,933,688","352,733","1,923,488","6,331,378","4,422,128","109,174"
"128","","小売業","16","","1千万円未満","20230","","2023年度","","1,570,485","115,370","60,077","199,086","20,030,584","427,841","1,993,970","6,117,723","4,356,014","199,086"
"128","","小売業","16","","1千万円未満","20240","","2024年度","","1,843,893","198,975","78,779","134,550","17,279,269","417,560","1,832,162","5,873,068","4,325,059","134,550"
"128","","小売業","23","","1億円以上","20150","","2015年度","","6,672,939","223,233","227,615","843,245","45,505,468","1,313,687","5,634,087","25,259,050","16,414,266","843,245"
"128","","小売業","23","","1億円以上","20160","","2016年度","","6,695,159","222,346","252,888","1,184,012","46,645,087","1,189,965","5,688,696","26,405,895","16,526,407","1,184,012"
"128","","小売業","23","","1億円以上","20170","","2017年度","","7,335,474","268,146","261,059","1,006,950","49,654,918","1,288,842","5,967,701","27,487,368","17,710,041","1,006,950"
"128","","小売業","23","","1億円以上","20180","","2018年度","","7,120,401","334,434","283,852","1,010,667","47,563,017","1,238,504","5,840,194","26,701,615","17,229,185","1,010,667"
"128","","小売業","23","","1億円以上","20190","","2019年度","","6,908,776","255,508","345,756","1,000,325","49,534,321","1,306,614","6,420,402","27,085,235","17,619,187","1,000,325"
"128","","小売業","23","","1億円以上","20200","","2020年度","","6,971,178","207,728","369,029","1,288,438","50,047,450","1,365,692","5,907,135","27,411,260","17,647,857","1,288,438"
"128","","小売業","23","","1億円以上","20210","","2021年度","","7,033,499","199,576","402,860","1,140,724","49,737,712","1,303,701","6,551,221","26,457,986","16,758,092","1,140,724"
"128","","小売業","23","","1億円以上","20220","","2022年度","","6,997,507","335,073","425,424","920,813","51,358,651","1,385,357","7,259,156","26,818,648","17,045,701","920,813"
"128","","小売業","23","","1億円以上","20230","","2023年度","","7,340,304","303,482","531,603","1,191,706","55,920,875","1,682,870","8,066,047","29,987,022","18,949,242","1,191,706"
"128","","小売業","23","","1億円以上","20240","","2024年度","","6,919,775","214,507","551,692","1,071,201","52,116,686","1,490,522","6,742,277","27,978,239","18,005,068","1,071,201"
"128","","小売業","22","","1億円未満","20150","","2015年度","","10,224,532","328,897","168,847","704,478","68,523,024","1,358,046","8,910,526","29,339,821","20,837,486","704,478"
"128","","小売業","22","","1億円未満","20160","","2016年度","","9,690,502","251,232","153,572","547,553","56,100,356","1,065,709","7,223,256","26,311,093","19,106,084","547,553"
"128","","小売業","22","","1億円未満","20170","","2017年度","","10,898,877","671,299","98,737","870,177","64,250,727","1,458,302","8,056,194","30,243,405","22,228,348","870,177"
"128","","小売業","22","","1億円未満","20180","","2018年度","","11,343,611","684,980","130,361","661,644","66,790,430","1,238,611","8,025,218","29,441,584","21,897,016","661,644"
"128","","小売業","22","","1億円未満","20190","","2019年度","","11,216,879","507,730","118,995","587,924","75,264,521","1,323,586","8,665,423","36,067,572","22,991,321","587,924"
"128","","小売業","22","","1億円未満","20200","","2020年度","","10,031,534","471,255","86,406","689,834","71,979,686","1,400,273","8,259,435","32,128,269","22,008,398","689,834"
"128","","小売業","22","","1億円未満","20210","","2021年度","","9,341,578","681,098","144,378","718,370","76,811,177","1,402,608","7,855,653","36,475,408","20,970,920","718,370"
"128","","小売業","22","","1億円未満","20220","","2022年度","","10,033,012","619,797","210,432","756,931","77,731,601","1,516,868","8,625,727","33,607,567","22,597,809","756,931"
"128","","小売業","22","","1億円未満","20230","","2023年度","","9,422,026","492,294","240,428","702,503","78,458,545","1,558,978","8,582,840","31,716,170","21,716,429","702,503"
"128","","小売業","22","","1億円未満","20240","","2024年度","","9,698,191","757,907","258,409","1,850,024","71,757,477","1,610,841","7,567,021","33,647,809","21,757,874","1,850,024"
"128","","小売業","20","","2千万円以上 - 5千万円未満","20150","","2015年度","","2,674,858","46,392","15,853","219,792","13,011,893","289,470","1,216,223","6,952,051","4,529,669","219,792"
"128","","小売業","20","","2千万円以上 - 5千万円未満","20160","","2016年度","","2,198,042","7,927","12,402","48,381","10,053,669","182,305","1,024,918","5,050,773","3,728,795","48,381"
"128","","小売業","20","","2千万円以上 - 5千万円未満","20170","","2017年度","","1,759,532","83,814","19,845","53,589","9,949,160","191,884","1,355,411","4,592,253","3,520,780","53,589"
"128","","小売業","20","","2千万円以上 - 5千万円未満","20180","","2018年度","","2,779,686","226,118","37,903","115,525","14,429,326","269,611","1,245,003","6,678,821","4,981,301","115,525"
"128","","小売業","20","","2千万円以上 - 5千万円未満","20190","","2019年度","","2,187,247","89,962","53,236","138,433","14,128,397","298,977","1,870,041","6,499,303","4,639,378","138,433"
"128","","小売業","20","","2千万円以上 - 5千万円未満","20200","","2020年度","","2,256,578","64,834","18,508","90,606","16,705,761","298,146","1,940,937","7,162,520","5,357,011","90,606"
"128","","小売業","20","","2千万円以上 - 5千万円未満","20210","","2021年度","","3,885,402","265,413","26,458","275,845","24,135,573","445,718","1,942,061","11,227,906","8,196,448","275,845"
"128","","小売業","20","","2千万円以上 - 5千万円未満","20220","","2022年度","","3,325,795","129,868","97,033","235,860","24,443,232","447,092","2,926,390","10,721,032","7,427,415","235,860"
"128","","小売業","20","","2千万円以上 - 5千万円未満","20230","","2023年度","","2,065,389","111,986","81,869","163,607","17,861,883","346,739","2,274,309","7,237,481","4,388,511","163,607"
"128","","小売業","20","","2千万円以上 - 5千万円未満","20240","","2024年度","","2,141,358","97,082","29,882","537,187","14,607,596","279,652","1,393,807","7,268,942","4,141,899","537,187"
"128","","小売業","17","","1千万円以上 - 2千万円未満","20150","","2015年度","","3,207,101","74,846","117,197","271,662","24,484,323","437,764","3,426,473","9,708,053","6,973,778","271,662"
"128","","小売業","17","","1千万円以上 - 2千万円未満","20160","","2016年度","","3,555,420","40,216","97,204","311,812","20,522,243","341,214","2,519,135","10,490,441","7,093,152","311,812"
"128","","小売業","17","","1千万円以上 - 2千万円未満","20170","","2017年度","","3,856,474","353,951","25,660","260,437","22,525,048","493,302","2,961,156","10,527,305","7,786,392","260,437"
"128","","小売業","17","","1千万円以上 - 2千万円未満","20180","","2018年度","","1,730,881","190,990","33,662","196,376","13,519,843","239,104","2,410,633","5,332,916","3,856,706","196,376"
"128","","小売業","17","","1千万円以上 - 2千万円未満","20190","","2019年度","","2,615,256","166,202","10,019","128,592","21,964,044","244,680","1,965,887","12,024,279","5,702,646","128,592"
"128","","小売業","17","","1千万円以上 - 2千万円未満","20200","","2020年度","","3,321,977","188,076","12,849","240,216","16,224,730","294,623","1,894,099","7,566,765","5,691,120","240,216"
"128","","小売業","17","","1千万円以上 - 2千万円未満","20210","","2021年度","","1,961,156","51,680","21,773","129,926","19,429,929","274,853","1,706,865","10,407,573","3,898,789","129,926"
"128","","小売業","17","","1千万円以上 - 2千万円未満","20220","","2022年度","","1,698,246","140,297","12,813","106,755","15,260,524","267,064","1,731,451","5,956,909","3,957,514","106,755"
"128","","小売業","17","","1千万円以上 - 2千万円未満","20230","","2023年度","","1,894,182","183,114","16,398","101,048","15,268,249","260,508","1,805,600","5,490,817","4,287,674","101,048"
"128","","小売業","17","","1千万円以上 - 2千万円未満","20240","","2024年度","","1,925,929","268,016","39,805","935,985","15,396,434","252,092","1,893,636","7,071,068","4,580,849","935,985"
"139","","宿泊業","26","","全規模","20150","","2015年度","","2,791,487","48,684","17,310","70,107","10,946,999","344,391","89,739","8,932,511","6,848,699","70,107"
"139","","宿泊業","26","","全規模","20160","","2016年度","","6,463,649","245,724","19,512","87,523","14,367,279","415,949","93,656","12,213,926","11,166,542","87,523"
"139","","宿泊業","26","","全規模","20170","","2017年度","","2,552,314","240,573","21,359","113,288","9,900,674","338,381","99,805","7,478,494","6,230,982","113,288"
"139","","宿泊業","26","","全規模","20180","","2018年度","","2,632,344","576,294","18,465","86,950","10,727,909","332,386","106,560","8,308,389","7,109,475","86,950"
"139","","宿泊業","26","","全規模","20190","","2019年度","","2,082,099","197,182","16,111","64,828","8,511,363","291,147","109,235","6,566,380","5,587,585","64,828"
"139","","宿泊業","26","","全規模","20200","","2020年度","","2,349,190","133,538","20,178","93,971","9,330,343","304,836","57,956","7,168,920","6,113,907","93,971"
"139","","宿泊業","26","","全規模","20210","","2021年度","","2,028,735","185,151","19,096","176,012","10,537,179","444,333","98,207","7,735,492","6,368,485","176,012"
"139","","宿泊業","26","","全規模","20220","","2022年度","","2,646,877","122,430","16,665","191,906","11,184,416","371,982","108,276","8,448,274","6,962,853","191,906"
"139","","宿泊業","26","","全規模","20230","","2023年度","","2,048,428","416,913","18,224","201,180","10,690,871","347,544","104,382","7,366,719","5,980,574","201,180"
"139","","宿泊業","26","","全規模","20240","","2024年度","","2,248,633","580,652","24,750","113,912","12,798,247","359,408","246,999","8,644,422","6,553,614","113,912"
"139","","宿泊業","25","","10億円以上","20150","","2015年度","","707,913","9,416","4,043","22,147","1,809,164","45,432","10,516","1,548,093","1,295,173","22,147"
"139","","宿泊業","25","","10億円以上","20160","","2016年度","","781,050","63,449","4,512","26,170","2,011,454","52,943","11,296","1,776,324","1,458,778","26,170"
"139","","宿泊業","25","","10億円以上","20170","","2017年度","","757,903","78,034","4,241","22,798","1,993,849","56,247","12,437","1,755,735","1,445,077","22,798"
"139","","宿泊業","25","","10億円以上","20180","","2018年度","","394,060","169,691","4,093","16,770","1,500,335","41,702","8,812","1,264,218","993,371","16,770"
"139","","宿泊業","25","","10億円以上","20190","","2019年度","","399,697","34,439","4,437","15,902","1,490,909","47,587","13,081","1,273,991","983,124","15,902"
"139","","宿泊業","25","","10億円以上","20200","","2020年度","","764,587","18,545","9,420","19,838","2,025,911","59,874","19,771","1,770,723","1,466,086","19,838"
"139","","宿泊業","25","","10億円以上","20210","","2021年度","","401,808","21,899","3,888","18,069","1,471,083","47,022","21,450","1,134,840","872,772","18,069"
"139","","宿泊業","25","","10億円以上","20220","","2022年度","","235,688","20,057","2,263","12,558","916,287","24,651","21,052","695,674","541,111","12,558"
"139","","宿泊業","25","","10億円以上","20230","","2023年度","","237,290","27,792","2,584","13,237","887,562","23,504","20,907","683,933","524,020","13,237"
"139","","宿泊業","25","","10億円以上","20240","","2024年度","","282,491","61,775","3,710","17,348","1,011,396","27,801","19,140","826,332","650,392","17,348"
"139","","宿泊業","24","","1億円以上 - 10億円未満","20150","","2015年度","","328,125","10,592","4,960","10,894","1,383,754","46,500","13,164","1,027,854","851,637","10,894"
"139","","宿泊業","24","","1億円以上 - 10億円未満","20160","","2016年度","","173,514","5,120","4,801","11,808","1,135,614","42,132","14,386","786,043","627,550","11,808"
"139","","宿泊業","24","","1億円以上 - 10億円未満","20170","","2017年度","","415,389","9,972","5,403","10,636","1,660,301","52,715","15,353","1,145,675","937,542","10,636"
"139","","宿泊業","24","","1億円以上 - 10億円未満","20180","","2018年度","","333,821","14,611","2,985","6,567","1,423,530","42,424","12,470","980,873","796,140","6,567"
"139","","宿泊業","24","","1億円以上 - 10億円未満","20190","","2019年度","","378,366","14,980","5,291","10,030","1,506,642","48,369","53,655","1,061,117","873,824","10,030"
"139","","宿泊業","24","","1億円以上 - 10億円未満","20200","","2020年度","","264,250","7,862","3,590","7,115","1,089,975","39,114","8,566","794,184","610,253","7,115"
"139","","宿泊業","24","","1億円以上 - 10億円未満","20210","","2021年度","","245,792","6,972","4,167","15,293","1,504,288","65,405","16,705","1,154,424","904,204","15,293"
"139","","宿泊業","24","","1億円以上 - 10億円未満","20220","","2022年度","","230,300","14,781","7,569","20,053","1,893,240","70,394","16,129","1,295,977","940,142","20,053"
"139","","宿泊業","24","","1億円以上 - 10億円未満","20230","","2023年度","","263,467","109,024","7,947","14,482","1,731,765","56,568","13,410","1,157,789","812,273","14,482"
"139","","宿泊業","24","","1億円以上 - 10億円未満","20240","","2024年度","","253,442","205,932","11,499","33,123","2,719,068","81,722","20,745","1,942,676","1,334,533","33,123"
"139","","宿泊業","21","","5千万円以上 - 1億円未満","20150","","2015年度","","701,434","20,586","7,072","12,371","4,097,953","88,806","48,758","3,274,661","1,728,453","12,371"
"139","","宿泊業","21","","5千万円以上 - 1億円未満","20160","","2016年度","","597,179","26,665","3,599","4,908","2,029,284","71,788","42,042","1,529,604","1,239,699","4,908"
"139","","宿泊業","21","","5千万円以上 - 1億円未満","20170","","2017年度","","461,713","115,138","7,325","15,279","1,956,389","56,475","45,803","1,535,674","1,168,186","15,279"
"139","","宿泊業","21","","5千万円以上 - 1億円未満","20180","","2018年度","","718,714","117,339","7,659","15,385","2,957,157","70,612","52,976","2,320,778","1,833,283","15,385"
"139","","宿泊業","21","","5千万円以上 - 1億円未満","20190","","2019年度","","336,465","27,916","5,313","19,668","1,789,237","52,486","10,832","1,227,884","909,970","19,668"
"139","","宿泊業","21","","5千万円以上 - 1億円未満","20200","","2020年度","","504,323","55,226","5,638","16,870","2,466,172","94,473","15,439","1,752,587","1,474,373","16,870"
"139","","宿泊業","21","","5千万円以上 - 1億円未満","20210","","2021年度","","521,403","32,994","4,344","10,326","3,082,584","116,809","17,779","2,226,349","1,802,812","10,326"
"139","","宿泊業","21","","5千万円以上 - 1億円未満","20220","","2022年度","","1,052,527","15,644","2,552","42,773","3,580,349","113,243","16,755","3,061,707","2,552,541","42,773"
"139","","宿泊業","21","","5千万円以上 - 1億円未満","20230","","2023年度","","451,067","16,884","2,683","5,162","2,168,288","70,687","28,286","1,610,812","1,410,823","5,162"
"139","","宿泊業","21","","5千万円以上 - 1億円未満","20240","","2024年度","","289,352","24,695","2,778","5,584","1,866,998","33,451","25,621","921,235","629,778","5,584"
"139","","宿泊業","19","","1千万円以上 - 1億円未満","20150","","2015年度","","1,306,361","20,655","7,652","23,901","6,292,024","182,623","59,007","5,133,336","3,513,332","23,901"
"139","","宿泊業","19","","1千万円以上 - 1億円未満","20160","","2016年度","","1,280,497","67,239","8,810","35,300","5,174,971","226,937","58,994","4,060,101","3,537,496","35,300"
"139","","宿泊業","19","","1千万円以上 - 1億円未満","20170","","2017年度","","1,185,556","152,567","11,077","78,380","5,307,157","195,968","65,739","3,985,463","3,294,463","78,380"
"139","","宿泊業","19","","1千万円以上 - 1億円未満","20180","","2018年度","","1,764,177","319,713","11,387","55,825","7,037,993","195,202","78,295","5,404,599","4,671,671","55,825"
"139","","宿泊業","19","","1千万円以上 - 1億円未満","20190","","2019年度","","1,000,831","136,245","6,383","34,984","4,356,406","137,409","37,331","3,251,241","2,799,687","34,984"
"139","","宿泊業","19","","1千万円以上 - 1億円未満","20200","","2020年度","","1,106,714","107,131","6,626","65,328","4,972,302","158,002","26,062","3,740,896","3,242,729","65,328"
"139","","宿泊業","19","","1千万円以上 - 1億円未満","20210","","2021年度","","1,043,707","142,988","9,423","50,638","6,165,742","287,866","49,374","4,396,900","3,662,537","50,638"
"139","","宿泊業","19","","1千万円以上 - 1億円未満","20220","","2022年度","","1,857,214","53,198","5,304","59,816","7,215,629","232,714","53,430","5,528,334","4,667,248","59,816"
"139","","宿泊業","19","","1千万円以上 - 1億円未満","20230","","2023年度","","1,450,655","235,905","5,832","20,872","6,593,160","204,639","63,155","4,620,926","3,990,871","20,872"
"139","","宿泊業","19","","1千万円以上 - 1億円未満","20240","","2024年度","","1,377,987","235,641","8,579","21,110","7,204,205","204,388","90,453","4,821,386","3,653,002","21,110"
"139","","宿泊業","18","","1千万円以上 - 5千万円未満","20150","","2015年度","","604,927","69","580","11,530","2,194,071","93,817","10,249","1,858,675","1,784,879","11,530"
"139","","宿泊業","18","","1千万円以上 - 5千万円未満","20160","","2016年度","","683,318","40,574","5,211","30,392","3,145,687","155,149","16,952","2,530,497","2,297,797","30,392"
"139","","宿泊業","18","","1千万円以上 - 5千万円未満","20170","","2017年度","","723,843","37,429","3,752","63,101","3,350,768","139,493","19,936","2,449,789","2,126,277","63,101"
"139","","宿泊業","18","","1千万円以上 - 5千万円未満","20180","","2018年度","","1,045,463","202,374","3,728","40,440","4,080,836","124,590","25,319","3,083,821","2,838,388","40,440"
"139","","宿泊業","18","","1千万円以上 - 5千万円未満","20190","","2019年度","","664,366","108,329","1,070","15,316","2,567,169","84,923","26,499","2,023,357","1,889,717","15,316"
"139","","宿泊業","18","","1千万円以上 - 5千万円未満","20200","","2020年度","","602,391","51,905","988","48,458","2,506,130","63,529","10,623","1,988,309","1,768,356","48,458"
"139","","宿泊業","18","","1千万円以上 - 5千万円未満","20210","","2021年度","","522,304","109,994","5,079","40,312","3,083,158","171,057","31,595","2,170,551","1,859,725","40,312"
"139","","宿泊業","18","","1千万円以上 - 5千万円未満","20220","","2022年度","","804,687","37,554","2,752","17,043","3,635,280","119,471","36,675","2,466,627","2,114,707","17,043"
"139","","宿泊業","18","","1千万円以上 - 5千万円未満","20230","","2023年度","","999,588","219,021","3,149","15,710","4,424,872","133,952","34,869","3,010,114","2,580,048","15,710"
"139","","宿泊業","18","","1千万円以上 - 5千万円未満","20240","","2024年度","","1,088,635","210,946","5,801","15,526","5,337,207","170,937","64,832","3,900,151","3,023,224","15,526"
"139","","宿泊業","16","","1千万円未満","20150","","2015年度","","449,088","8,021","655","13,165","1,462,057","69,836","7,052","1,223,228","1,188,557","13,165"
"139","","宿泊業","16","","1千万円未満","20160","","2016年度","","4,228,588","109,916","1,389","14,245","6,045,240","93,937","8,980","5,591,458","5,542,718","14,245"
"139","","宿泊業","16","","1千万円未満","20170","","2017年度","","193,466","0","638","1,474","939,367","33,451","6,276","591,621","553,900","1,474"
"139","","宿泊業","16","","1千万円未満","20180","","2018年度","","140,286","72,279","0","7,788","766,051","53,058","6,983","658,699","648,293","7,788"
"139","","宿泊業","16","","1千万円未満","20190","","2019年度","","303,205","11,518","0","3,912","1,157,406","57,782","5,168","980,031","930,950","3,912"
"139","","宿泊業","16","","1千万円未満","20200","","2020年度","","213,639","0","542","1,690","1,242,155","47,846","3,557","863,117","794,839","1,690"
"139","","宿泊業","16","","1千万円未満","20210","","2021年度","","337,428","13,292","1,618","92,012","1,396,066","44,040","10,678","1,049,328","928,972","92,012"
"139","","宿泊業","16","","1千万円未満","20220","","2022年度","","323,675","34,394","1,529","99,479","1,159,260","44,223","17,665","928,289","814,352","99,479"
"139","","宿泊業","16","","1千万円未満","20230","","2023年度","","97,016","44,192","1,861","152,589","1,478,384","62,833","6,910","904,071","653,410","152,589"
"139","","宿泊業","16","","1千万円未満","20240","","2024年度","","334,713","77,304","962","42,331","1,863,578","45,497","116,661","1,054,028","915,687","42,331"
"139","","宿泊業","23","","1億円以上","20150","","2015年度","","1,036,038","20,008","9,003","33,041","3,192,918","91,932","23,680","2,575,947","2,146,810","33,041"
"139","","宿泊業","23","","1億円以上","20160","","2016年度","","954,564","68,569","9,313","37,978","3,147,068","95,075","25,682","2,562,367","2,086,328","37,978"
"139","","宿泊業","23","","1億円以上","20170","","2017年度","","1,173,292","88,006","9,644","33,434","3,654,150","108,962","27,790","2,901,410","2,382,619","33,434"
"139","","宿泊業","23","","1億円以上","20180","","2018年度","","727,881","184,302","7,078","23,337","2,923,865","84,126","21,282","2,245,091","1,789,511","23,337"
"139","","宿泊業","23","","1億円以上","20190","","2019年度","","778,063","49,419","9,728","25,932","2,997,551","95,956","66,736","2,335,108","1,856,948","25,932"
"139","","宿泊業","23","","1億円以上","20200","","2020年度","","1,028,837","26,407","13,010","26,953","3,115,886","98,988","28,337","2,564,907","2,076,339","26,953"
"139","","宿泊業","23","","1億円以上","20210","","2021年度","","647,600","28,871","8,055","33,362","2,975,371","112,427","38,155","2,289,264","1,776,976","33,362"
"139","","宿泊業","23","","1億円以上","20220","","2022年度","","465,988","34,838","9,832","32,611","2,809,527","95,045","37,181","1,991,651","1,481,253","32,611"
"139","","宿泊業","23","","1億円以上","20230","","2023年度","","500,757","136,816","10,531","27,719","2,619,327","80,072","34,317","1,841,722","1,336,293","27,719"
"139","","宿泊業","23","","1億円以上","20240","","2024年度","","535,933","267,707","15,209","50,471","3,730,464","109,523","39,885","2,769,008","1,984,925","50,471"
"139","","宿泊業","22","","1億円未満","20150","","2015年度","","1,755,449","28,676","8,307","37,066","7,754,081","252,459","66,059","6,356,564","4,701,889","37,066"
"139","","宿泊業","22","","1億円未満","20160","","2016年度","","5,509,085","177,155","10,199","49,545","11,220,211","320,874","67,974","9,651,559","9,080,214","49,545"
"139","","宿泊業","22","","1億円未満","20170","","2017年度","","1,379,022","152,567","11,715","79,854","6,246,524","229,419","72,015","4,577,084","3,848,363","79,854"
"139","","宿泊業","22","","1億円未満","20180","","2018年度","","1,904,463","391,992","11,387","63,613","7,804,044","248,260","85,278","6,063,298","5,319,964","63,613"
"139","","宿泊業","22","","1億円未満","20190","","2019年度","","1,304,036","147,763","6,383","38,896","5,513,812","195,191","42,499","4,231,272","3,730,637","38,896"
"139","","宿泊業","22","","1億円未満","20200","","2020年度","","1,320,353","107,131","7,168","67,018","6,214,457","205,848","29,619","4,604,013","4,037,568","67,018"
"139","","宿泊業","22","","1億円未満","20210","","2021年度","","1,381,135","156,280","11,041","142,650","7,561,808","331,906","60,052","5,446,228","4,591,509","142,650"
"139","","宿泊業","22","","1億円未満","20220","","2022年度","","2,180,889","87,592","6,833","159,295","8,374,889","276,937","71,095","6,456,623","5,481,600","159,295"
"139","","宿泊業","22","","1億円未満","20230","","2023年度","","1,547,671","280,097","7,693","173,461","8,071,544","267,472","70,065","5,524,997","4,644,281","173,461"
"139","","宿泊業","22","","1億円未満","20240","","2024年度","","1,712,700","312,945","9,541","63,441","9,067,783","249,885","207,114","5,875,414","4,568,689","63,441"
"139","","宿泊業","20","","2千万円以上 - 5千万円未満","20150","","2015年度","","90,681","69","346","5,676","594,897","29,419","5,331","479,156","459,220","5,676"
"139","","宿泊業","20","","2千万円以上 - 5千万円未満","20160","","2016年度","","101,774","35,162","3,407","10,220","1,079,123","63,145","7,604","870,161","805,069","10,220"
"139","","宿泊業","20","","2千万円以上 - 5千万円未満","20170","","2017年度","","187,262","36,724","1,636","5,963","973,774","35,563","8,179","665,575","561,680","5,963"
"139","","宿泊業","20","","2千万円以上 - 5千万円未満","20180","","2018年度","","217,727","32,538","1,779","6,083","1,018,677","35,408","7,288","754,123","643,194","6,083"
"139","","宿泊業","20","","2千万円以上 - 5千万円未満","20190","","2019年度","","152,249","42,824","417","2,085","746,090","32,813","4,936","593,840","539,753","2,085"
"139","","宿泊業","20","","2千万円以上 - 5千万円未満","20200","","2020年度","","113,677","31,490","782","18,146","691,498","18,369","3,406","522,992","445,941","18,146"
"139","","宿泊業","20","","2千万円以上 - 5千万円未満","20210","","2021年度","","91,957","7,098","1,058","20,358","656,089","21,106","4,047","495,771","433,325","20,358"
"139","","宿泊業","20","","2千万円以上 - 5千万円未満","20220","","2022年度","","143,138","5,828","1,457","6,036","807,629","24,455","13,528","617,299","549,294","6,036"
"139","","宿泊業","20","","2千万円以上 - 5千万円未満","20230","","2023年度","","202,862","37,495","1,649","4,096","1,122,074","41,410","8,074","851,949","697,378","4,096"
"139","","宿泊業","20","","2千万円以上 - 5千万円未満","20240","","2024年度","","356,245","58,286","2,198","3,768","1,882,345","57,532","13,629","1,495,136","971,698","3,768"
"139","","宿泊業","17","","1千万円以上 - 2千万円未満","20150","","2015年度","","514,246","0","234","5,854","1,599,174","64,398","4,918","1,379,519","1,325,659","5,854"
"139","","宿泊業","17","","1千万円以上 - 2千万円未満","20160","","2016年度","","581,544","5,412","1,804","20,172","2,066,564","92,004","9,348","1,660,336","1,492,728","20,172"
"139","","宿泊業","17","","1千万円以上 - 2千万円未満","20170","","2017年度","","536,581","705","2,116","57,138","2,376,994","103,930","11,757","1,784,214","1,564,597","57,138"
"139","","宿泊業","17","","1千万円以上 - 2千万円未満","20180","","2018年度","","827,736","169,836","1,949","34,357","3,062,159","89,182","18,031","2,329,698","2,195,194","34,357"
"139","","宿泊業","17","","1千万円以上 - 2千万円未満","20190","","2019年度","","512,117","65,505","653","13,231","1,821,079","52,110","21,563","1,429,517","1,349,964","13,231"
"139","","宿泊業","17","","1千万円以上 - 2千万円未満","20200","","2020年度","","488,714","20,415","206","30,312","1,814,632","45,160","7,217","1,465,317","1,322,415","30,312"
"139","","宿泊業","17","","1千万円以上 - 2千万円未満","20210","","2021年度","","430,347","102,896","4,021","19,954","2,427,069","149,951","27,548","1,674,780","1,426,400","19,954"
"139","","宿泊業","17","","1千万円以上 - 2千万円未満","20220","","2022年度","","661,549","31,726","1,295","11,007","2,827,651","95,016","23,147","1,849,328","1,565,413","11,007"
"139","","宿泊業","17","","1千万円以上 - 2千万円未満","20230","","2023年度","","796,726","181,526","1,500","11,614","3,302,798","92,542","26,795","2,158,165","1,882,670","11,614"
"139","","宿泊業","17","","1千万円以上 - 2千万円未満","20240","","2024年度","","732,390","152,660","3,603","11,758","3,454,862","113,405","51,203","2,405,015","2,051,526","11,758"
"148","","飲食サービス業","26","","全規模","20150","","2015年度","","2,958,907","130,050","43,609","1,025,020","16,760,460","608,462","342,290","11,554,100","7,634,447","1,025,020"
"148","","飲食サービス業","26","","全規模","20160","","2016年度","","2,481,540","77,733","47,608","789,195","15,641,362","613,592","337,621","10,043,106","6,868,366","789,195"
"148","","飲食サービス業","26","","全規模","20170","","2017年度","","1,655,395","102,627","43,061","584,639","12,863,530","554,115","288,033","8,103,701","5,384,389","584,639"
"148","","飲食サービス業","26","","全規模","20180","","2018年度","","2,472,900","280,348","52,507","186,390","14,451,631","498,540","285,299","9,363,095","6,861,190","186,390"
"148","","飲食サービス業","26","","全規模","20190","","2019年度","","1,830,439","460,116","61,113","161,826","13,046,856","448,983","220,278","8,237,639","5,653,698","161,826"
"148","","飲食サービス業","26","","全規模","20200","","2020年度","","2,838,623","142,474","50,232","105,539","16,754,558","588,915","254,234","9,925,034","7,034,171","105,539"
"148","","飲食サービス業","26","","全規模","20210","","2021年度","","4,355,175","75,092","45,298","531,104","24,566,985","866,515","462,043","15,369,879","10,868,201","531,104"
"148","","飲食サービス業","26","","全規模","20220","","2022年度","","2,055,947","114,175","44,023","350,737","19,547,745","656,217","778,644","10,812,911","6,913,629","350,737"
"148","","飲食サービス業","26","","全規模","20230","","2023年度","","1,893,703","218,915","41,137","447,552","18,571,557","572,112","337,123","10,697,413","6,697,852","447,552"
"148","","飲食サービス業","26","","全規模","20240","","2024年度","","1,562,155","213,973","41,463","233,075","15,690,608","565,276","402,575","9,037,173","5,917,025","233,075"
"148","","飲食サービス業","25","","10億円以上","20150","","2015年度","","257,984","10,892","20,109","499,479","3,222,631","181,068","69,109","2,418,756","1,138,589","499,479"
"148","","飲食サービス業","25","","10億円以上","20160","","2016年度","","192,804","10,229","14,557","215,287","2,472,664","111,769","47,885","1,705,832","792,106","215,287"
"148","","飲食サービス業","25","","10億円以上","20170","","2017年度","","197,179","27,559","17,734","201,685","2,372,311","106,194","41,635","1,640,360","803,264","201,685"
"148","","飲食サービス業","25","","10億円以上","20180","","2018年度","","188,903","14,072","10,812","17,052","1,851,871","78,655","42,107","1,260,873","760,577","17,052"
"148","","飲食サービス業","25","","10億円以上","20190","","2019年度","","205,245","6,970","13,563","20,494","1,947,821","77,655","50,617","1,332,227","757,615","20,494"
"148","","飲食サービス業","25","","10億円以上","20200","","2020年度","","181,679","3,400","13,884","17,483","2,024,863","79,965","52,800","1,260,984","670,019","17,483"
"148","","飲食サービス業","25","","10億円以上","20210","","2021年度","","160,457","3,860","14,505","106,868","1,995,497","83,219","53,611","1,232,810","613,299","106,868"
"148","","飲食サービス業","25","","10億円以上","20220","","2022年度","","135,915","4,917","15,091","98,112","1,828,115","77,203","56,013","1,165,850","556,093","98,112"
"148","","飲食サービス業","25","","10億円以上","20230","","2023年度","","142,680","5,601","17,837","102,779","1,980,363","91,838","61,931","1,279,008","636,975","102,779"
"148","","飲食サービス業","25","","10億円以上","20240","","2024年度","","155,276","17,572","20,742","88,315","2,288,386","74,988","96,725","1,463,903","713,004","88,315"
"148","","飲食サービス業","24","","1億円以上 - 10億円未満","20150","","2015年度","","88,126","5,076","16,103","285,163","1,735,799","95,078","35,362","1,197,438","543,614","285,163"
"148","","飲食サービス業","24","","1億円以上 - 10億円未満","20160","","2016年度","","69,562","7,246","16,738","367,149","2,048,571","88,167","33,580","1,336,353","512,996","367,149"
"148","","飲食サービス業","24","","1億円以上 - 10億円未満","20170","","2017年度","","94,249","6,569","6,207","284,176","1,667,017","87,887","37,081","1,136,141","561,237","284,176"
"148","","飲食サービス業","24","","1億円以上 - 10億円未満","20180","","2018年度","","97,729","7,569","1,711","39,717","1,185,232","48,987","26,633","747,336","467,562","39,717"
"148","","飲食サービス業","24","","1億円以上 - 10億円未満","20190","","2019年度","","105,954","3,927","6,909","26,361","1,289,508","55,320","29,801","801,306","479,445","26,361"
"148","","飲食サービス業","24","","1億円以上 - 10億円未満","20200","","2020年度","","181,620","4,969","9,114","23,892","1,792,875","74,907","32,138","1,147,404","683,489","23,892"
"148","","飲食サービス業","24","","1億円以上 - 10億円未満","20210","","2021年度","","118,670","3,050","7,569","12,774","1,432,597","55,922","20,501","843,761","507,314","12,774"
"148","","飲食サービス業","24","","1億円以上 - 10億円未満","20220","","2022年度","","198,787","3,062","9,887","22,331","1,738,439","59,785","43,310","1,002,595","617,765","22,331"
"148","","飲食サービス業","24","","1億円以上 - 10億円未満","20230","","2023年度","","107,264","1,745","7,183","65,166","1,494,926","42,518","42,038","753,945","400,610","65,166"
"148","","飲食サービス業","24","","1億円以上 - 10億円未満","20240","","2024年度","","126,601","6,863","6,160","61,292","1,355,402","52,392","45,576","721,710","394,375","61,292"
"148","","飲食サービス業","21","","5千万円以上 - 1億円未満","20150","","2015年度","","180,789","13,527","3,576","109,188","2,019,229","52,437","79,996","1,200,296","480,445","109,188"
"148","","飲食サービス業","21","","5千万円以上 - 1億円未満","20160","","2016年度","","276,492","1,904","8,293","116,882","2,145,069","73,189","72,963","1,332,440","757,255","116,882"
"148","","飲食サービス業","21","","5千万円以上 - 1億円未満","20170","","2017年度","","113,550","1,519","10,305","50,632","1,419,139","48,650","24,771","765,948","455,519","50,632"
"148","","飲食サービス業","21","","5千万円以上 - 1億円未満","20180","","2018年度","","121,702","13,410","9,898","16,022","1,874,406","55,844","26,906","1,072,620","530,955","16,022"
"148","","飲食サービス業","21","","5千万円以上 - 1億円未満","20190","","2019年度","","103,428","79","6,754","12,055","1,389,217","46,374","26,152","820,714","403,858","12,055"
"148","","飲食サービス業","21","","5千万円以上 - 1億円未満","20200","","2020年度","","298,094","11,105","7,819","15,264","2,448,306","70,624","27,992","1,227,730","844,912","15,264"
"148","","飲食サービス業","21","","5千万円以上 - 1億円未満","20210","","2021年度","","406,395","11,352","8,448","37,323","3,021,414","79,134","120,417","1,658,745","1,112,298","37,323"
"148","","飲食サービス業","21","","5千万円以上 - 1億円未満","20220","","2022年度","","204,257","4,892","11,478","22,109","1,600,391","58,970","41,752","981,111","637,807","22,109"
"148","","飲食サービス業","21","","5千万円以上 - 1億円未満","20230","","2023年度","","213,523","11,680","4,762","29,377","2,326,808","87,745","41,958","1,392,822","887,877","29,377"
"148","","飲食サービス業","21","","5千万円以上 - 1億円未満","20240","","2024年度","","140,981","47,030","3,531","11,470","1,800,975","65,810","38,462","960,041","599,594","11,470"
"148","","飲食サービス業","19","","1千万円以上 - 1億円未満","20150","","2015年度","","1,489,807","76,951","6,584","214,797","7,077,695","200,938","151,259","4,541,175","2,927,756","214,797"
"148","","飲食サービス業","19","","1千万円以上 - 1億円未満","20160","","2016年度","","1,014,790","33,515","10,631","157,604","6,014,642","181,802","193,841","3,660,908","2,537,542","157,604"
"148","","飲食サービス業","19","","1千万円以上 - 1億円未満","20170","","2017年度","","883,684","29,804","11,367","80,958","5,596,875","190,145","121,270","3,478,682","2,493,806","80,958"
"148","","飲食サービス業","19","","1千万円以上 - 1億円未満","20180","","2018年度","","691,688","237,372","33,095","79,088","6,509,454","226,011","128,620","3,835,812","2,491,284","79,088"
"148","","飲食サービス業","19","","1千万円以上 - 1億円未満","20190","","2019年度","","952,973","259,014","39,377","77,035","6,519,796","210,493","93,748","3,831,476","2,650,939","77,035"
"148","","飲食サービス業","19","","1千万円以上 - 1億円未満","20200","","2020年度","","1,709,817","37,708","24,017","52,898","8,729,555","285,245","110,001","4,973,445","3,610,033","52,898"
"148","","飲食サービス業","19","","1千万円以上 - 1億円未満","20210","","2021年度","","2,709,759","42,307","20,238","293,925","15,046,728","470,073","215,703","9,363,355","6,512,771","293,925"
"148","","飲食サービス業","19","","1千万円以上 - 1億円未満","20220","","2022年度","","1,105,061","46,094","16,647","221,365","10,178,584","331,828","425,281","5,515,321","3,274,832","221,365"
"148","","飲食サービス業","19","","1千万円以上 - 1億円未満","20230","","2023年度","","1,180,314","54,032","11,985","271,807","10,062,711","271,476","152,399","5,878,141","3,478,882","271,807"
"148","","飲食サービス業","19","","1千万円以上 - 1億円未満","20240","","2024年度","","755,462","102,629","8,673","73,362","7,355,959","244,944","168,309","4,130,993","2,680,892","73,362"
"148","","飲食サービス業","18","","1千万円以上 - 5千万円未満","20150","","2015年度","","1,309,018","63,424","3,008","105,609","5,058,466","148,501","71,263","3,340,879","2,447,311","105,609"
"148","","飲食サービス業","18","","1千万円以上 - 5千万円未満","20160","","2016年度","","738,298","31,611","2,338","40,722","3,869,573","108,613","120,878","2,328,468","1,780,287","40,722"
"148","","飲食サービス業","18","","1千万円以上 - 5千万円未満","20170","","2017年度","","770,134","28,285","1,062","30,326","4,177,736","141,495","96,499","2,712,734","2,038,287","30,326"
"148","","飲食サービス業","18","","1千万円以上 - 5千万円未満","20180","","2018年度","","569,986","223,962","23,197","63,066","4,635,048","170,167","101,714","2,763,192","1,960,329","63,066"
"148","","飲食サービス業","18","","1千万円以上 - 5千万円未満","20190","","2019年度","","849,545","258,935","32,623","64,980","5,130,579","164,119","67,596","3,010,762","2,247,081","64,980"
"148","","飲食サービス業","18","","1千万円以上 - 5千万円未満","20200","","2020年度","","1,411,723","26,603","16,198","37,634","6,281,249","214,621","82,009","3,745,715","2,765,121","37,634"
"148","","飲食サービス業","18","","1千万円以上 - 5千万円未満","20210","","2021年度","","2,303,364","30,955","11,790","256,602","12,025,314","390,939","95,286","7,704,610","5,400,473","256,602"
"148","","飲食サービス業","18","","1千万円以上 - 5千万円未満","20220","","2022年度","","900,804","41,202","5,169","199,256","8,578,193","272,858","383,529","4,534,210","2,637,025","199,256"
"148","","飲食サービス業","18","","1千万円以上 - 5千万円未満","20230","","2023年度","","966,791","42,352","7,223","242,430","7,735,903","183,731","110,441","4,485,319","2,591,005","242,430"
"148","","飲食サービス業","18","","1千万円以上 - 5千万円未満","20240","","2024年度","","614,481","55,599","5,142","61,892","5,554,984","179,134","129,847","3,170,952","2,081,298","61,892"
"148","","飲食サービス業","16","","1千万円未満","20150","","2015年度","","1,122,990","37,131","813","25,581","4,724,335","131,378","86,560","3,396,731","3,024,488","25,581"
"148","","飲食サービス業","16","","1千万円未満","20160","","2016年度","","1,204,384","26,743","5,682","49,155","5,105,485","231,854","62,315","3,340,013","3,025,722","49,155"
"148","","飲食サービス業","16","","1千万円未満","20170","","2017年度","","480,283","38,695","7,753","17,820","3,227,327","169,889","88,047","1,848,518","1,526,082","17,820"
"148","","飲食サービス業","16","","1千万円未満","20180","","2018年度","","1,494,580","21,335","6,889","50,533","4,905,074","144,887","87,939","3,519,074","3,141,767","50,533"
"148","","飲食サービス業","16","","1千万円未満","20190","","2019年度","","566,267","190,205","1,264","37,936","3,289,731","105,515","46,112","2,272,630","1,765,699","37,936"
"148","","飲食サービス業","16","","1千万円未満","20200","","2020年度","","765,507","96,397","3,217","11,266","4,207,265","148,798","59,295","2,543,201","2,070,630","11,266"
"148","","飲食サービス業","16","","1千万円未満","20210","","2021年度","","1,366,289","25,875","2,986","117,537","6,092,163","257,301","172,228","3,929,953","3,234,817","117,537"
"148","","飲食サービス業","16","","1千万円未満","20220","","2022年度","","616,184","60,102","2,398","8,929","5,802,607","187,401","254,040","3,129,145","2,464,939","8,929"
"148","","飲食サービス業","16","","1千万円未満","20230","","2023年度","","463,445","157,537","4,132","7,800","5,033,557","166,280","80,755","2,786,319","2,181,385","7,800"
"148","","飲食サービス業","16","","1千万円未満","20240","","2024年度","","524,816","86,909","5,888","10,106","4,690,861","192,952","91,965","2,720,567","2,128,754","10,106"
"148","","飲食サービス業","23","","1億円以上","20150","","2015年度","","346,110","15,968","36,212","784,642","4,958,430","276,146","104,471","3,616,194","1,682,203","784,642"
"148","","飲食サービス業","23","","1億円以上","20160","","2016年度","","262,366","17,475","31,295","582,436","4,521,235","199,936","81,465","3,042,185","1,305,102","582,436"
"148","","飲食サービス業","23","","1億円以上","20170","","2017年度","","291,428","34,128","23,941","485,861","4,039,328","194,081","78,716","2,776,501","1,364,501","485,861"
"148","","飲食サービス業","23","","1億円以上","20180","","2018年度","","286,632","21,641","12,523","56,769","3,037,103","127,642","68,740","2,008,209","1,228,139","56,769"
"148","","飲食サービス業","23","","1億円以上","20190","","2019年度","","311,199","10,897","20,472","46,855","3,237,329","132,975","80,418","2,133,533","1,237,060","46,855"
"148","","飲食サービス業","23","","1億円以上","20200","","2020年度","","363,299","8,369","22,998","41,375","3,817,738","154,872","84,938","2,408,388","1,353,508","41,375"
"148","","飲食サービス業","23","","1億円以上","20210","","2021年度","","279,127","6,910","22,074","119,642","3,428,094","139,141","74,112","2,076,571","1,120,613","119,642"
"148","","飲食サービス業","23","","1億円以上","20220","","2022年度","","334,702","7,979","24,978","120,443","3,566,554","136,988","99,323","2,168,445","1,173,858","120,443"
"148","","飲食サービス業","23","","1億円以上","20230","","2023年度","","249,944","7,346","25,020","167,945","3,475,289","134,356","103,969","2,032,953","1,037,585","167,945"
"148","","飲食サービス業","23","","1億円以上","20240","","2024年度","","281,877","24,435","26,902","149,607","3,643,788","127,380","142,301","2,185,613","1,107,379","149,607"
"148","","飲食サービス業","22","","1億円未満","20150","","2015年度","","2,612,797","114,082","7,397","240,378","11,802,030","332,316","237,819","7,937,906","5,952,244","240,378"
"148","","飲食サービス業","22","","1億円未満","20160","","2016年度","","2,219,174","60,258","16,313","206,759","11,120,127","413,656","256,156","7,000,921","5,563,264","206,759"
"148","","飲食サービス業","22","","1億円未満","20170","","2017年度","","1,363,967","68,499","19,120","98,778","8,824,202","360,034","209,317","5,327,200","4,019,888","98,778"
"148","","飲食サービス業","22","","1億円未満","20180","","2018年度","","2,186,268","258,707","39,984","129,621","11,414,528","370,898","216,559","7,354,886","5,633,051","129,621"
"148","","飲食サービス業","22","","1億円未満","20190","","2019年度","","1,519,240","449,219","40,641","114,971","9,809,527","316,008","139,860","6,104,106","4,416,638","114,971"
"148","","飲食サービス業","22","","1億円未満","20200","","2020年度","","2,475,324","134,105","27,234","64,164","12,936,820","434,043","169,296","7,516,646","5,680,663","64,164"
"148","","飲食サービス業","22","","1億円未満","20210","","2021年度","","4,076,048","68,182","23,224","411,462","21,138,891","727,374","387,931","13,293,308","9,747,588","411,462"
"148","","飲食サービス業","22","","1億円未満","20220","","2022年度","","1,721,245","106,196","19,045","230,294","15,981,191","519,229","679,321","8,644,466","5,739,771","230,294"
"148","","飲食サービス業","22","","1億円未満","20230","","2023年度","","1,643,759","211,569","16,117","279,607","15,096,268","437,756","233,154","8,664,460","5,660,267","279,607"
"148","","飲食サービス業","22","","1億円未満","20240","","2024年度","","1,280,278","189,538","14,561","83,468","12,046,820","437,896","260,274","6,851,560","4,809,646","83,468"
"148","","飲食サービス業","20","","2千万円以上 - 5千万円未満","20150","","2015年度","","234,272","19,393","718","4,788","1,513,728","41,539","30,406","979,824","651,101","4,788"
"148","","飲食サービス業","20","","2千万円以上 - 5千万円未満","20160","","2016年度","","146,228","4,269","91","3,633","1,131,043","27,520","16,166","618,700","418,340","3,633"
"148","","飲食サービス業","20","","2千万円以上 - 5千万円未満","20170","","2017年度","","254,346","7,062","683","4,556","1,953,897","74,037","67,317","1,015,675","716,793","4,556"
"148","","飲食サービス業","20","","2千万円以上 - 5千万円未満","20180","","2018年度","","317,967","174,903","22,010","27,459","2,650,151","79,171","76,393","1,370,164","942,362","27,459"
"148","","飲食サービス業","20","","2千万円以上 - 5千万円未満","20190","","2019年度","","291,322","28,740","26,484","32,369","2,467,604","56,695","29,230","1,294,273","917,321","32,369"
"148","","飲食サービス業","20","","2千万円以上 - 5千万円未満","20200","","2020年度","","213,730","20,026","10,279","22,507","1,445,868","41,647","29,065","802,196","599,986","22,507"
"148","","飲食サービス業","20","","2千万円以上 - 5千万円未満","20210","","2021年度","","285,462","30,387","1,558","238,128","4,426,066","154,759","27,075","2,511,498","1,360,691","238,128"
"148","","飲食サービス業","20","","2千万円以上 - 5千万円未満","20220","","2022年度","","232,976","37,217","1,468","14,507","2,706,942","127,109","72,103","1,615,807","960,054","14,507"
"148","","飲食サービス業","20","","2千万円以上 - 5千万円未満","20230","","2023年度","","302,789","12,281","3,027","21,795","1,990,313","42,119","29,319","1,157,968","697,254","21,795"
"148","","飲食サービス業","20","","2千万円以上 - 5千万円未満","20240","","2024年度","","367,381","6,301","3,611","56,074","2,404,228","52,675","58,197","1,476,464","796,500","56,074"
"148","","飲食サービス業","17","","1千万円以上 - 2千万円未満","20150","","2015年度","","1,074,746","44,031","2,290","100,821","3,544,738","106,962","40,857","2,361,055","1,796,210","100,821"
"148","","飲食サービス業","17","","1千万円以上 - 2千万円未満","20160","","2016年度","","592,070","27,342","2,247","37,089","2,738,530","81,093","104,712","1,709,768","1,361,947","37,089"
"148","","飲食サービス業","17","","1千万円以上 - 2千万円未満","20170","","2017年度","","515,788","21,223","379","25,770","2,223,839","67,458","29,182","1,697,059","1,321,494","25,770"
"148","","飲食サービス業","17","","1千万円以上 - 2千万円未満","20180","","2018年度","","252,019","49,059","1,187","35,607","1,984,897","90,996","25,321","1,393,028","1,017,967","35,607"
"148","","飲食サービス業","17","","1千万円以上 - 2千万円未満","20190","","2019年度","","558,223","230,195","6,139","32,611","2,662,975","107,424","38,366","1,716,489","1,329,760","32,611"
"148","","飲食サービス業","17","","1千万円以上 - 2千万円未満","20200","","2020年度","","1,197,993","6,577","5,919","15,127","4,835,381","172,974","52,944","2,943,519","2,165,135","15,127"
"148","","飲食サービス業","17","","1千万円以上 - 2千万円未満","20210","","2021年度","","2,017,902","568","10,232","18,474","7,599,248","236,180","68,211","5,193,112","4,039,782","18,474"
"148","","飲食サービス業","17","","1千万円以上 - 2千万円未満","20220","","2022年度","","667,828","3,985","3,701","184,749","5,871,251","145,749","311,426","2,918,403","1,676,971","184,749"
"148","","飲食サービス業","17","","1千万円以上 - 2千万円未満","20230","","2023年度","","664,002","30,071","4,196","220,635","5,745,590","141,612","81,122","3,327,351","1,893,751","220,635"
"148","","飲食サービス業","17","","1千万円以上 - 2千万円未満","20240","","2024年度","","247,100","49,298","1,531","5,818","3,150,756","126,459","71,650","1,694,488","1,284,798","5,818"
"160","","職業紹介・労働者派遣業","26","","全規模","20150","","2015年度","","226,036","7,618","29,183","40,322","3,549,276","42,721","12,431","931,255","522,527","40,322"
"160","","職業紹介・労働者派遣業","26","","全規模","20160","","2016年度","","242,561","2,533","23,195","64,886","3,834,910","44,953","10,837","930,091","474,784","64,886"
"160","","職業紹介・労働者派遣業","26","","全規模","20170","","2017年度","","255,353","5,074","27,433","56,046","3,899,499","48,168","38,038","1,074,839","608,354","56,046"
"160","","職業紹介・労働者派遣業","26","","全規模","20180","","2018年度","","292,688","7,169","31,186","55,329","4,519,286","63,074","25,824","1,691,491","739,337","55,329"
"160","","職業紹介・労働者派遣業","26","","全規模","20190","","2019年度","","782,144","9,891","46,519","65,658","5,868,922","84,232","8,062","2,807,266","1,329,780","65,658"
"160","","職業紹介・労働者派遣業","26","","全規模","20200","","2020年度","","290,612","55,526","41,097","79,585","4,217,151","77,957","11,260","1,275,504","669,558","79,585"
"160","","職業紹介・労働者派遣業","26","","全規模","20210","","2021年度","","294,103","28,372","47,634","99,509","5,666,056","83,028","58,531","1,503,807","610,385","99,509"
"160","","職業紹介・労働者派遣業","26","","全規模","20220","","2022年度","","290,635","55,450","42,657","68,979","6,337,556","56,413","61,564","1,977,321","485,295","68,979"
"160","","職業紹介・労働者派遣業","26","","全規模","20230","","2023年度","","178,294","2,971","91,464","121,722","6,724,735","53,168","10,466","2,024,072","520,632","121,722"
"160","","職業紹介・労働者派遣業","26","","全規模","20240","","2024年度","","104,068","3,281","72,142","93,746","5,010,759","63,467","13,728","1,126,699","372,870","93,746"
"160","","職業紹介・労働者派遣業","25","","10億円以上","20150","","2015年度","","8,887","913","9,543","16,004","621,562","5,043","603","197,570","35,734","16,004"
"160","","職業紹介・労働者派遣業","25","","10億円以上","20160","","2016年度","","2,313","26","13,069","32,040","438,096","5,142","565","119,688","10,900","32,040"
"160","","職業紹介・労働者派遣業","25","","10億円以上","20170","","2017年度","","4,042","23","12,866","23,797","448,692","4,810","600","112,481","12,409","23,797"
"160","","職業紹介・労働者派遣業","25","","10億円以上","20180","","2018年度","","5,353","148","10,162","13,147","419,471","3,397","603","129,514","15,726","13,147"
"160","","職業紹介・労働者派遣業","25","","10億円以上","20190","","2019年度","","5,067","2","12,972","15,175","444,115","4,611","758","135,523","20,272","15,175"
"160","","職業紹介・労働者派遣業","25","","10億円以上","20200","","2020年度","","6,800","2,514","12,842","15,566","531,431","6,164","585","159,667","19,984","15,566"
"160","","職業紹介・労働者派遣業","25","","10億円以上","20210","","2021年度","","5,576","26","13,708","16,312","598,962","7,710","475","141,600","16,059","16,312"
"160","","職業紹介・労働者派遣業","25","","10億円以上","20220","","2022年度","","4,981","1","8,605","10,660","525,593","4,699","320","204,437","13,390","10,660"
"160","","職業紹介・労働者派遣業","25","","10億円以上","20230","","2023年度","","111","74","8,519","12,724","492,255","4,015","249","180,990","3,845","12,724"
"160","","職業紹介・労働者派遣業","25","","10億円以上","20240","","2024年度","","88","1","9,199","14,803","428,559","4,800","145","187,047","3,705","14,803"
"160","","職業紹介・労働者派遣業","24","","1億円以上 - 10億円未満","20150","","2015年度","","8,815","1,204","5,414","7,450","475,752","4,811","1,392","81,784","39,338","7,450"
"160","","職業紹介・労働者派遣業","24","","1億円以上 - 10億円未満","20160","","2016年度","","29,239","121","3,903","16,298","889,861","6,101","1,289","131,196","62,762","16,298"
"160","","職業紹介・労働者派遣業","24","","1億円以上 - 10億円未満","20170","","2017年度","","2,137","0","8,713","23,590","712,996","6,450","1,684","123,703","15,567","23,590"
"160","","職業紹介・労働者派遣業","24","","1億円以上 - 10億円未満","20180","","2018年度","","11,407","0","8,812","25,427","628,698","6,849","2,063","163,209","43,257","25,427"
"160","","職業紹介・労働者派遣業","24","","1億円以上 - 10億円未満","20190","","2019年度","","16,868","1,110","13,742","20,132","535,765","7,908","1,116","160,065","60,022","20,132"
"160","","職業紹介・労働者派遣業","24","","1億円以上 - 10億円未満","20200","","2020年度","","7,052","1,286","14,384","36,382","635,517","17,218","2,103","156,531","33,033","36,382"
"160","","職業紹介・労働者派遣業","24","","1億円以上 - 10億円未満","20210","","2021年度","","13,868","224","23,749","56,707","1,228,316","23,510","3,151","251,801","53,064","56,707"
"160","","職業紹介・労働者派遣業","24","","1億円以上 - 10億円未満","20220","","2022年度","","15,297","260","29,402","45,001","1,311,933","21,304","1,564","249,766","57,841","45,001"
"160","","職業紹介・労働者派遣業","24","","1億円以上 - 10億円未満","20230","","2023年度","","15,665","247","35,365","41,428","1,640,305","17,367","1,483","279,326","52,925","41,428"
"160","","職業紹介・労働者派遣業","24","","1億円以上 - 10億円未満","20240","","2024年度","","15,004","148","44,576","50,545","1,639,854","18,291","1,020","306,208","56,835","50,545"
"160","","職業紹介・労働者派遣業","21","","5千万円以上 - 1億円未満","20150","","2015年度","","45,586","1,095","12,747","13,718","847,908","9,269","1,730","187,711","89,901","13,718"
"160","","職業紹介・労働者派遣業","21","","5千万円以上 - 1億円未満","20160","","2016年度","","50,101","2,386","4,091","5,313","786,097","6,293","597","203,814","94,506","5,313"
"160","","職業紹介・労働者派遣業","21","","5千万円以上 - 1億円未満","20170","","2017年度","","131,704","1,187","2,193","3,495","785,347","5,655","7,913","290,561","188,909","3,495"
"160","","職業紹介・労働者派遣業","21","","5千万円以上 - 1億円未満","20180","","2018年度","","152,764","2,617","6,633","9,283","1,143,513","11,606","7,037","681,165","252,284","9,283"
"160","","職業紹介・労働者派遣業","21","","5千万円以上 - 1億円未満","20190","","2019年度","","47,928","18","10,564","16,523","947,869","8,253","1,209","459,108","112,109","16,523"
"160","","職業紹介・労働者派遣業","21","","5千万円以上 - 1億円未満","20200","","2020年度","","22,567","533","4,168","7,480","585,529","12,503","2,633","193,039","109,523","7,480"
"160","","職業紹介・労働者派遣業","21","","5千万円以上 - 1億円未満","20210","","2021年度","","37,212","2,896","1,785","10,037","755,218","5,095","1,067","165,789","66,085","10,037"
"160","","職業紹介・労働者派遣業","21","","5千万円以上 - 1億円未満","20220","","2022年度","","8,266","26","1,822","2,377","740,833","1,664","765","418,690","18,749","2,377"
"160","","職業紹介・労働者派遣業","21","","5千万円以上 - 1億円未満","20230","","2023年度","","8,910","0","3,784","4,290","804,188","3,190","396","414,260","23,650","4,290"
"160","","職業紹介・労働者派遣業","21","","5千万円以上 - 1億円未満","20240","","2024年度","","1,639","0","12,402","14,307","754,750","7,131","2,547","183,112","46,730","14,307"
"160","","職業紹介・労働者派遣業","19","","1千万円以上 - 1億円未満","20150","","2015年度","","189,472","5,032","14,081","16,134","2,076,343","22,803","9,487","559,375","375,732","16,134"
"160","","職業紹介・労働者派遣業","19","","1千万円以上 - 1億円未満","20160","","2016年度","","196,618","2,386","6,099","16,002","2,133,993","28,608","8,740","622,111","360,644","16,002"
"160","","職業紹介・労働者派遣業","19","","1千万円以上 - 1億円未満","20170","","2017年度","","237,800","5,051","5,767","8,268","2,338,082","31,085","13,292","762,424","522,633","8,268"
"160","","職業紹介・労働者派遣業","19","","1千万円以上 - 1億円未満","20180","","2018年度","","250,893","7,021","11,885","16,202","3,032,470","42,462","10,717","1,243,739","604,131","16,202"
"160","","職業紹介・労働者派遣業","19","","1千万円以上 - 1億円未満","20190","","2019年度","","743,364","8,779","19,674","29,445","4,507,053","56,910","4,923","2,380,018","1,214,896","29,445"
"160","","職業紹介・労働者派遣業","19","","1千万円以上 - 1億円未満","20200","","2020年度","","225,205","4,061","11,341","19,506","2,582,225","44,863","6,803","814,598","493,743","19,506"
"160","","職業紹介・労働者派遣業","19","","1千万円以上 - 1億円未満","20210","","2021年度","","252,137","27,577","8,138","18,759","3,189,199","40,303","46,600","973,112","472,544","18,759"
"160","","職業紹介・労働者派遣業","19","","1千万円以上 - 1億円未満","20220","","2022年度","","252,519","55,189","4,327","12,500","3,862,901","19,087","59,680","1,441,371","374,074","12,500"
"160","","職業紹介・労働者派遣業","19","","1千万円以上 - 1億円未満","20230","","2023年度","","162,518","1,938","47,298","60,011","3,510,505","16,564","5,139","1,269,637","277,546","60,011"
"160","","職業紹介・労働者派遣業","19","","1千万円以上 - 1億円未満","20240","","2024年度","","88,976","3,132","18,367","28,398","2,442,920","34,873","8,000","598,076","298,496","28,398"
"160","","職業紹介・労働者派遣業","18","","1千万円以上 - 5千万円未満","20150","","2015年度","","143,886","3,937","1,334","2,416","1,228,435","13,534","7,757","371,664","285,831","2,416"
"160","","職業紹介・労働者派遣業","18","","1千万円以上 - 5千万円未満","20160","","2016年度","","146,517","0","2,008","10,689","1,347,896","22,315","8,143","418,297","266,138","10,689"
"160","","職業紹介・労働者派遣業","18","","1千万円以上 - 5千万円未満","20170","","2017年度","","106,096","3,864","3,574","4,773","1,552,735","25,430","5,379","471,863","333,724","4,773"
"160","","職業紹介・労働者派遣業","18","","1千万円以上 - 5千万円未満","20180","","2018年度","","98,129","4,404","5,252","6,919","1,888,957","30,856","3,680","562,574","351,847","6,919"
"160","","職業紹介・労働者派遣業","18","","1千万円以上 - 5千万円未満","20190","","2019年度","","695,436","8,761","9,110","12,922","3,559,184","48,657","3,714","1,920,910","1,102,787","12,922"
"160","","職業紹介・労働者派遣業","18","","1千万円以上 - 5千万円未満","20200","","2020年度","","202,638","3,528","7,173","12,026","1,996,696","32,360","4,170","621,559","384,220","12,026"
"160","","職業紹介・労働者派遣業","18","","1千万円以上 - 5千万円未満","20210","","2021年度","","214,925","24,681","6,353","8,722","2,433,981","35,208","45,533","807,323","406,459","8,722"
"160","","職業紹介・労働者派遣業","18","","1千万円以上 - 5千万円未満","20220","","2022年度","","244,253","55,163","2,505","10,123","3,122,068","17,423","58,915","1,022,681","355,325","10,123"
"160","","職業紹介・労働者派遣業","18","","1千万円以上 - 5千万円未満","20230","","2023年度","","153,608","1,938","43,514","55,721","2,706,317","13,374","4,743","855,377","253,896","55,721"
"160","","職業紹介・労働者派遣業","18","","1千万円以上 - 5千万円未満","20240","","2024年度","","87,337","3,132","5,965","14,091","1,688,170","27,742","5,453","414,964","251,766","14,091"
"160","","職業紹介・労働者派遣業","16","","1千万円未満","20150","","2015年度","","18,862","469","145","734","375,619","10,064","949","92,526","71,723","734"
"160","","職業紹介・労働者派遣業","16","","1千万円未満","20160","","2016年度","","14,391","0","124","546","372,960","5,102","243","57,096","40,478","546"
"160","","職業紹介・労働者派遣業","16","","1千万円未満","20170","","2017年度","","11,374","0","87","391","399,729","5,823","22,462","76,231","57,745","391"
"160","","職業紹介・労働者派遣業","16","","1千万円未満","20180","","2018年度","","25,035","0","327","553","438,647","10,366","12,441","155,029","76,223","553"
"160","","職業紹介・労働者派遣業","16","","1千万円未満","20190","","2019年度","","16,845","0","131","906","381,989","14,803","1,265","131,660","34,590","906"
"160","","職業紹介・労働者派遣業","16","","1千万円未満","20200","","2020年度","","51,555","47,665","2,530","8,131","467,978","9,712","1,769","144,708","122,798","8,131"
"160","","職業紹介・労働者派遣業","16","","1千万円未満","20210","","2021年度","","22,522","545","2,039","7,731","649,579","11,505","8,305","137,294","68,718","7,731"
"160","","職業紹介・労働者派遣業","16","","1千万円未満","20220","","2022年度","","17,838","0","323","818","637,129","11,323","0","81,747","39,990","818"
"160","","職業紹介・労働者派遣業","16","","1千万円未満","20230","","2023年度","","0","712","282","7,559","1,081,670","15,222","3,595","294,119","186,316","7,559"
"160","","職業紹介・労働者派遣業","16","","1千万円未満","20240","","2024年度","","0","0","0","0","499,426","5,503","4,563","35,368","13,834","0"
"160","","職業紹介・労働者派遣業","23","","1億円以上","20150","","2015年度","","17,702","2,117","14,957","23,454","1,097,314","9,854","1,995","279,354","75,072","23,454"
"160","","職業紹介・労働者派遣業","23","","1億円以上","20160","","2016年度","","31,552","147","16,972","48,338","1,327,957","11,243","1,854","250,884","73,662","48,338"
"160","","職業紹介・労働者派遣業","23","","1億円以上","20170","","2017年度","","6,179","23","21,579","47,387","1,161,688","11,260","2,284","236,184","27,976","47,387"
"160","","職業紹介・労働者派遣業","23","","1億円以上","20180","","2018年度","","16,760","148","18,974","38,574","1,048,169","10,246","2,666","292,723","58,983","38,574"
"160","","職業紹介・労働者派遣業","23","","1億円以上","20190","","2019年度","","21,935","1,112","26,714","35,307","979,880","12,519","1,874","295,588","80,294","35,307"
"160","","職業紹介・労働者派遣業","23","","1億円以上","20200","","2020年度","","13,852","3,800","27,226","51,948","1,166,948","23,382","2,688","316,198","53,017","51,948"
"160","","職業紹介・労働者派遣業","23","","1億円以上","20210","","2021年度","","19,444","250","37,457","73,019","1,827,278","31,220","3,626","393,401","69,123","73,019"
"160","","職業紹介・労働者派遣業","23","","1億円以上","20220","","2022年度","","20,278","261","38,007","55,661","1,837,526","26,003","1,884","454,203","71,231","55,661"
"160","","職業紹介・労働者派遣業","23","","1億円以上","20230","","2023年度","","15,776","321","43,884","54,152","2,132,560","21,382","1,732","460,316","56,770","54,152"
"160","","職業紹介・労働者派遣業","23","","1億円以上","20240","","2024年度","","15,092","149","53,775","65,348","2,068,413","23,091","1,165","493,255","60,540","65,348"
"160","","職業紹介・労働者派遣業","22","","1億円未満","20150","","2015年度","","208,334","5,501","14,226","16,868","2,451,962","32,867","10,436","651,901","447,455","16,868"
"160","","職業紹介・労働者派遣業","22","","1億円未満","20160","","2016年度","","211,009","2,386","6,223","16,548","2,506,953","33,710","8,983","679,207","401,122","16,548"
"160","","職業紹介・労働者派遣業","22","","1億円未満","20170","","2017年度","","249,174","5,051","5,854","8,659","2,737,811","36,908","35,754","838,655","580,378","8,659"
"160","","職業紹介・労働者派遣業","22","","1億円未満","20180","","2018年度","","275,928","7,021","12,212","16,755","3,471,117","52,828","23,158","1,398,768","680,354","16,755"
"160","","職業紹介・労働者派遣業","22","","1億円未満","20190","","2019年度","","760,209","8,779","19,805","30,351","4,889,042","71,713","6,188","2,511,678","1,249,486","30,351"
"160","","職業紹介・労働者派遣業","22","","1億円未満","20200","","2020年度","","276,760","51,726","13,871","27,637","3,050,203","54,575","8,572","959,306","616,541","27,637"
"160","","職業紹介・労働者派遣業","22","","1億円未満","20210","","2021年度","","274,659","28,122","10,177","26,490","3,838,778","51,808","54,905","1,110,406","541,262","26,490"
"160","","職業紹介・労働者派遣業","22","","1億円未満","20220","","2022年度","","270,357","55,189","4,650","13,318","4,500,030","30,410","59,680","1,523,118","414,064","13,318"
"160","","職業紹介・労働者派遣業","22","","1億円未満","20230","","2023年度","","162,518","2,650","47,580","67,570","4,592,175","31,786","8,734","1,563,756","463,862","67,570"
"160","","職業紹介・労働者派遣業","22","","1億円未満","20240","","2024年度","","88,976","3,132","18,367","28,398","2,942,346","40,376","12,563","633,444","312,330","28,398"
"160","","職業紹介・労働者派遣業","20","","2千万円以上 - 5千万円未満","20150","","2015年度","","25,486","74","1,334","2,223","409,631","5,557","4,667","109,724","66,679","2,223"
"160","","職業紹介・労働者派遣業","20","","2千万円以上 - 5千万円未満","20160","","2016年度","","12,413","0","1,805","10,080","582,194","5,040","4,288","109,307","34,756","10,080"
"160","","職業紹介・労働者派遣業","20","","2千万円以上 - 5千万円未満","20170","","2017年度","","12,363","3,657","1,915","2,699","664,548","8,010","609","98,381","51,280","2,699"
"160","","職業紹介・労働者派遣業","20","","2千万円以上 - 5千万円未満","20180","","2018年度","","29,804","4,404","5,019","6,453","1,277,066","15,465","2,048","296,504","140,110","6,453"
"160","","職業紹介・労働者派遣業","20","","2千万円以上 - 5千万円未満","20190","","2019年度","","478,804","8,761","8,265","11,654","1,862,980","29,424","3,058","904,297","771,393","11,654"
"160","","職業紹介・労働者派遣業","20","","2千万円以上 - 5千万円未満","20200","","2020年度","","177,386","3,528","5,998","10,655","1,316,073","17,287","3,387","411,715","322,950","10,655"
"160","","職業紹介・労働者派遣業","20","","2千万円以上 - 5千万円未満","20210","","2021年度","","48,442","16,886","5,425","7,794","957,535","13,678","8,042","295,625","201,186","7,794"
"160","","職業紹介・労働者派遣業","20","","2千万円以上 - 5千万円未満","20220","","2022年度","","37,349","43,071","1,430","4,211","852,039","6,675","874","297,442","112,683","4,211"
"160","","職業紹介・労働者派遣業","20","","2千万円以上 - 5千万円未満","20230","","2023年度","","29,796","1,938","3,523","8,372","1,158,183","7,615","2,024","441,070","91,213","8,372"
"160","","職業紹介・労働者派遣業","20","","2千万円以上 - 5千万円未満","20240","","2024年度","","10,687","384","4,743","11,206","756,192","7,159","5,300","129,732","59,924","11,206"
"160","","職業紹介・労働者派遣業","17","","1千万円以上 - 2千万円未満","20150","","2015年度","","118,400","3,863","0","193","818,804","7,977","3,090","261,940","219,152","193"
"160","","職業紹介・労働者派遣業","17","","1千万円以上 - 2千万円未満","20160","","2016年度","","134,104","0","203","609","765,702","17,275","3,855","308,990","231,382","609"
"160","","職業紹介・労働者派遣業","17","","1千万円以上 - 2千万円未満","20170","","2017年度","","93,733","207","1,659","2,074","888,187","17,420","4,770","373,482","282,444","2,074"
"160","","職業紹介・労働者派遣業","17","","1千万円以上 - 2千万円未満","20180","","2018年度","","68,325","0","233","466","611,891","15,391","1,632","266,070","211,737","466"
"160","","職業紹介・労働者派遣業","17","","1千万円以上 - 2千万円未満","20190","","2019年度","","216,632","0","845","1,268","1,696,204","19,233","656","1,016,613","331,394","1,268"
"160","","職業紹介・労働者派遣業","17","","1千万円以上 - 2千万円未満","20200","","2020年度","","25,252","0","1,175","1,371","680,623","15,073","783","209,844","61,270","1,371"
"160","","職業紹介・労働者派遣業","17","","1千万円以上 - 2千万円未満","20210","","2021年度","","166,483","7,795","928","928","1,476,446","21,530","37,491","511,698","205,273","928"
"160","","職業紹介・労働者派遣業","17","","1千万円以上 - 2千万円未満","20220","","2022年度","","206,904","12,092","1,075","5,912","2,270,029","10,748","58,041","725,239","242,642","5,912"
"160","","職業紹介・労働者派遣業","17","","1千万円以上 - 2千万円未満","20230","","2023年度","","123,812","0","39,991","47,349","1,548,134","5,759","2,719","414,307","162,683","47,349"
"160","","職業紹介・労働者派遣業","17","","1千万円以上 - 2千万円未満","20240","","2024年度","","76,650","2,748","1,222","2,885","931,978","20,583","153","285,232","191,842","2,885"
"143","","その他のサービス業","26","","全規模","20150","","2015年度","","3,560,378","218,781","270,852","463,718","42,030,380","829,101","861,861","23,232,780","8,697,480","463,718"
"143","","その他のサービス業","26","","全規模","20160","","2016年度","","4,793,589","363,940","485,766","683,352","50,901,737","1,112,212","995,281","28,726,331","11,101,774","683,352"
"143","","その他のサービス業","26","","全規模","20170","","2017年度","","4,598,296","326,837","459,228","795,000","54,491,397","999,700","1,181,494","28,911,020","10,764,456","795,000"
"143","","その他のサービス業","26","","全規模","20180","","2018年度","","3,975,537","392,931","320,412","631,661","51,489,018","937,840","1,213,871","26,790,872","10,178,321","631,661"
"143","","その他のサービス業","26","","全規模","20190","","2019年度","","4,609,413","417,383","319,563","767,688","50,161,687","1,072,973","1,310,637","27,080,886","11,457,725","767,688"
"143","","その他のサービス業","26","","全規模","20200","","2020年度","","4,335,037","498,595","304,221","801,916","51,495,358","922,235","1,146,037","25,725,019","10,268,292","801,916"
"143","","その他のサービス業","26","","全規模","20210","","2021年度","","4,449,314","540,040","341,616","615,146","48,632,301","1,000,220","973,143","24,057,305","10,593,555","615,146"
"143","","その他のサービス業","26","","全規模","20220","","2022年度","","5,218,211","596,800","395,694","696,868","54,177,909","1,004,785","1,174,993","26,798,557","11,558,839","696,868"
"143","","その他のサービス業","26","","全規模","20230","","2023年度","","5,183,092","511,416","510,972","1,861,608","59,427,728","1,190,997","1,348,773","28,870,035","13,207,117","1,861,608"
"143","","その他のサービス業","26","","全規模","20240","","2024年度","","6,255,101","419,927","639,712","2,667,447","76,994,652","1,483,452","1,643,831","34,073,952","14,715,248","2,667,447"
"143","","その他のサービス業","25","","10億円以上","20150","","2015年度","","438,769","55,842","141,334","196,857","14,949,540","203,355","230,373","11,149,191","1,670,467","196,857"
"143","","その他のサービス業","25","","10億円以上","20160","","2016年度","","1,661,714","114,875","184,095","261,911","19,209,492","315,570","206,309","13,730,622","3,998,152","261,911"
"143","","その他のサービス業","25","","10億円以上","20170","","2017年度","","1,657,785","99,530","167,845","363,496","19,593,407","318,508","224,828","13,978,289","3,913,721","363,496"
"143","","その他のサービス業","25","","10億円以上","20180","","2018年度","","1,661,163","168,427","171,917","370,004","19,887,576","310,721","238,185","14,158,897","3,922,451","370,004"
"143","","その他のサービス業","25","","10億円以上","20190","","2019年度","","1,630,990","117,407","180,252","347,801","19,506,659","342,526","233,220","13,726,344","3,803,005","347,801"
"143","","その他のサービス業","25","","10億円以上","20200","","2020年度","","1,630,634","144,758","156,673","315,453","17,504,425","322,728","220,533","11,726,195","3,748,537","315,453"
"143","","その他のサービス業","25","","10億円以上","20210","","2021年度","","1,612,277","168,628","161,138","333,505","17,228,837","293,164","213,625","11,473,766","3,618,774","333,505"
"143","","その他のサービス業","25","","10億円以上","20220","","2022年度","","1,612,437","287,059","167,077","350,232","17,322,249","289,332","270,564","10,454,299","3,687,347","350,232"
"143","","その他のサービス業","25","","10億円以上","20230","","2023年度","","1,707,558","278,729","207,440","367,086","17,416,509","296,613","219,040","10,810,974","3,960,339","367,086"
"143","","その他のサービス業","25","","10億円以上","20240","","2024年度","","1,699,928","97,751","241,774","391,079","28,347,947","380,670","210,134","10,818,881","3,997,892","391,079"
"143","","その他のサービス業","24","","1億円以上 - 10億円未満","20150","","2015年度","","381,737","20,344","116,634","149,820","7,470,650","149,277","246,209","2,362,161","1,046,816","149,820"
"143","","その他のサービス業","24","","1億円以上 - 10億円未満","20160","","2016年度","","331,594","48,145","100,599","126,026","7,939,182","159,250","219,487","2,501,487","1,056,983","126,026"
"143","","その他のサービス業","24","","1億円以上 - 10億円未満","20170","","2017年度","","327,055","76,693","90,186","127,094","7,069,359","142,225","363,950","2,199,024","1,045,636","127,094"
"143","","その他のサービス業","24","","1億円以上 - 10億円未満","20180","","2018年度","","331,302","71,451","96,558","138,091","6,850,466","131,716","358,427","2,329,180","1,238,302","138,091"
"143","","その他のサービス業","24","","1億円以上 - 10億円未満","20190","","2019年度","","445,437","32,748","110,010","151,529","8,422,709","144,957","393,548","2,893,375","1,408,666","151,529"
"143","","その他のサービス業","24","","1億円以上 - 10億円未満","20200","","2020年度","","341,600","123,155","90,300","128,382","7,605,077","135,119","330,957","2,319,788","1,154,046","128,382"
"143","","その他のサービス業","24","","1億円以上 - 10億円未満","20210","","2021年度","","422,524","119,561","105,507","142,937","8,831,886","157,515","263,028","3,003,673","1,348,887","142,937"
"143","","その他のサービス業","24","","1億円以上 - 10億円未満","20220","","2022年度","","637,359","69,261","126,824","162,488","9,387,272","144,949","265,886","3,446,505","1,615,755","162,488"
"143","","その他のサービス業","24","","1億円以上 - 10億円未満","20230","","2023年度","","478,393","60,051","176,792","205,422","10,589,948","173,283","375,962","3,725,498","1,635,421","205,422"
"143","","その他のサービス業","24","","1億円以上 - 10億円未満","20240","","2024年度","","512,149","54,408","209,481","1,040,331","12,141,766","246,454","459,339","5,045,414","1,746,783","1,040,331"
"143","","その他のサービス業","21","","5千万円以上 - 1億円未満","20150","","2015年度","","542,380","14,587","4,235","25,200","3,799,009","90,632","69,692","2,236,911","1,416,493","25,200"
"143","","その他のサービス業","21","","5千万円以上 - 1億円未満","20160","","2016年度","","755,128","15,904","17,665","56,914","4,242,846","110,448","34,988","2,179,757","1,610,877","56,914"
"143","","その他のサービス業","21","","5千万円以上 - 1億円未満","20170","","2017年度","","793,106","68,411","48,100","99,236","6,920,735","114,508","128,278","3,288,590","1,584,116","99,236"
"143","","その他のサービス業","21","","5千万円以上 - 1億円未満","20180","","2018年度","","354,846","120,338","18,416","51,979","5,216,724","124,412","84,280","2,424,019","1,051,749","51,979"
"143","","その他のサービス業","21","","5千万円以上 - 1億円未満","20190","","2019年度","","344,085","127,082","11,439","208,409","4,759,632","148,400","73,894","2,282,218","1,339,638","208,409"
"143","","その他のサービス業","21","","5千万円以上 - 1億円未満","20200","","2020年度","","397,095","30,252","23,356","254,287","4,071,451","73,628","136,022","1,544,854","920,610","254,287"
"143","","その他のサービス業","21","","5千万円以上 - 1億円未満","20210","","2021年度","","262,114","76,152","38,467","44,878","3,442,508","77,090","134,047","1,234,692","789,860","44,878"
"143","","その他のサービス業","21","","5千万円以上 - 1億円未満","20220","","2022年度","","674,921","83,098","37,549","42,808","5,360,866","134,513","193,673","3,115,144","1,583,454","42,808"
"143","","その他のサービス業","21","","5千万円以上 - 1億円未満","20230","","2023年度","","342,379","16,075","29,075","47,830","4,902,431","86,463","190,589","2,097,442","970,675","47,830"
"143","","その他のサービス業","21","","5千万円以上 - 1億円未満","20240","","2024年度","","578,494","25,022","43,382","70,615","7,487,418","141,231","119,524","4,302,170","1,307,583","70,615"
"143","","その他のサービス業","19","","1千万円以上 - 1億円未満","20150","","2015年度","","2,263,416","133,598","10,089","103,761","15,696,828","376,015","315,634","7,489,846","4,834,644","103,761"
"143","","その他のサービス業","19","","1千万円以上 - 1億円未満","20160","","2016年度","","2,349,722","183,171","197,349","274,969","18,036,047","458,924","516,112","8,512,920","5,016,877","274,969"
"143","","その他のサービス業","19","","1千万円以上 - 1億円未満","20170","","2017年度","","2,057,295","132,090","196,745","289,250","22,014,413","396,972","511,427","9,305,060","4,372,736","289,250"
"143","","その他のサービス業","19","","1千万円以上 - 1億円未満","20180","","2018年度","","1,517,684","151,417","47,850","106,871","19,403,379","383,798","393,899","7,610,291","3,772,206","106,871"
"143","","その他のサービス業","19","","1千万円以上 - 1億円未満","20190","","2019年度","","1,994,851","237,472","26,136","258,143","18,534,872","448,180","467,187","8,831,162","4,881,089","258,143"
"143","","その他のサービス業","19","","1千万円以上 - 1億円未満","20200","","2020年度","","1,930,235","223,565","53,264","343,266","22,535,576","362,935","520,146","10,486,795","4,394,011","343,266"
"143","","その他のサービス業","19","","1千万円以上 - 1億円未満","20210","","2021年度","","1,675,487","217,902","63,777","115,638","17,983,235","315,728","426,293","7,639,083","4,123,059","115,638"
"143","","その他のサービス業","19","","1千万円以上 - 1億円未満","20220","","2022年度","","2,192,522","163,160","88,779","166,462","22,477,676","368,765","495,530","10,706,632","4,553,638","166,462"
"143","","その他のサービス業","19","","1千万円以上 - 1億円未満","20230","","2023年度","","2,219,277","104,182","120,522","1,270,419","25,978,058","551,518","465,149","11,756,649","5,854,866","1,270,419"
"143","","その他のサービス業","19","","1千万円以上 - 1億円未満","20240","","2024年度","","3,243,775","153,020","183,679","1,218,849","28,874,736","642,670","713,426","14,409,801","7,025,483","1,218,849"
"143","","その他のサービス業","18","","1千万円以上 - 5千万円未満","20150","","2015年度","","1,721,036","119,011","5,854","78,561","11,897,819","285,383","245,942","5,252,935","3,418,151","78,561"
"143","","その他のサービス業","18","","1千万円以上 - 5千万円未満","20160","","2016年度","","1,594,594","167,267","179,684","218,055","13,793,201","348,476","481,124","6,333,163","3,406,000","218,055"
"143","","その他のサービス業","18","","1千万円以上 - 5千万円未満","20170","","2017年度","","1,264,189","63,679","148,645","190,014","15,093,678","282,464","383,149","6,016,470","2,788,620","190,014"
"143","","その他のサービス業","18","","1千万円以上 - 5千万円未満","20180","","2018年度","","1,162,838","31,079","29,434","54,892","14,186,655","259,386","309,619","5,186,272","2,720,457","54,892"
"143","","その他のサービス業","18","","1千万円以上 - 5千万円未満","20190","","2019年度","","1,650,766","110,390","14,697","49,734","13,775,240","299,780","393,293","6,548,944","3,541,451","49,734"
"143","","その他のサービス業","18","","1千万円以上 - 5千万円未満","20200","","2020年度","","1,533,140","193,313","29,908","88,979","18,464,125","289,307","384,124","8,941,941","3,473,401","88,979"
"143","","その他のサービス業","18","","1千万円以上 - 5千万円未満","20210","","2021年度","","1,413,373","141,750","25,310","70,760","14,540,727","238,638","292,246","6,404,391","3,333,199","70,760"
"143","","その他のサービス業","18","","1千万円以上 - 5千万円未満","20220","","2022年度","","1,517,601","80,062","51,230","123,654","17,116,810","234,252","301,857","7,591,488","2,970,184","123,654"
"143","","その他のサービス業","18","","1千万円以上 - 5千万円未満","20230","","2023年度","","1,876,898","88,107","91,447","1,222,589","21,075,627","465,055","274,560","9,659,207","4,884,191","1,222,589"
"143","","その他のサービス業","18","","1千万円以上 - 5千万円未満","20240","","2024年度","","2,665,281","127,998","140,297","1,148,234","21,387,318","501,439","593,902","10,107,631","5,717,900","1,148,234"
"143","","その他のサービス業","16","","1千万円未満","20150","","2015年度","","476,456","8,997","2,795","13,280","3,913,362","100,454","69,645","2,231,582","1,145,553","13,280"
"143","","その他のサービス業","16","","1千万円未満","20160","","2016年度","","450,559","17,749","3,723","20,446","5,717,016","178,468","53,373","3,981,302","1,029,762","20,446"
"143","","その他のサービス業","16","","1千万円未満","20170","","2017年度","","556,161","18,524","4,452","15,160","5,814,218","141,995","81,289","3,428,647","1,432,363","15,160"
"143","","その他のサービス業","16","","1千万円未満","20180","","2018年度","","465,388","1,636","4,087","16,695","5,347,597","111,605","223,360","2,692,504","1,245,362","16,695"
"143","","その他のサービス業","16","","1千万円未満","20190","","2019年度","","538,135","29,756","3,165","10,215","3,697,447","137,310","216,682","1,630,005","1,364,965","10,215"
"143","","その他のサービス業","16","","1千万円未満","20200","","2020年度","","432,568","7,117","3,984","14,815","3,850,280","101,453","74,401","1,192,241","971,698","14,815"
"143","","その他のサービス業","16","","1千万円未満","20210","","2021年度","","739,026","33,949","11,194","23,066","4,588,343","233,813","70,197","1,940,783","1,502,835","23,066"
"143","","その他のサービス業","16","","1千万円未満","20220","","2022年度","","775,893","77,320","13,014","17,686","4,990,712","201,739","143,013","2,191,121","1,702,099","17,686"
"143","","その他のサービス業","16","","1千万円未満","20230","","2023年度","","777,864","68,454","6,218","18,681","5,443,213","169,583","288,622","2,576,914","1,756,491","18,681"
"143","","その他のサービス業","16","","1千万円未満","20240","","2024年度","","799,249","114,748","4,778","17,188","7,630,203","213,658","260,932","3,799,856","1,945,090","17,188"
"143","","その他のサービス業","23","","1億円以上","20150","","2015年度","","820,506","76,186","257,968","346,677","22,420,190","352,632","476,582","13,511,352","2,717,283","346,677"
"143","","その他のサービス業","23","","1億円以上","20160","","2016年度","","1,993,308","163,020","284,694","387,937","27,148,674","474,820","425,796","16,232,109","5,055,135","387,937"
"143","","その他のサービス業","23","","1億円以上","20170","","2017年度","","1,984,840","176,223","258,031","490,590","26,662,766","460,733","588,778","16,177,313","4,959,357","490,590"
"143","","その他のサービス業","23","","1億円以上","20180","","2018年度","","1,992,465","239,878","268,475","508,095","26,738,042","442,437","596,612","16,488,077","5,160,753","508,095"
"143","","その他のサービス業","23","","1億円以上","20190","","2019年度","","2,076,427","150,155","290,262","499,330","27,929,368","487,483","626,768","16,619,719","5,211,671","499,330"
"143","","その他のサービス業","23","","1億円以上","20200","","2020年度","","1,972,234","267,913","246,973","443,835","25,109,502","457,847","551,490","14,045,983","4,902,583","443,835"
"143","","その他のサービス業","23","","1億円以上","20210","","2021年度","","2,034,801","288,189","266,645","476,442","26,060,723","450,679","476,653","14,477,439","4,967,661","476,442"
"143","","その他のサービス業","23","","1億円以上","20220","","2022年度","","2,249,796","356,320","293,901","512,720","26,709,521","434,281","536,450","13,900,804","5,303,102","512,720"
"143","","その他のサービス業","23","","1億円以上","20230","","2023年度","","2,185,951","338,780","384,232","572,508","28,006,457","469,896","595,002","14,536,472","5,595,760","572,508"
"143","","その他のサービス業","23","","1億円以上","20240","","2024年度","","2,212,077","152,159","451,255","1,431,410","40,489,713","627,124","669,473","15,864,295","5,744,675","1,431,410"
"143","","その他のサービス業","22","","1億円未満","20150","","2015年度","","2,739,872","142,595","12,884","117,041","19,610,190","476,469","385,279","9,721,428","5,980,197","117,041"
"143","","その他のサービス業","22","","1億円未満","20160","","2016年度","","2,800,281","200,920","201,072","295,415","23,753,063","637,392","569,485","12,494,222","6,046,639","295,415"
"143","","その他のサービス業","22","","1億円未満","20170","","2017年度","","2,613,456","150,614","201,197","304,410","27,828,631","538,967","592,716","12,733,707","5,805,099","304,410"
"143","","その他のサービス業","22","","1億円未満","20180","","2018年度","","1,983,072","153,053","51,937","123,566","24,750,976","495,403","617,259","10,302,795","5,017,568","123,566"
"143","","その他のサービス業","22","","1億円未満","20190","","2019年度","","2,532,986","267,228","29,301","268,358","22,232,319","585,490","683,869","10,461,167","6,246,054","268,358"
"143","","その他のサービス業","22","","1億円未満","20200","","2020年度","","2,362,803","230,682","57,248","358,081","26,385,856","464,388","594,547","11,679,036","5,365,709","358,081"
"143","","その他のサービス業","22","","1億円未満","20210","","2021年度","","2,414,513","251,851","74,971","138,704","22,571,578","549,541","496,490","9,579,866","5,625,894","138,704"
"143","","その他のサービス業","22","","1億円未満","20220","","2022年度","","2,968,415","240,480","101,793","184,148","27,468,388","570,504","638,543","12,897,753","6,255,737","184,148"
"143","","その他のサービス業","22","","1億円未満","20230","","2023年度","","2,997,141","172,636","126,740","1,289,100","31,421,271","721,101","753,771","14,333,563","7,611,357","1,289,100"
"143","","その他のサービス業","22","","1億円未満","20240","","2024年度","","4,043,024","267,768","188,457","1,236,037","36,504,939","856,328","974,358","18,209,657","8,970,573","1,236,037"
"143","","その他のサービス業","20","","2千万円以上 - 5千万円未満","20150","","2015年度","","649,471","29,338","3,107","17,115","4,238,324","61,494","118,972","1,637,265","1,156,340","17,115"
"143","","その他のサービス業","20","","2千万円以上 - 5千万円未満","20160","","2016年度","","839,405","81,817","8,833","24,629","5,128,729","154,003","151,561","2,273,623","1,655,770","24,629"
"143","","その他のサービス業","20","","2千万円以上 - 5千万円未満","20170","","2017年度","","793,254","54,825","29,032","46,875","6,469,334","142,852","166,940","2,863,172","1,775,007","46,875"
"143","","その他のサービス業","20","","2千万円以上 - 5千万円未満","20180","","2018年度","","668,529","8,033","26,865","47,816","6,075,055","147,267","63,207","2,598,364","1,530,956","47,816"
"143","","その他のサービス業","20","","2千万円以上 - 5千万円未満","20190","","2019年度","","740,740","13,704","10,680","23,501","4,716,345","129,908","97,162","2,193,696","1,582,382","23,501"
"143","","その他のサービス業","20","","2千万円以上 - 5千万円未満","20200","","2020年度","","758,926","66,679","20,624","54,183","5,338,495","91,794","162,539","2,350,796","1,563,386","54,183"
"143","","その他のサービス業","20","","2千万円以上 - 5千万円未満","20210","","2021年度","","598,168","114,987","9,584","42,363","4,710,104","100,068","80,292","2,162,202","1,601,789","42,363"
"143","","その他のサービス業","20","","2千万円以上 - 5千万円未満","20220","","2022年度","","723,460","66,473","27,158","79,152","5,683,353","78,032","71,293","2,477,044","1,283,027","79,152"
"143","","その他のサービス業","20","","2千万円以上 - 5千万円未満","20230","","2023年度","","1,005,576","18,252","39,733","56,247","7,897,146","134,424","144,989","3,510,816","1,700,682","56,247"
"143","","その他のサービス業","20","","2千万円以上 - 5千万円未満","20240","","2024年度","","582,873","38,596","32,539","76,931","5,546,734","115,751","199,374","1,958,637","1,254,313","76,931"
"143","","その他のサービス業","17","","1千万円以上 - 2千万円未満","20150","","2015年度","","1,071,565","89,673","2,747","61,446","7,659,495","223,889","126,970","3,615,670","2,261,811","61,446"
"143","","その他のサービス業","17","","1千万円以上 - 2千万円未満","20160","","2016年度","","755,189","85,450","170,851","193,426","8,664,472","194,473","329,563","4,059,540","1,750,230","193,426"
"143","","その他のサービス業","17","","1千万円以上 - 2千万円未満","20170","","2017年度","","470,935","8,854","119,613","143,139","8,624,344","139,612","216,209","3,153,298","1,013,613","143,139"
"143","","その他のサービス業","17","","1千万円以上 - 2千万円未満","20180","","2018年度","","494,309","23,046","2,569","7,076","8,111,600","112,119","246,412","2,587,908","1,189,501","7,076"
"143","","その他のサービス業","17","","1千万円以上 - 2千万円未満","20190","","2019年度","","910,026","96,686","4,017","26,233","9,058,895","169,872","296,131","4,355,248","1,959,069","26,233"
"143","","その他のサービス業","17","","1千万円以上 - 2千万円未満","20200","","2020年度","","774,214","126,634","9,284","34,796","13,125,630","197,513","221,585","6,591,145","1,910,015","34,796"
"143","","その他のサービス業","17","","1千万円以上 - 2千万円未満","20210","","2021年度","","815,205","26,763","15,726","28,397","9,830,623","138,570","211,954","4,242,189","1,731,410","28,397"
"143","","その他のサービス業","17","","1千万円以上 - 2千万円未満","20220","","2022年度","","794,141","13,589","24,072","44,502","11,433,457","156,220","230,564","5,114,444","1,687,157","44,502"
"143","","その他のサービス業","17","","1千万円以上 - 2千万円未満","20230","","2023年度","","871,322","69,855","51,714","1,166,342","13,178,481","330,631","129,571","6,148,391","3,183,509","1,166,342"
"143","","その他のサービス業","17","","1千万円以上 - 2千万円未満","20240","","2024年度","","2,082,408","89,402","107,758","1,071,303","15,840,584","385,688","394,528","8,148,994","4,463,587","1,071,303"
